:020000040000FA
:10000000A81D022059180100210E02004518010008
:100010004518010045180100451801004518010068
:10002000000000000000000000000000D1190100E5
:100030004518010000000000551901004518010095
:100040005D1B01005D1B01005D1B01005D1B0100CC
:100050005D1B01005D1B01005D1B01005D1B0100BC
:100060005D1B01005D1B01005D1B01005D1B0100AC
:100070005D1B01005D1B01005D1B01005D1B01009C
:100080005D1B01005D1B01005D1B01005D1B01008C
:100090005D1B01005D1B01005D1B01005D1B01007C
:1000A0005D1B01005D1B01005D1B01005D1B01006C
:1000B0005D1B01005D1B01005D1B01005D1B01005C
:1000C0005D1B01005D1B01005D1B01005D1B01004C
:1000D0005D1B01005D1B01005D1B01005D1B01003C
:1000E0005D1B01005D1B01005D1B01005D1B01002C
:1000F0005D1B01005D1B01005D1B01005D1B01001C
:100100005D1B01005D1B01005D1B01005D1B01000B
:100110005D1B01005D1B01005D1B01005D1B0100FB
:100120005D1B01005D1B01005D1B01005D1B0100EB
:100130005D1B01005D1B01005D1B01005D1B0100DB
:100140005D1B01005D1B01005D1B01005D1B0100CB
:100150005D1B01005D1B01005D1B01005D1B0100BB
:100160005D1B01005D1B01005D1B01005D1B0100AB
:100170005D1B01005D1B01005D1B01005D1B01009B
:100180005D1B01005D1B01005D1B01005D1B01008B
:100190005D1B01005D1B01005D1B01005D1B01007B
:1001A0005D1B01005D1B01005D1B01005D1B01006B
:1001B0005D1B01005D1B01005D1B01005D1B01005B
:1001C0005D1B01005D1B01005D1B01005D1B01004B
:1001D0005D1B01005D1B01005D1B01005D1B01003B
:1001E0005D1B01005D1B01005D1B01005D1B01002B
:1001F0005D1B01005D1B01005D1B01005D1B01001B
:100200005D1B01005D1B01005D1B01005D1B01000A
:100210005D1B01005D1B01005D1B01005D1B0100FA
:100220005D1B01005D1B01005D1B01005D1B0100EA
:100230005D1B01005D1B01005D1B01005D1B0100DA
:100240005D1B01005D1B01005D1B01005D1B0100CA
:100250005D1B0100033A02005D1B01005D1B0100F4
:100260005D1B01005D1B0100E53902005D1B010003
:100270005D1B01005D1B01005D1B01005D1B01009A
:100280005D1B01005D1B01005D1B01005D1B01008A
:100290005D1B01005D1B01005D1B01005D1B01007A
:1002A0005D1B01005D1B01005D1B01005D1B01006A
:1002B0005D1B01005D1B01005D1B01005D1B01005A
:1002C0005D1B01005D1B01005D1B01005D1B01004A
:1002D0005D1B01005D1B01005D1B01005D1B01003A
:1002E0005D1B01005D1B01005D1B01005D1B01002A
:1002F0005D1B01005D1B01005D1B01005D1B01001A
:100300005D1B01005D1B01005D1B01005D1B010009
:100310005D1B01005D1B01005D1B01005D1B0100F9
:100320005D1B01005D1B01005D1B01005D1B0100E9
:100330005D1B01005D1B01005D1B01005D1B0100D9
:100340005D1B01005D1B01005D1B01005D1B0100C9
:100350005D1B01005D1B01005D1B01005D1B0100B9
:100360005D1B01005D1B01005D1B01005D1B0100A9
:100370005D1B01005D1B01005D1B01005D1B010099
:100380005D1B01005D1B01005D1B01005D1B010089
:100390005D1B01005D1B01005D1B01005D1B010079
:1003A0005D1B01005D1B01005D1B01005D1B010069
:1003B0005D1B01005D1B01005D1B01005D1B010059
:1003C0005D1B01005D1B01005D1B01005D1B010049
:1003D0005D1B0100C73902005D1B01005D1B0100B0
:1003E0005D1B01005D1B01005D1B01005D1B010029
:1003F0005D1B01005D1B01005D1B01005D1B010019
:100400005D1B01005D1B01005D1B01005D1B010008
:100410005D1B01005D1B01005D1B01005D1B0100F8
:100420005D1B01005D1B01005D1B01005D1B0100E8
:100430005D1B01005D1B01005D1B01005D1B0100D8
:100440005D1B01005D1B01005D1B01005D1B0100C8
:100450005D1B01005D1B01005D1B01005D1B0100B8
:100460005D1B01005D1B01005D1B01005D1B0100A8
:0C0470005D1B01005D1B01005D1B010015
:10048000064A074B02604FF422725B788280082292
:10049000C371002382710372704700BF2FC6000032
:1004A000F80B0020064A074B02604FF49C725B7AFF
:1004B00082800822C371FF2382710372704700BFDC
:1004C00053C10000F80B0020F8B5C41D00280546F4
:1004D00024F007040CBF0020204600F08BFA071E12
:1004E00002DA6FF00B00F8BD254EB1887088033139
:1004F000F3790330B27989B280B209F098FD00280F
:10050000EFDB3C4473783178002D04F10304194487
:1005100024F0030400FB01F10CBF0020204600F092
:10052000EDFB23180DB9002BDBDB717A184679B18E
:100530000333002D728923F003040CBF00202046F2
:1005400000F04EFC0028CCDB20440DB90028C8DBAD
:10055000317A91B1737A83B1C41D002D24F0070460
:100560000CBF0020204602F0C1FF0028B9DB0DB10E
:100570000020B8E72018B6D5B3E7002DF8D1B2E7D0
:10058000F80B00201FB572B6194BDC68ECB9BFF34D
:100590004F8F1849184BCA6802F4E0621343CB60CE
:1005A000BFF34F8F00BFFDE7B2FBF6F22B465D1C99
:1005B000002AF9D1DBB203F110056D4405F80C2CCB
:1005C0000A2233B901A8A047E1E7024600230A2620
:1005D000EDE7013BDBB203F110050DEB0506B0FBC7
:1005E000F2F502FB1500303006F80C0C2846E8E75F
:1005F000F80B002000ED00E00400FA050A4B07B5F7
:10060000DA886846ADF800209A885B88ADF8042047
:10061000ADF8023001F02AFD18B1FC219C20FFF753
:10062000B1FF03B05DF804FBF80B002010B50446E1
:1006300028B308F0FDFB10B94FF0FF3010BD06F0F5
:1006400035FFB0F5FA7FF7D80E4B00221A744FF43D
:100650008072DC601A801B225A809A8040F203224A
:10066000DA804FF484721A811F225A81EFF31084CA
:1006700072B600F011FC04B962B60020DEE76FF03C
:100680001500DBE7F80B002010B5002840D1234C03
:10069000237C032B39D059B1002A3CD002390529DB
:1006A00036D8DFE801F0031227352A2D137863705E
:1006B0000020FFF709FF0028B7BF012302236FF0D6
:1006C0000B002374A8BF237410BD13791BB3537997
:1006D0000BB31188FB291ED853881B3B9BB2E02B20
:1006E00019D81A2917D913689288C4F802300C4B0C
:1006F0009A80DDE713786372DAE713886381D7E7BE
:100700001388FF2B07D82372D2E74FF0FF30DBE7C7
:100710006FF02C00D8E76FF01500D5E7F80B00203C
:10072000FA0B0020F8B50D46064620B319B311F0B8
:10073000070420D1114F3B7C012B02D16FF00B003D
:10074000F8BD032B02D14FF0FF30F9E700F06EF84F
:100750000028F8D02846FFF7B7FE0028EEDB0BF0A4
:10076000C3FF3046214601F003FDFFF747FF032397
:1007700020463B74E4E76FF01500E1E7F80B00203A
:1007800010B5064C237C032B03D101F007FD02F0CA
:100790001BF909F04EFD0020207410BDF80B00205D
:1007A00050B1074B03F1140253F8041B934240F875
:1007B000041BF9D1002070476FF01500704700BF8F
:1007C0005B9C020008B5054B1B7C032B03D001F09A
:1007D000F3F9002008BD4FF0FF30FBE7F80B0020D5
:1007E00008B501F091FC03490120BDE8084000F084
:1007F000F9B800BFA504000008B501F099FC034951
:100800000020BDE8084000F0EDB800BF8104000002
:1008100002680020014B1A60704700BF0C0C0020DA
:10082000014B1B68184700BF0C0C0020024B1868D6
:10083000003818BF012070470C0C0020074B4FF008
:10084000FF3141F6FF72C3E9001205490022C1E9F8
:1008500000221F21C3E90212704700BF6000002080
:10086000100C00203F280CD801380B4BC0F342126B
:1008700000F01F0053F8223023FA00F000F00100CE
:100880007047FF2806D04038044BC0F3421200F0F6
:100890001F00EFE70120704760000020100C0020CF
:1008A000074B0146006849681A4603C240F48C228F
:1008B00000201A6041F0107242F4FF625A607047E3
:1008C000600000200246034B0068516803C300200B
:1008D000704700BF100C00200246034B00685168AF
:1008E00003C30020704700BF68000020431E382863
:1008F000DBB21FBF064A590903F01F0302EB810256
:100900001DBF9068D84000F001000020704700BF74
:10091000600000200A8870B595B2C67CC2F30E0252
:100920000488023602F118033444C35AA4B2334493
:100930002344013BB3FBF4F303FB0422438892B24C
:100940009342044B8BBF2B40AB4313439BB20B80B2
:1009500070BD00BF0080FFFF4A1E062A08B503468F
:10096000084604D84FF4D1711520FFF70BFE094A51
:10097000914202D940F2A311F6E711B903B119600F
:1009800008BD2BB11B680022C3E901211A1D1A60A2
:100990000430F5E7FAFFFF7F10B5114B00EB41047F
:1009A0001A786389B3FBF2F303FB0223013A1A447A
:1009B000B2F5706F0279807828BF00231A440B18B3
:1009C000B2FBF0F100FB11215B1AB3FBF0F100FB6D
:1009D000113313446FEA43436FEA5343638110BDFD
:1009E000180C0020024B03EB80035960704700BFD6
:1009F000180C00202DE9F04F10F0070A85B00546CD
:100A000004D040F26F111720FFF7BCFD524F04468F
:100A100007F10C06B146B04657F8043B8DF80BA021
:100A20003BB101A898479DF80A30082B01D9F52160
:100A3000E9E79DF80B1041BB05B131604F4506F168
:100A40000406E9D1002D6FD00022DFF810910227B3
:100A5000964689F8002058F827A0013FBAF1000F08
:100A600055D09AF804609AF802C0FF2E60D039463B
:100A70000023481C38D19C44BCF1FF0F3FD90AB178
:100A800089F800E04FF49A71BDE79DF80AC04B1D4C
:100A900060465A0004EB4303022838BF0220441E7C
:100AA00040422344BDF808406444CCF1000C0340AC
:100AB000013C04EA0C04B4F5803F02D340F2051176
:100AC000A1E775B19A1A0120326091701480D0703C
:100AD0009DF80C00107101984FEA104C1081A2F89B
:100AE00006C004FB0134A9E758F8210028B190F8AA
:100AF00004B0B34504BF80781B180139B9E7DBB2F5
:100B0000E6458AF804303CBF5FFA8CFE01227B1C6C
:100B1000A1D10AB189F800E0022640F6FF6A58F830
:100B20002670B7B9013EFAD2601B05B0BDE8F08F60
:100B30000023E5E707EB410309F101093846A3F873
:100B40000AA0FFF729FF5FFA89F1BB788B42F1D841
:100B5000E8E74FF00009F6E71C0C0020180C002015
:100B600038B54FF6FF7302460380184B03EB810341
:100B70001869A8B184780379B3FBF4F104FB11334D
:100B8000DBB2194600EB4105B5F90A50002D0EDB2A
:100B90000131B1FBF4F504FB1511C9B28B42F1D15F
:100BA000002038BD6381BDE8384009F01CBA00EB75
:100BB00041046389C3F30E031380C278002AF1D184
:100BC0004FF4E5711720FFF7DDFC00BF180C002083
:100BD0001C4B03EB810370B51C69054644B3030449
:100BE00004D54FF4EC711720FFF7CCFC01462046EA
:100BF00009F0DCF9FF28014604D02046BDE870402A
:100C000009F0F1B9A078B5FBF0F300FB1353DBB2A8
:100C100019460A1D04EB4206B6F90260002E09DBF4
:100C20000131B1FBF0F200FB1211C9B28B42F0D1DD
:100C3000002070BD8B4201D00023E37004EB420220
:100C40005580DAE7180C0020094B03EB81030146BD
:100C500010B51C69204609F0A9F9FF28014604D007
:100C60002046BDE8104009F0BEB9002010BD00BF0D
:100C7000180C0020F8B5104B074603EB8103014622
:100C80001C69204609F092F9FF28054611D0E28838
:100C9000238953EA024606D00146204609F0A3F90B
:100CA00001463846B04720462946FFF775FE00202A
:100CB000F8BD0520FCE700BF180C002038B50E4B2E
:100CC0000446827903EB8203186908B9052038BD10
:100CD0008278E1799142F9D24B1CE37100EB410338
:100CE0005D89B3F90A30002BF3DBA58009F07BF9AD
:100CF00020600020EBE700BF180C002070B5044610
:100D000010F003000E4603D04E211820FFF73AFCE6
:100D1000FFF722FE054624B1034831460460FFF781
:100D20001BFE284670BD00BF340C00202DE9F14F9A
:100D3000DFF870B01E4607460D46DBF800309046DF
:100D40009DF828A09DF82C901BB960211820FFF772
:100D500019FC52460921404608F0B0FF4A4684B2C9
:100D60000921304608F0AAFF81B2DBF800002144D7
:100D700009F0F0F8386018B9286001B0BDE8F08FCC
:100D800004445346414609222C60386808F059FF54
:100D90004B4609223146286801B0BDE8F04F08F003
:100DA00050BF00BF340C002070B50E46044608F05A
:100DB00098FF0546304608F094FF044B2A18214658
:100DC0001868BDE8704009F0EAB800BF340C002094
:100DD000024B186808B109F0B1B87047340C002014
:100DE0001F2AF8B5044624D89200134D033250B19F
:100DF000830703D068210920FFF7C4FB22F0030317
:100E0000297068602B8122F0030228230127120435
:100E100003FB01F06B680025120CEEB2B14200D862
:100E2000F8BD14B126181F705E60104401352833D8
:100E3000F3E74FF0FF30F3E7380C0020154A0021AC
:100E400070B553681578C8B2854203D8BA21092015
:100E5000FFF798FB1C461846013114F8286B0EB9B1
:100E60002346F0E70021997001241289996103F16A
:100E700026055C709208D96103F11E04596824F8B4
:100E8000022FAC4243F8041F1144F8D10023436100
:100E9000037070BD380C0020114B01224FF0FF3061
:100EA00000215A60C3F80803C3F80015C3F80425ED
:100EB0005A6040F6FE72C3F808034020C3F80015DC
:100EC00003F570330749C3F80825C1F88800BFF35C
:100ED0004F8FBFF36F8FC1F88801C3F808257047A3
:100EE0000060045000E100E00A460648192302F8B9
:100EF000033BC368C1F803300369536043699360DF
:100F0000704700BF440C0020024B5A8C02435A84A5
:100F10005B6A1847440C0020014B00215B6A1847AC
:100F2000440C002010B5154C05F0C2F805F038FD52
:100F3000208DFFF7F1FF237E63B12246104904F1B3
:100F4000190052F80C3BE36063685360A368936038
:100F50000AF061FA0B4B228D93E8030002F0FAFAD3
:100F6000236B188802F078FAA36B94F8341094F885
:100F700035009847002384F83C3010BD440C002015
:100F8000E90E0000700C0020034B93F83C300BB1CD
:100F9000FFF7C8BF704700BF440C002070B51B4C62
:100FA0000646236D256B23644FF4817394F8540037
:100FB000A4F8443095F88B3095F8691000EB830065
:100FC0002EB9FF2803D195F868308B4201D004F088
:100FD00043FF95F88B309BB1A06D05F023F9A16D0F
:100FE000206C05F063FC16B9304605F069F995F8F8
:100FF0006810002005F0ACF9022384F83C3070BD85
:10100000206C05F00FF905F0CBFCECE7440C002058
:10101000F0B590F869000B46124A87B0012801F13B
:10102000780103F1880392F8542051E9026706D051
:10103000022814D040F22C410620FFF7A3FA032423
:1010400001200025CDE90003CDE90450CDE90224BB
:101050003B463246022005F05FFB07B0F0BD04249A
:10106000EEE700BF440C002008B5094B93F83C2084
:10107000022A04D040F2E6212720FFF783FADA7A29
:1010800042F00102DA72BDE80840FFF74BBF00BF33
:10109000440C0020F7B5184C0646E56D0DB1A36C65
:1010A00023B940F2E7712720FFF76CFAB4F84C300F
:1010B00001F003012F466B702B7823F003030B43E1
:1010C00007F8033B3846B4F84C20A16C08F008F848
:1010D0000DF1020201A9206E2564A76408F024FF27
:1010E000019808F00FFF0122B4F84C103060206E18
:1010F00008F0B7FE03B0F0BD440C00202DE9F0412C
:101100002A4C06460F4694F83C30012B5FFA83F8D0
:1011100004D040F62F012720FFF734FA256B95F80D
:101120007C303BB10021042085F87C10FFF7ECFEF9
:1011300085F87D8095F88030042B0AD11C49022067
:10114000FFF7E2FEE36E1B78991E4B424B4184F899
:10115000743095F88B3023B105F17801206BFFF7DF
:1011600057FF1EB1BDE8F041FFF7DCBE002FF9D0FC
:10117000A36F304698470028F4D094F83430002B01
:10118000F0D1638C9A0708D594F87430002BE9D01D
:101190000020BDE8F041FFF701BF002BE2D194F839
:1011A0007C30002BF4D194F87D30EFE7440C002024
:1011B000B00C00202DE9F04F00238FB0B34C074650
:1011C0000791256BCDE90B3394F83C30022B04D00A
:1011D0004FF40C612720FFF7D5F9236C5A781E785D
:1011E000A4F84C20032206F003081344A4F844207A
:1011F000A36495F88B30002800F0DD80C6F3C009A9
:10120000C3B105F0EBFB831EDBB2012B04D8FFF763
:1012100089FE0FB0BDE8F08F60B9B4F84C304BB127
:1012200095F8823003F001034B4503D1012384F884
:101230003530ECE7B4F84C1019B1206E08F0F1FD30
:10124000014695F88120238D0132E16543F4007356
:10125000D2B2238582EA960A1AF0010A1FD00697B5
:1012600095F8822002F00103994558D04FF000090B
:1012700095F88A30002B00F0C08095F8683005F1B1
:10128000F00C05F5807E012BD5E9380100F0A48033
:10129000022B00F0018140F22C4106209BE795F8DB
:1012A000803053B3013B85F88120DBB2042B0ED88C
:1012B000774AD35C002BD2D0022B0BD10BA9D4F8E8
:1012C000840008F057FD88B940F2F76182E740F2E8
:1012D000D6617FE7032B10D101F016F810B940F268
:1012E000017177E751460820FFF70EFED5E9383245
:1012F000013342F10002C5E93832002195F87D3012
:1013000085F8801023B1102085F87D10FFF7FCFDD3
:10131000238D43F40063238500230693A0E7B4F8EC
:101320004C30E3B108F1FF31012918D8218D41F487
:101330008051218594F88810994206D294F834306F
:1013400043F0100384F8343090E7E16D00298DD02C
:1013500094F8891019B12020FFF7DEFD86E70132ED
:10136000B8F1030F85F882201AD008F1FF32012A64
:101370000BD8002B3FF47AAFB946D5E93A320133A6
:1013800042F10002C5E93A3272E7002B3FF46EAF3A
:10139000D5E93A32013342F10002C5E93A3265E754
:1013A000238D01203B4943F4805385F87C0023853D
:1013B000FFF7AAFDECE70BB105F02AFB94F88A30A1
:1013C0004FF000090133CDF8189084F88A30238D4E
:1013D00043F4806323854BE7032200234FF0010A87
:1013E0000392FB220093CDE9043ACDE901E20B46DA
:1013F00002466146042005F08FF9E36D002B4DD1C4
:10140000B4F84C30B3FA83F35B0903EA161384F89B
:101410007D30079B002B43D1628C94F88A301107F2
:1014200003D594F87420002A3AD1012B38D8A36F41
:1014300001209847A0B394F834608EBBD4F830A054
:1014400094F854309AF88B209AF8681003EB8203D2
:10145000FF2B03D19AF869308B4202D0FF2004F0B1
:10146000FBFC0022D4F830B08DF82920ADF82A20FA
:101470009BF88020052A00F24081DFE812F0680026
:101480001C011F011F013101310100BF440C00206C
:101490007C6D02008C0C002004229EE70123B4E73F
:1014A00004F060FFB9F1000F4CD101230793A04C69
:1014B000238D5A0606D44020FFF72EFD238D43F0DE
:1014C00040032385069B6BB1B4F80720B4F80530C0
:1014D0001343B5F87E2013431EBFB4F8093001331F
:1014E000A4F80930002F00F01C81B4F80530013356
:1014F000A4F80530002384F88A308E4801F09AFF62
:101500000B9830B108F0FEFC00220272294601F06F
:1015100063FB0C9B33B100221A720C2229460C98F3
:1015200001F028FB079B002B7FF471AE238D1B0677
:101530003FF56FAE8020FFF7EFFC238D43F0800373
:10154000238566E641460CA8FFF7A4FDADE794F8B5
:101550008B200DF12A010DA8ABF85820ADF82A20F8
:1015600000F0C4FE38B10D9828B104228BF8802019
:10157000BDF82A2016E09BF8C320002A40F0958091
:101580000DF129020DF12A01D4F8840008F0D0FBF6
:10159000002800F08A80BDF82A20002A76D1012197
:1015A0008BF880106066A4F87020002A00F0A880F4
:1015B00003309BF88130E06608939BF882309BF8FB
:1015C00080B00993BBF1020F09D0ABF10402012AEC
:1015D00000F2988003784FF0030B022B0ED0D4F862
:1015E000840008F0FDFB002840F08F80BBF1030F62
:1015F00004D000F095FE80F00106F6B2616E089A04
:101600000B78D000099A03F0F30300F008000343BD
:10161000900000F00400034323F0100343EA061394
:1016200006F0010623F0030384F87C60404E4BEA89
:1016300003020A700222B4F870304B70A4F86820DC
:101640009AF88A20002A62D0002B60D0A06D04F0A6
:10165000E9FD0022A16D606E04F082FF18B9616E91
:10166000A06D05F0C1F89AF86910012004F070FE31
:10167000012386F88C3086F83C30B9F1000F3FF436
:1016800016AF41460CA8FFF705FD10E79DF829109D
:1016900019B903220180817068E7017801F0030124
:1016A00001290CBF032102217AE70022ADF82A208C
:1016B00001228BF880202048002273E7BBF85820D5
:1016C0000DF12A01D4F88400ADF82A200DF1290289
:1016D00008F02EFB00287FF44BAF40F20D5179E566
:1016E0000DF12A010DA800F001FE08B10D9810B906
:1016F00040F21C516EE5052238E740F2265169E5BB
:10170000104656E74FF0010B69E7012676E7706E49
:1017100004F088FD05F044F90021706E0BF00CF820
:10172000A1E7B4F807300133A4F80730E5E600BFBD
:10173000440C0020700C0020C20C0020064B10B599
:1017400093F83C2002F0FF0422B91C7601F0FAFE67
:10175000204610BD0C24FBE7440C0020094B0A4A2C
:1017600010B51A60FFF7EAFF20B14FF4A4712720EB
:10177000FEF708FF054C00F021FD206500F022FD7A
:10178000A06510BD341500206C190000440C002029
:10179000F7B56A4C089FCDE9000194F83C1001F0C0
:1017A000FF0511B90AB103B127B94FF40871272019
:1017B000FEF7E8FE04F12C0CA36784F834509DF882
:1017C000243084F88A5084F8355084F88C5065842D
:1017D000258584F87C5084F87D5084F874506566C3
:1017E000E566A4F870502564A564A4F84C5084F80C
:1017F00089306262A763DDE900018CE80300256B94
:1018000004F056FB05F0CCF895F9700004F0AEFB3F
:101810006E6AE86904F0B0FB304604F0F5FC95F818
:101820009B0004F0B3FB0AF0AFF995F8692000F1D2
:101830006501012004F028FC414B186804F0EAFC23
:101840002B69C4F884306B692366236B93F8852079
:1018500093F86860A2F12901012903D993F8861051
:10186000292951D193F85E322BB1012E03D0012BDF
:101870000CBF0126022605F130073146384609F033
:101880005AFE314609F054FBAB8F95F8691083423C
:1018900028BF0346384684F88B3009F035FE95F8AA
:1018A0008B7095F86910B5F8446009F041FB0FB9E9
:1018B000043080B2864228BF0646F3B284F88830EE
:1018C00084F8543095F88B3023B105F1780128461F
:1018D000FFF79EFB0120FFF761FB236BD3F8B001FC
:1018E00004F0BCFC002323606360A360B5F87E3085
:1018F00063802B88238095F89B302371EB6E0BB1AE
:1019000001221A6003B0F0BD243A012A0DD827291C
:101910000DD093F8263113F0010202D19B07AAD50E
:101920000222012E18BF1646A5E72729A3D193F856
:10193000262193F861301340EDE700BF440C0020EE
:1019400034150020014B93F88C007047440C0020A4
:10195000024B93F82900C0F3C0007047440C0020EC
:10196000014B93F88A007047440C00206910000076
:10197000B5110000FD100000890F0000304BF0B5DC
:101980005A8885B0B0F85C700C46B0F85A6097423F
:101990009D8828BF1746964228BF16461B2E2ED07C
:1019A000B5F5A47F2DD040F6480301A99D4228BF7C
:1019B0001D4608F06FFCBDF80A30BB4228BF3B460D
:1019C000E380BDF80C30AB4228BF2B462381BDF825
:1019D0000630B34228BF33466380BDF80830AB42BF
:1019E00028BF2B46A380FF232370E3881B3B9BB2B9
:1019F000E02B08D940F2E7613920FEF7C3FD1B2F29
:101A0000CED105B0F0BD63881B3B9BB2E02B02D961
:101A100040F2E961F0E72389A3F5A4739BB2B3F523
:101A2000E06F02D940F2EB61E6E7A388A3F5A47367
:101A30009BB2B3F5E06FE4D940F2ED61DCE700BFA3
:101A4000D40C002010B501210020FFF7FDF804465A
:101A500070B90121FFF7BCF8044620B94FF4597161
:101A60003920FEF78FFD034B93F906100AF043FB74
:101A7000204610BDD40C0020024B987DC04300F0DE
:101A800001007047FC100020044B987DC0F340001B
:101A900080F0010000F00100704700BFFC10002042
:101AA00008B509F0D7F900F07DFD00F0ABFB09F0B7
:101AB0008AFC01F02DFD03F0CBFE0022084B1B2118
:101AC0004FF4A4701A60074B98801A80598006481A
:101AD000064B186099805A745A829A829A7508BD8A
:101AE00038150020D40C002003021B00FC1000203D
:101AF000044B41F64C52C3E902221B221A74FFF731
:101B0000CFBF00BFFC10002073B5234D0446AB6867
:101B10000363224B83610AF07FF9064600F062FB03
:101B20008306297C53BF1B236B88AA881A46A4F816
:101B30005A301B4BA4F85C201B6884F83810668769
:101B40001BB194F9701020889847164E20463146F4
:101B500009F0FDF901236A8804F110006978E38532
:101B60000332AB88019192B216F8121C0333009134
:101B70009BB204F11401FFF7D9F8236923B940F2AD
:101B8000BE613920FEF7FEFC636913B940F2BF6104
:101B9000F7E7002002B070BDFC10002000093D00F6
:101BA0003C1500200E110020024B1B6803B11847A2
:101BB0000C2070473815002008B503F013FE08F01C
:101BC0005EFB014B987108BDD40C0020034B5A8872
:101BD00002801B7883700020704700BFFC1000203B
:101BE00037B5837805461A2B08D8042B04D9144A34
:101BF00022FA03F3DB0705D412241AE0292B01D0C3
:101C00003B2BF9D12888B0F5706FF5D2694609F001
:101C1000C8F988B9019B93F8182102F0FF046AB94A
:101C2000AA7883F81921FF2283F81821684608F062
:101C30006AFC204603B030BD0224FAE70C24F8E722
:101C4000200038040188A1F11B039BB2E02B0CD8C3
:101C5000428844F24810A2F5A4739BB2834204D890
:101C6000034B002059809A8070471220704700BFB4
:101C7000D40C0020034B5A889B88028043800020AC
:101C8000704700BFD40C002038B50278447802F0C9
:101C9000010302F0020254EA030101D1112038BD10
:101CA000BAB98578002DF9D0002B18BF002400E0C8
:101CB0001D46204608F0C1FA0028EFD0284608F05B
:101CC000BCFA0028EAD0054B00209C74DD74988291
:101CD000E5E7002BECD000242546EAE7FC100020C5
:101CE00013B50088694609F078F9044620B90198CF
:101CF00090F82A311BB13A24204602B010BD90F86A
:101D0000CE3003F0FF04002BF5D190F8C5309B07CF
:101D100006D1FF2380F82A31684608F0F4FBEBE790
:101D20000249C63009F077FBE6E700BFDFBA0000E2
:101D3000F7B5077805460C46EF2F0FD890F901202C
:101D40004378002A0ADB8278900707D113F010004D
:101D50001DD1990603F0030202D51AB1122442E004
:101D6000032AFBD01E07F9D42979EA78EE7942EAF2
:101D70000122697942EA0142A97941EA06212E7AD3
:101D800041EA06418A42E9D81F2A0FD8E6E713F054
:101D9000600FE3D103F00702052A05D003F00F011D
:101DA0000D22CA40D107D9D51A07DDD56A7A013A82
:101DB000062AD3D8AA7A032AD0D813F0040102D174
:101DC000023A012A03D8EA7A012AC7D811B9AA7CB3
:101DD000032AC3D82A7D48B1012ABFD12A7E012A0D
:101DE000BCD830B91124204603B0F0BD022AF5D189
:101DF000B4E7DB0712D46B782A7D03F01803082BB5
:101E000011D1022AEED101213846FEF71DFF064608
:101E100078B10AF024F9B8B10C24E4E700F0A2F993
:101E20000028E8D1DEE7022AEDD02B7F002BEAD094
:101E3000D8E701213846FEF7CBFE064640B3154BE6
:101E400093F906100AF057F930460AF044FA294689
:101E50002070E87430460AF094F9EB7E0446002BBB
:101E6000C1D00028BFD10246B16A684608F0F6F832
:101E70002246B06A012108F03CF9B16A68460422A2
:101E800008F0ECF822462146B06A08F032F9AAE7D9
:101E90000724A8E7D40C002030B502798BB00346A4
:101EA000042A4FD84088B0F5804F4BD826490024EB
:101EB0008D5C1144ADF800404A798DF8084042F03D
:101EC00010028DF8244042EA45028D7AC97B42EA2D
:101ED000850242EAC102694602F01F028DF8002025
:101EE000BDF80020ADF809201A888DF80E00000A10
:101EF0008DF80B20120A8DF80D408DF80C208DF80E
:101F00000F008DF810405A7BD3F807008DF8112090
:101F10005A79059002A88DF812209A798DF813202D
:101F2000B3F80B209B7BADF818208DF81A307F2377
:101F30008DF81B304FF00113CDE90734FFF7F8FEA1
:101F40000BB030BD1220FBE7816D0200F7B50646ED
:101F5000FFF778FD04460AF0C9F933780546012BEE
:101F600061D120460AF0FAF800287BD020460AF01A
:101F7000BDF918B115B9122003B0F0BD20460AF022
:101F80006EF808B10C20F7E720460AF0A5F80746DE
:101F90000028F7D1204602F079FB0028EBD0ED01B4
:101FA00042F2107339462046ADB25D430AF08AF919
:101FB00020460AF093F9014658B92A46204601F016
:101FC000C9FD08B90020D7E741F66D413920FEF779
:101FD000D9FA39460DF10600FEF7C2FD064608B9EA
:101FE0000D20C9E7394609F007F8BDF8063031463B
:101FF000204633800AF07EF901213046FFF784FD48
:102000002A463146204601F0A5FD024610B141F6B0
:102010009041DBE7144B9B68002BD3D006F58D7104
:1020200030469847CEE7002BA5D120460AF096F817
:10203000C0B120460AF013F80028C3D0204609F0AA
:10204000BBFE0546204609F0BAFE0146002899D19C
:10205000002DB7D02888FEF70DFE0028B2D041F63B
:10206000B241B3E7422087E7D40C00200278034650
:1020700072B1427862B142881A2A09D982881A2A32
:1020800006D90068034A106000209B88938070473F
:1020900012207047FC10002002680020014B9A605B
:1020A000704700BFFC1000200378A3F10A02112A38
:1020B0009BBF024A0020122013747047FC100020BE
:1020C00008B5052000F082F803F06EFB014B024AD0
:1020D0009A6008BDD40C00207D19000008B50122CB
:1020E000084B1A7002F0C2FA0AF0BBFA08F0B0FE10
:1020F000FFF734FB002007F07EFFBDE8084000F04A
:1021000073BC00BFE00C002010B5064C0649201D32
:1021100008F068FC04F108000449BDE8104008F02C
:1021200061BC00BFE00C0020A8000020B00000202F
:1021300010B5084C0849201D08F054FC04F10800B3
:10214000064908F04FFC04F10C000549BDE81040B9
:1021500008F048BCE00C0020B8000020C0000020BF
:10216000C8000020014B1878704700BFE00C002029
:1021700010B5064C00F014FC606808F02BFCFFF76B
:10218000B7FC00F0EFFD0123237410BDE00C00202C
:10219000014B187C704700BFE00C002010B5064CC6
:1021A000A06808F017FCE06808F014FCFFF778FC62
:1021B0000023237410BD00BFE00C002000487047CE
:1021C000F10C002000487047F30D0020C2080449BC
:1021D00000F0070001238340885C03438B54704761
:1021E00070000020014BD3E900017047700000200F
:1021F000034B1868C0F30020400040F00100704716
:102200007000002008B505F051F90023074A32F8A4
:102210002310814205D302EB83029378044A1370A2
:1022200008BD01330C2BF2D10023F7E7966D0200B5
:10223000F50E002010B54468238884F86711A4F8CF
:10224000683194F86830012B06D0022B04D040F29C
:1022500011310620FEF796F984F86A3194F8693056
:10226000012B01D0022BF2D184F86B3104F5AF7051
:10227000034909F0D0F8002384F8243110BD00BFD1
:1022800071AA000040680749038800F25110A0F8C5
:10229000093010F8F13CC37210F8F03C037309F0F8
:1022A000B4B800BF87AA0000024B002283F82220A6
:1022B0009A847047F60E0020044B93F82220012ADE
:1022C0001ABF036001200020704700BFF60E0020F7
:1022D000054B024693F8221001291BBF01209A8466
:1022E000002083F822007047F60E0020054B0246BE
:1022F00093F8220020B1136009B19B8C0B80012060
:10230000704700BFF60E0020044B002293F8220015
:102310009A8410B1012083F822207047F60E002025
:10232000034B93F82200B0FA80F04009704700BFD9
:10233000F60E002050B90A4A0120134603F8010B9B
:102340000868C2F801008A889A807047012805D180
:10235000034B0A68D8719A608A889A81704700BFD7
:102360001C0F002050B90B4B187888B1D3F801200E
:10237000B3F805300A6001208B807047012806D130
:10238000044BD87920B19A689B890A60F3E7002052
:10239000704700BF1C0F002010B9044B187870471D
:1023A000012806BF014BD879002070471C0F002080
:1023B000F7B58A8800238DF80600ADF80420086878
:1023C0000B4A8DF807300146147802F5A872019D7A
:1023D000D8B2844201D8082007E052F8087F0133C0
:1023E0005668AE4208BF8F42F2D103B0F0BD00BFC5
:1023F000300F0020084B0146002230B55C7803F214
:102400000113D0B2844201D8082004E013F8015F20
:1024100001328D42F5D130BD300F0020F0B5254D91
:1024200089B095F8984105F299116846224606F060
:1024300057FE2146684608F02CFD0446B8B300EB71
:10244000400102A8C9B2FEF7EBF9631E95F8A1613D
:102450000124DBB295F8981105E0721CB2FBF1F093
:1024600001FB1022D6B206F120020DEB020010F89B
:10247000202C002AF1D103EB430100F8204C06EB9D
:10248000460220312A44694411F8187C82F8A2716E
:1024900011F8177C11F8161C82F8A37182F8A411A8
:1024A000013BAA19DBB282F89941FF2BD2D109B0C6
:1024B000F0BD00BF300F002070B5064688B00C4656
:1024C000002A4ED0294A92F8A131D01890F89911DB
:1024D00019B9FF212820FEF755F803EB430101331A
:1024E000114491F8A251E57091F8A35191F8A4110B
:1024F00025716171002180F8991192F89811B3FB50
:10250000F1F001FB103382F8A13192F8C23123B906
:10251000174902F5DD7008F07BFF65790D22002177
:10252000684605F03F0545F0400565710AF0BAFDC3
:10253000E37804AA69468DF80F30304623798DF888
:102540000D508DF80E3004230AF016FD9DF81F3053
:1025500023709DF81E3063709DF81D30A37008B085
:1025600070BD03216018FEF75BF9D6E7300F00203D
:102570001D240000044B5A78824286BF1B1893F832
:102580004A010020704700BF300F0020044B5A78EA
:10259000824286BF1B1893F842010020704700BF9B
:1025A000300F0020064B00224FF461711A8083F82F
:1025B000C32183F8C421A3F8C61183F8C221704750
:1025C000300F0020014BB3F8C6017047300F0020D8
:1025D0000A4B30B55C7884420ED9184490F8020159
:1025E0002B3003EBC004A5790D7053F83000106058
:1025F0000120A388938030BD0020FCE7300F00202D
:102600000246074810B590F8C34124B1417821B182
:10261000023003F03FF9204610BD0C46FBE700BF37
:10262000300F00202DE9F74F2F4C9A4680468946FF
:102630006378834256D9231893F8425185F00105F7
:10264000F9B193F84A31E3B945F002070135BAF11F
:10265000000F18D1FA070AD5062104EB08105246DC
:1026600001FB0841823001F58571FFF725FFBB07AB
:1026700034D504EB0810524649460230FFF71CFFE0
:102680002CE02F46E3E794F8A1614FF0010B002DF9
:10269000E0D0A31993F89911019399B90092DAB196
:1026A00000F030FB019B06EB4601009A4FEA102C2C
:1026B00083F899B1214481F8A201000C81F8A3C1EB
:1026C00081F8A401013694F89831013DB6FBF3F18D
:1026D00003FB1166F6B2DAE747F00407384603B0A9
:1026E000BDE8F08F0027F9E7300F0020074B5A783C
:1026F000824209D91A1892F842212AB9062202FB0D
:10270000003000F58570704700207047300F0020C2
:10271000064B5A78824281BF1B1893F83A01B0FAEF
:1027200080F0400998BF0020704700BF300F0020A4
:10273000034B80F870101B680BB100881847704776
:10274000401500200B2808B504D940F20D112920AE
:10275000FDF718FF014B33F8100008BDC66D0200ED
:1027600030B5002442F210758487B0F840404C43E5
:10277000B4FBF2F4A0F84040541E05FB0343B3FB46
:10278000F2F3C387084BB3FBF2F30133A0F84430F4
:10279000038F05FB0344036B5943B4FBF2F4B1FB15
:1027A000F2F14463016330BD005A620203460846F9
:1027B00071B13F2B0BD8074AD35C03F07F029142E3
:1027C00005D08CBF0120002000EAD3107047012003
:1027D000704700BFDE6D02002DE9F7430E466946E3
:1027E0001546994608F0DDFB044620B9019F35B92E
:1027F000012387F88C30012003B0BDE8F083D7F8BF
:1028000010802946404607F03DFA01460028F3D0E3
:10281000134B5B88AB4221D3404607F06FFB97F820
:102820008C304946A0F80140002B2A4618BF0226EA
:1028300000F8036B06F054FC2946404607F05DFAA9
:1028400018B98B212B20FDF79DFE684607F05BFE33
:10285000019BA3F8A24187F88C40CCE72046CBE748
:10286000FC100020FF230B7002234B7083238B701E
:10287000014B1B78CB707047141100202DE9F84FE5
:10288000D0F804800C46D8F81460304607F028FBD6
:10289000054620B940F253111020FDF773FE0146A2
:1028A000304607F02BFBB5F800B082461FFA8BF7D5
:1028B00017B940F25711EFE7224B00F103091B68EB
:1028C000D3B998F8003098F801202370637802F0AB
:1028D0000F02A4F802B023F00F03134323F0C00348
:1028E00063709AF8003003F00303012B0FD0022B22
:1028F0000DD040F27511CFE73A464946B8F80000CE
:10290000984705460028DCD12846BDE8F88F627854
:10291000304663F30512627007F0F6FA054610B907
:1029200040F27F11B8E7FB2F02D94FF4C771B3E72C
:102930003A464946201D06F0D3FB304607F03FFAE1
:10294000E2E700BF4415002038B5134C10220021E7
:10295000201D0AF0A7FB0125257404F108031022AD
:10296000002104F11400C4E901330AF09BFB84F850
:10297000205004F11803094AC4E9053300236362B7
:10298000A36284F82C30C4F82D30C4F8313084F8B8
:1029900035301360A36338BD1411002044150020A6
:1029A00010B5084C2378FF2B04D04FF4CC711020C5
:1029B000FDF7E8FD06F000FB2070BDE81040FFF7D2
:1029C000C3BF00BF7D00002010B5034C207806F087
:1029D0000DFBFF23237010BD7D000020014B1878F4
:1029E00006F014BB7D000020014B024A1A607047BC
:1029F000481500207D2800002DE9F341DFF86881AB
:102A0000054608F11407D8F80830D8F81840227A9B
:102A1000012A22D1D8F8382052B1137A1BB9BF212C
:102A20001020FDF7AFFDD8F83840C4B9002083E08E
:102A30001A7A012AFAD01C464C4AEFF3108172B67A
:102A400050680068506001B962B6A34208BFC8F878
:102A50003840237A1BB9EE21E2E73A46EDE7267AC1
:102A6000F6B205232372731E0B2B6ED8DFE803F03A
:102A70006A062235676D3E6D6D6D6D5B636813B9D7
:102A800040F20B21CCE72046294698470420EFF37B
:102A9000108272B6237A052BD9B24FF0000359D1B8
:102AA0002372D8F83810A14201D1C8F83830B2BB2F
:102AB00062B634E0636813B94FF40571B0E7294694
:102AC000204698470346ADF80400C0B2C3F307237D
:102AD000012B2FD0022BDAD11AE0636813B94FF41F
:102AE00007719DE7204698470020D0E763680BB93F
:102AF000FE2195E70B222A7001221988AA706A71BB
:102B000000221869A5F80310AA7107F058F90420EB
:102B1000D8F83830A34202D10023C8F83830002852
:102B20003FF471AF08E0124B294620461B689847D6
:102B3000034668B9267298B102B0BDE8F08140F250
:102B400053216DE740F256216AE740F2592167E7C9
:102B50000220DDE711B940F27A2161E71846A6E7C5
:102B6000002B7FF450AF61E71411002018110020F2
:102B700048150020134610B5027A22B140F2013107
:102B80001020FDF7FFFC0A4601460248BDE8104050
:102B900008F01BBC18110020044890F82C301BB919
:102BA0000349243008F02EBC704700BF14110020E8
:102BB000BDB300000346064890F83C203AB190F8B7
:102BC000352022B9034900F82D3B08F01BBC7047A3
:102BD00014110020652800000A4610B5037A23B1BD
:102BE00040F209311020FDF7CDFC014607230248D1
:102BF000BDE8104008F0E9BB281100201346027A16
:102C00000AB1037270470A460146014808F0DDBB6D
:102C1000181100201B234FF01B1283840384826150
:102C20008382C260038539B94FF4A473034AC38415
:102C30004384C261C3820261704700BF48014801FA
:102C400003460846F0B4B3F85420B3F84840B3F84C
:102C500056109442B3F84460DF8F28BF1446B3F88F
:102C60004C20B3F842508A42DC8728BF0A46B3F8AA
:102C700046109142A3F8422038BF1146A64238BF01
:102C80002646A742A3F84610A3F844601FD1AA1A0B
:102C900018BF0122B3F84A50B3F85040B3F852704D
:102CA000A5429E8FB3F8401028BF2546B3F84E408A
:102CB000BC429D8728BF3C46AE42A3F8404002D1AB
:102CC000A14200D12AB10449F0BC08F0A4BB012202
:102CD000E0E7F0BC704700BF1DB400000B8BA2F80A
:102CE00009001046A2F80B304B8BA2F80D308B8BED
:102CF000A2F80F30CB8B0249A2F8113008F085BB47
:102D00006DB40000094AD2E90003434083EAB011E0
:102D100081EA43214FEAF34311605360044B584367
:102D20004FEAF06000EB8000704700BF54110020B4
:102D3000BB79379E094AD2E90003434083EAB011C8
:102D400081EA43214FEAF34311605360044B584337
:102D50004FEAF06000EB8000704700BF8000002069
:102D6000BB79379E10B50A4C08210948FDF758FD7C
:102D7000D4E900321343F7D0064CFFF7DBFF2060A5
:102D8000FFF7D8FF236860601843F6D010BD00BF7E
:102D90008000002054110020174B184A9A60184AEE
:102DA0005A60184A1A60184A9A62184ADA62184A2F
:102DB000DA60184A9A61184A1A63184A1A62184A5D
:102DC000DA64184A9A64184A5A62184B184A9A6088
:102DD000184A5A62184ADA62184A1A61184A5A613D
:102DE000184A9A61184A1A63184A9A64184ADA64A7
:102DF000184A9A63704700BF4C15002023B70000A3
:102E000053B70000BFB7000023B9000077B9000036
:102E1000493100008DB90000A133000035320000B7
:102E20005BBA000077BA0000813200004C16002027
:102E30003FB700002DBA0000AFB9000053B9000041
:102E4000D3B90000D5310000FDBA0000A5BA0000DA
:102E500097BA000013BA0000044B054A5A65054BA7
:102E6000054A1A65054A5A65704700BF4C1500208F
:102E700069B800004C1600204FB80000CFB8000021
:102E8000054B064A9A65064A1A66064B064A9A6533
:102E9000064ADA65704700BF4C1500200DAC0000F3
:102EA000AFAC00004C16002059AB000031AE000062
:102EB000023A08B5232A00F29A80DFE802F012985D
:102EC0001E9B9B2E9830989B3541459898499B9B1B
:102ED0005D5D747498989898989898989898987B4D
:102EE000889102784368012A02D193F8103101E0F9
:102EF00093F8193102204B700EE04268D2F8BE31CF
:102F0000C1F80130D2F8C231C1F8053043680D2054
:102F1000D3F80431C1F8093008BD4368E5E700F093
:102F200005FA0028F8D148E0102306204B705923F9
:102F30008B700023CB70A3230B7130234B71EBE715
:102F4000436893F80A31D5E7084600F0DDF9E8E771
:102F50000278436852B993F810213AB193F80D21E1
:102F60004A7093F80C3103208B70D5E793F80B214E
:102F70004A7093F80A31F6E743680920B3F8542001
:102F80004A70120A8A70B3F81221CA70120A0A71C2
:102F9000B3F850204A71120A8A71B3F81031CB711C
:102FA0001B0A0B72B8E7436893F826214A7093F81E
:102FB0002731D8E7104B1B6823B940F20D5151203F
:102FC000FDF7E0FA0246232098470420A4E70A4BC5
:102FD0001B68002BF1D002462420984705209BE770
:102FE000054B1B68002BE8D002462520F5E74FF47F
:102FF000A161E4E701208FE74C1700203F289ABF2A
:10300000024B53F820000020704700BF4C150020F1
:103010003F289ABF024B53F820000020704700BFA2
:103020004C160020F7B5456804464FF6FF772E6929
:103030000DF102010DF101023046ADF8027006F00B
:1030400077FE01A9304606F095FE40B1019806F0E2
:1030500059FF616800220272FFF7BEFDE8E70449EC
:1030600005F19E0003B0BDE8F04008F0CEB900BF06
:10307000B7B60000F0B5044685B00D46FF2600F84F
:10308000A56C10F8A63CF3B1174F3B781BB15F213C
:103090001F20FDF777FA0C21381DFDF7C1FB3E70AC
:1030A000002304F8A53C07232A4602F8033BD4F882
:1030B0000930C5F80330D4F80D305360D4F811301E
:1030C000936005B0F0BD01A80C21FDF7A9FBA4F5A4
:1030D000B473039A1A6001AB03CB44F8AE0C44F806
:1030E000AA1C04F8A66CDBE75C11002010B5054CA7
:1030F00023782BB90C21201DFDF792FBFF232370B1
:1031000010BD00BF5C110020024690F8C631BBB96B
:1031100090F8C73103F0FF010BB100207047094B55
:1031200018780028F9D01970D9680433C2F804114E
:1031300003CBC2F8BE01C2F8C211FF2382F8C63128
:10314000012070475C110020426838B592F8863043
:1031500004460D463BB1132B05D0113B0F2B8CBF02
:103160000120082038BD92F8C43013B9204608F079
:103170005FFA6268D5F80B30C2F8B631D5F80F3077
:10318000C2F8BA316368D5F81320C3F800211A8851
:10319000A3F87522D5F80120C3F87722D5F80520C9
:1031A000C3F87B226368B5F80920A3F87F2263681F
:1031B000002583F8C6516068054900F51B7008F0CA
:1031C00021F963681622284683F88620CAE700BFE3
:1031D0007530000038B54368044693F88620202AED
:1031E00004D04FF410711F20FDF7CCF9002293F8A2
:1031F000C4101D8803F5C97083F8C32069B10B4959
:1032000083F8C420A3F89C5183F89B2108F0FAF8B6
:103210006368002283F8862038BD012283F89B1161
:10322000A3F89C51024983F89E21EFE70FB90000F3
:1032300001B9000038B54568AB6F13F0010419D12E
:10324000D1F801200C4BD1F8051013400B4AC5F8FA
:10325000D430C3F307630A4043F00803C5F8D8200D
:1032600085F8D73008F0E4F9AB6F204643F001034E
:10327000AB6738BD0120FCE72FC904F76FDB008086
:10328000406810B590F88530042B28D1D1F8013072
:103290004A1CD1F80540C0F8D430C3F30763C0F826
:1032A000D84043F0080380F8D730002380F8BE30C0
:1032B00080F8853090F8743103F0FF040BB10020E2
:1032C00010BD038800F5B67044724381D1F8013017
:1032D0000449C3605368036108F094F8EFE70120E4
:1032E000EEE700BFF1B90000406890F8743143B9CF
:1032F000038800F5B670034943811A23437208F02E
:1033000081B87047F1B9000010B50446FEF76AFFB6
:10331000044A054B024009200B40C4F80120C4F8C0
:10332000053010BD2FC904F76FDB008037B50C46A0
:103330004568FEF757FF0A4B0A4A03400A4095F8D2
:10334000D41000930B4001928DF800306B4603CBF4
:10335000C4F801000920C4F8051003B030BD00BF57
:103360002FC904F76FDB008038B5DB04154604D5A0
:10337000C37C13B10023036338BD046B01340463C1
:1033800008F09DFB436B9C42F6D300230349036383
:103390002846BDE8384008F03EB800BF4DBA0000EE
:1033A00038B54468054694F88530012B02D0A36FE8
:1033B00098073AD494F8C5309A0713D44A78D807B6
:1033C00084F8CF204A88A4F8D0208A88A4F8D22094
:1033D00043F0020284F8C5200FD5154904F1C60058
:1033E00008F019F894F8C530D90711D4A36F9A07DB
:1033F00008D558214020FDF7C5F894F82A31002B54
:10340000EBD1EFE743F002032846A36708F010F979
:1034100094F88530012B4FF0000301D0002038BD17
:1034200084F8853084F8BE30F8E70120F7E700BF64
:10343000DFBA000070B54568044602F0E7F9054BB5
:10344000014685F883001B681BB12046BDE870402B
:10345000184770BD54170020024B1B6803B1184772
:10346000704700BF50170020F0B51F4D00242B7887
:1034700014709BB1013B6D68DBB21E1B012E0FDC8B
:1034800005EBC40655F8347076688E4208BF874253
:1034900027D0B84271EB060612D214700020F0BD9E
:1034A0001E197710C6F3470655F837C005EBC70E4F
:1034B0008445DEF804708F412CBF33463446DCE788
:1034C00005EBC30455F8335064688C4208BF85424D
:1034D00006D0A84271EB040428BF01331370DDE766
:1034E0001C4601201470DAE77C11002010F007025E
:1034F00008B503D063214820FDF744F818B1034B09
:10350000197258601A70C80008BD00BF7C110020F5
:10351000014B00221A7070477C110020FF23084ADB
:103520000B700D234B7082238B701368C1F803302E
:103530005368C1F807309368C1F80B30704700BF7B
:103540009211002016220021014809F0ABBD00BFF6
:103550009211002082B002AB03E903000D48437DC5
:10356000B3B1530614D50A880C30B1F87E3020F878
:103570000C2CD1F8402220F80A3C40F8082CD1F855
:103580004422054940F8042C022202B0FFF736BB62
:1035900002B07047921100201D350000094B53F80E
:1035A000203003F5224370B5B13316464FF47A72DA
:1035B0000C46B3FBF2F5344402F0C2FF2C44204425
:1035C00070BD00BFE46E02002DE9F04F8BB00446E1
:1035D00098460F46039290F8699007F047FA8246A2
:1035E00094F87300FFF7AEF8824408F0CDFA94F82F
:1035F000863000F13C061FFA8AFA0293039B83BBD4
:1036000094F88430032B2CD1029B0D2B29D1B4F8D4
:103610005C32BB4225D1D4F8E0312046B4F8B42165
:10362000C4F8D031A369C4F8D431B4F85232134489
:10363000C4F8D83102F088F8D4E99823A262B4F82B
:103640005E22A361A285D4F86822226241F64B5221
:1036500093428CBF0023012384F87230022384F844
:103660008430B4F8505204F50873B4F87EE07D1B42
:103670000493A7EB0E0E2DB20FFA8EFE002D10DA7A
:103680007546D4E98E23C4E99223012294F884304C
:10369000032B00F26F81DFE813F00600FE005500F7
:1036A00020014246F2E70121002007F065FC814637
:1036B000A06A5146484403F0ADFE5146C4F8DC010F
:1036C000A06903F0A7FE07A9C4F8E00108A802F06A
:1036D00059FE079B0093DDE90823D4E9920109F024
:1036E000A0F88346204608F067FAA26AD4F854325C
:1036F00094F86900D51802F02BFFD4F8DC1100F51E
:103700002240203D4FF47A73B13032466D1A303189
:10371000AD1BB0FBF3F04D44A38DA5EB0B0503EB04
:1037200041012D1A94F86900FFF738FFD4F854329C
:10373000C4F8E401EB1ACC2B59D840F2C741302031
:10374000FCF720FFA36A5146D4F8D401184403F0D3
:1037500061FE5146C4F8DC01A06903F05BFEC4F8C9
:10376000E001204608F028FAA36AD4F8D4511D4499
:10377000B4F8B431002B40F08A80B8F1000F00F0AB
:10378000868094F8690002F0E3FED4F8DC11D4F8E6
:10379000403200F522406D1A94F86920B130203D86
:1037A0001D448F4B53F822204FF47A7302F2E73214
:1037B000D4E98E9AB2FBF3F2A5EB0905B0FBF3F066
:1037C0001544AD1B2D1AD4F8D821D4F8D03194F873
:1037D000690002FB0313A18D3246303301EB430134
:1037E000FFF7DCFE0123C4F8E40184F88430A36908
:1037F000D4F8E021A93B9B1A9E1B0023864284F843
:103800002032D4E9923228BF064604F130005B1919
:10381000C4F8B06142F10002C4E98C3207F072FED4
:1038200004233044A4F8507284F82932C4F82402E6
:10383000D4E98C23C4E99223B4F8A031DB1B1BB27A
:10384000002BD4BF00220122520084F82822029AC1
:103850000D2A00F09280B8F1000F40F0918094F8AA
:103860008430002B00F0A880A16904F50870D4F81A
:10387000E031C91A07F02EFB80B2002800F09C80CE
:10388000149B03B1188001200BB0BDE8F08FD4F871
:10389000DC116D1A97E7D4F8E021A369B4F8B4C13C
:1038A0009B1AD4F8D811F444D4F8D0015D43D4F86D
:1038B000DC31ACEB010C30330CF1FF3C00FB01338D
:1038C000A18D94F8690002FB0C33324601EB4301F1
:1038D000FFF764FEC4F8E40189E7D4F8E0A1A36926
:1038E000A3EB0A035D4394F88530292B03D094F8A9
:1038F0008630292B09D1B4F85C32FB1A1B0404D49E
:1039000094F85F32002B18BF9946B4F8B4C142B3A3
:10391000BCF1000F25D1D4E99023D4E98E01904267
:1039200071EB030302D340F21B5108E794F86910CE
:103930004FF47A7B2A4B203A53F82130D4E98E0198
:10394000CDE9040103F2E73103F522430498B133D2
:10395000121AB1FBFBF1B3FBFBF30A44D21A921B20
:1039600015440CEB0E01324648460AFB01F130319A
:103970004900ADE740F23351E1E6B8F1000F1BD04A
:10398000B4F8C80110B3B4F8CA1194F8CC214D1C96
:10399000A4F8CA1101FB022290420DDD002B0BDDC1
:1039A0000023A4F8CA5184F82832FFF7ABF900F0DD
:1039B0000700013084F8CC0104F5087104F5FC70AF
:1039C00004F066FD20B940F27D51B8E60146DCE71F
:1039D000039B83F0010384F8F031002054E700BF1B
:1039E000E46E02002DE9F8430E46044618B9D521CD
:1039F0003020FCF7C7FD052900F2A780DFE801F0C1
:103A00000376413DA52E08F0C1FFC4E946012046DA
:103A100000F05EFFD4F80C01A43808F0FCFE20464C
:103A200008F064FC054600BB0146204608F09BFBFD
:103A300000F1AE06D4F80C01B04209D2301A0321CD
:103A4000192838BF192008F073FF60B108F0E5FEAF
:103A5000C4F80C61204608F059FC45B12046BDE889
:103A6000F84308F054BC0125F2E70025F2E7D4E959
:103A70004623C4E94023BDE8F883BDE8F84302F0DB
:103A80008DBC08F07BFB04238146884684F8113105
:103A900008F0BFFE07220F46A9FB023102FB081106
:103AA000D4E940525B1941EB0205D4F8E8203AB161
:103AB00059EA080204D0984277EB050228BF012694
:103AC00084F81061D4E94826121A66EB070694F8C8
:103AD000301139B9012A76F100010BDA204600F0E5
:103AE000FFFE03E0012A76F10006F7DB002384F8ED
:103AF0002831C0E7984277EB05010FD259EA080850
:103B00000CD01B1A65EB07019A4276EB010005DB2E
:103B1000012B71F10000A4BF1A460E460C49012387
:103B200004F1C000914284F829314FF0000384F879
:103B30000831B341B8BF0A4604F5847104F038FD7A
:103B4000002898D140F2BA6152E7F12150E700BF56
:103B50000040420F2DE9F84304460E46154690F802
:103B6000283103F0FF07002B40F0948000F1C008DB
:103B700039467822404609F095FA224646494046A1
:103B800008F081FFC4F8E860FF2384F8283166B1AB
:103B9000FFF7D0F800F0070032464049013086F8C0
:103BA000CC0106F5FC7008F06EFF40F202434FF0C6
:103BB0000009A4F8103184F8089103F081FC00F1A9
:103BC0004906204608F092FB0146B6B2C0B306F0A3
:103BD0004DFF00F5CD61284689B203F01BFC284457
:103BE000AE3DC4F80C0108F014FE3018A4F81E9085
:103BF00041F10001C4E94601012084F8EC0008F01D
:103C000020FC2D1AC4F8F0504FF0FF356FF0004142
:103C10004046D4E94623C4E94851002504F584719F
:103C2000C4E93E23C4E9402384F8295142F21072CA
:103C300004F0BEFC38BB40F2BB113020FCF7A2FC04
:103C40002046DFF85C9008F08EFAAE30C4F80C0124
:103C5000B9F8000048B1E08B38B1FFF76BF8B9F85C
:103C60000030B0FBF3F202FB1300064408F0D1FD74
:103C7000361841F10001C4E94661002DC4D0AD19E8
:103C800041F10001C4E72946204608F042FB3846CE
:103C9000BDE8F8830C27FAE7E5390000D3BB000044
:103CA000A8110020F0B5002385B0CDE90033012331
:103CB0008DF806306846FDF701F870B10123114E0A
:103CC000B3700023CDE9023302A8FCF7F7FF0446E6
:103CD00038B10023B37005B0F0BD009808F06FF85C
:103CE000E8E7029D95F88430002BEDD005F5FC77D0
:103CF000384604F02DFC384608F0EBFE85F8844089
:103D0000E2E700BFA8110020044B0022DA709A708D
:103D100042F210721A80FFF7C5BF00BFA811002041
:103D2000014BD870704700BFA811002008B502F001
:103D30006FF8044B5A6882422ABF9878002080F0BE
:103D4000010008BDA8110020F7B5044606297AD85D
:103D5000DFE801F0042715252B3074003B4B9B78DE
:103D600003F0FF025BB900920123B0F8A411FFF742
:103D70002BFC38B140F2D6613020FCF703FC042361
:103D800084F8843002F0E8F904F06EFB0023B4F804
:103D90007E20A4F85232A4F8EE2184F8F13103B069
:103DA000F0BD032380F88430F9E708F0BBFCC4E9D8
:103DB0009001F4E790F8690007F0EEFE7730D4F850
:103DC000E0319528A569214F8CBF0020C0F19600F5
:103DD000C218954288BFED1AFB7894BF00252D1AB2
:103DE0001BB9236B9D4228BF1D46D4F8B06104F176
:103DF000300007F087FB0644022008F06FFD022127
:103E0000AD1B25EAE575854228BF0546284608F022
:103E10008FFD10B12E4408F000FD01234FF4807295
:103E20003146204607F0CBFBD4F8B0317860A0696A
:103E3000184403B0BDE8F04008F0EDBC03B0BDE8A5
:103E4000F04007F0B9BE40F2A47195E7A811002038
:103E5000014B1880704700BFA81100200346074A95
:103E60001068D3F84920C0F80320B3F84D20A0F81B
:103E7000072093F8481007F0DDB900BFB01100200B
:103E800070B504460E461346807D6588324615F0AF
:103E9000040118BF04F15701FEF7C4FB41070546B2
:103EA00021D4C2070BD50123A07D84F84830FEF74A
:103EB0001DFC0368C4F849308388A4F84D30AB0773
:103EC00001D4012070BD094B01211868D4F8573086
:103ED00084F85610C0F80930B4F85B30A0F80D3003
:103EE00007F0B1F9EDE70020ECE700BFB0110020CA
:103EF00038B5C38C04460F4D0133C3F30E03C3849E
:103F00002B7C2BB102F00AFA01F01CFD00232B746C
:103F100000232B7194F869302BB101212046BDE8B4
:103F2000384008F01AB8637C13B1E28C9A42F4D29C
:103F30000021F3E7B011002010B5074C2379012BC5
:103F400005D1237C1BB102F0E9F901F0FBFCA0696B
:103F5000BDE81040FFF7CCBFB011002070B5254C74
:103F60002379012B04D04FF448612D20FCF70AFB84
:103F700098B90125237C1BB102F0D0F901F0E2FCD5
:103F8000002D36D0A06907F035FF68B302F090F835
:103F9000E369BDE870409B6818472168A26911F881
:103FA000095B02F1490392F84820E80906F053FF43
:103FB0000028DED00021206807F06AF90028D8D058
:103FC0002379A069012B02D040F65A41CDE723792D
:103FD00005F00F01E26903F180435269013B52F899
:103FE000233098470546C5E7A069BDE87040FFF754
:103FF0007FBF70BDB01100200346074A906903B926
:1040000009B9FFF775BF1379D26903F180431269CB
:10401000023B52F823301847B011002003292DE944
:10402000F043054685B0174607D14388980723D447
:104030000024204605B0BDE8F083428890F868303F
:10404000D107DBB2F4D5002BF2D14FF00108DFF835
:10405000D49099F81060C6B106F032FF0828387085
:1040600016D002AA0DF10701FEF7B2FA38B940F6F0
:10407000F5612D20FCF786FA4FF00208E7E702A968
:104080009DF8070007F068FD06463B78082B08D12D
:10409000D9F8001011F8030BC0F3801007F05CFD95
:1040A0000646D9F8001005F1500395F84F2011F895
:1040B000030BC0F3801006F0CEFED9F800100446C2
:1040C00011F8030BC0F3801006F0F0FE8146FEF7F6
:1040D0001FFB40B1B9F1080F1BD04846FEF74AFA62
:1040E00080F00103D8B23A78082A14D01CB9AC7D0C
:1040F000A21A544254416A8853079AD4002897D18F
:1041000076B9EC7C444518BF002C0CBF0124002478
:104110008FE70020E7E780F001022240D4B2EAE70F
:10412000344686E7B01100202DE9F04F85B0082312
:10413000052104460DF107028DF80730FFF76EFFE9
:10414000064620B90026304605B0BDE8F08F734F13
:10415000396807F112037A7C11F8030BC0F3801061
:1041600006F079FE80460028ECD13B6840F2E24937
:10417000A169184691F88D2010F8035B02EA5512E8
:104180001D4602F0010281F88D20D3F80320C1F80A
:1041900003208288A1F8072015F81F1BA269C1F32C
:1041A0008011917002A9D3F81F000290287908713C
:1041B000D3F80F00D061587D1D7D000440EA052032
:1041C000DD7C28435062B3F8190082F8728009FB45
:1041D00000F090619D7DC5EB451005EB800505EB7A
:1041E00085056D009585B3F8170009FB00F0906216
:1041F000B3F81B001084B3F81D00508493F82430EA
:1042000003F01F005B0982F8990082F87330A569FA
:1042100094F912A005F18D0006F069FF40F2011338
:10422000A5F868304FF0FF0B85F86AB0414605F1FC
:104230003000FEF7EFFC51462846FEF779FAA369F5
:1042400084F8738004F17E011A8884F891B0A4F890
:1042500074204FF6FF729DF80700A4F892209A6927
:10426000B2FBF9F2A4F88A201A8CA4F88C205A8C9C
:10427000A4F88E2093F8732084F89020627D5AB3BE
:1042800094F84820012A27D194F84E2002F0C00269
:10429000402A21D1D4F84920C4F87E20B4F84D201A
:1042A0008A8008289A7803F1030504F1840184F8D0
:1042B000772004F17802D3F8033027D0C4F8843093
:1042C000AB888B8004F17701FEF782F940B94FF497
:1042D0003E612D20FCF756F90022C4F87E20DFE76E
:1042E00094F8773043F0020384F8773004F16A00E1
:1042F0000B4907F087F80B4B0022A0691B683A7145
:10430000002B3FF420AF214698471CE7A367AB88FA
:1043100093800023C4F884308B80E7E7B01100203D
:1043200083C000005C170020032937B5044604D081
:10433000052957D0012003B030BD08230DF1070235
:104340008DF80730FFF76AFE0028F3D0237C2A4D52
:1043500003B39DF8070094F8B630DBB9237808283A
:1043600004F1B90284F8B7302DD004F1B801FEF79A
:104370002FF920B940F66E712D20FCF703F994F85F
:10438000B83043F0020384F8B8301C4904F1AE00A1
:1043900007F038F82B68042220461A7006225A705B
:1043A000FFF75CFD616B94F83820286806F061FF28
:1043B000032328682B7101F035FF0021286808F0DD
:1043C000BBF90020B7E72868034613F8031BC1F3C5
:1043D000801184F8B810D0F80310C4F8B9109B8885
:1043E0009380D2E7064B1B68002BEAD0984780F0F9
:1043F0000100C0B29FE700BFB01100206BC00000F9
:1044000058170020F8B504460F4619B300F12005EF
:10441000284607F0F3FFA0B963881A072ED528466F
:1044200008F001F80646284607F0E8FF301AC0B247
:1044300008F007F8494A936803442846936007F058
:10444000BCFF284607F0BEFF01F0A0FD2179252022
:1044500001F002FD414E002394F8562030680370AD
:1044600043706388103B0D2B68D8DFE803F0636767
:104470005F0C674467676767676767442046BDE806
:10448000F840FFF735BD0623437020230370204614
:10449000FFF7E4FC638823F008039BB2152B05D0DB
:1044A00094F83020E16A306806F0D4FE306801F0FC
:1044B000B9FE0021306808F03FF90223217900207D
:1044C000337101F071FD054607B9F06063881B0781
:1044D00004D507F0B3FF0544C4F8F4506388103BDB
:1044E0000D2B36D8DFE803F038352F2F352F353533
:1044F00035353535352F0C2321214370034603F81C
:10450000091B52B1D4F857200121C0F80920B4F892
:104510005B209A8006F097FEB9E7226DC0F809206B
:10452000B4F854209A8094F84F10F3E706230370F0
:104530004370ACE7022303700623F9E740F25961A8
:104540002D20FCF71FF821790120BDE8F84001F08B
:10455000FFBE40F6F341F3E7F8BD00BFB011002005
:1045600038B543880446102B04D10121BDE83840FA
:10457000FFF748BF0B4D2B7C23B101F0BDF9402064
:1045800001F0C0FE286801F04DFE608810F00400C4
:1045900002D1217901F0DCFE002001F091FE01231F
:1045A0002B7138BDB0110020024B01219869FFF733
:1045B00029BF00BFB011002010B5124C237C1BB1E5
:1045C00001F0ACFE01F0BEF9A06907F013FC38B1B0
:1045D0002379012B09D040F684312D20FBF7D2FF3F
:1045E000A069BDE81040FFF783BC2379E26903F1BD
:1045F0008043A069D268013BBDE8104052F82330E7
:10460000184700BFB0110020074810B5037903F028
:10461000FF0433B914222146043008F043FD20463C
:1046200010BD0C24FBE700BFB011002010B5002323
:10463000094C2371FDF7C2FD2060FFF7E5FF20B1B3
:104640004FF442712D20FBF79DFFE36913B940F24F
:104650000B31F7E710BD00BFB0110020014B024A3B
:10466000DA617047B011002024490000034B044A6E
:104670001A60044B044A1A60704700BF58170020A4
:10468000294100005C1700200BBF0000F8B5057D34
:104690000446AF1EFFB2002D3AD0012F2DD800F1F5
:1046A000500190F84F0006F001FC0828064624D07F
:1046B000FDF76CFF10BB023D18BF0125012F84F8E8
:1046C0004850A6758CBF002701276775FDF77AFF54
:1046D000054608F09EF80022144B84F85620E5FBAE
:1046E0000301C4E9100111462046FFF7C9FB70B968
:1046F00040F2A3412D20FBF745FF0826022D09D1EA
:1047000004F149010020FDF72DFE60B90020F8BD3D
:104710000826F5E704F149010120FDF723FE0028F2
:10472000F4D00125CAE70025C8E700BF40420F00CA
:10473000F0B5444E85B00446327902F0FF0312B959
:104740000278FF2A04D140F6DC112D20FBF71AFF76
:10475000B36080F869303C4B684604F12005009353
:104760003A4B01933A4B0293F3695B68039301F070
:1047700051FD01F09DFB01F0D1FD01F0E3F835485A
:1047800001F0FAFB344801F03FFD284607F015FE22
:10479000284607F017FE01F0F9FB2179252001F0EA
:1047A0005BFB94F9120001F0E1FB04F12C01A06A1B
:1047B00005F0BDFC074604F13401A06A05F0DEFCFB
:1047C0000546DFB1237FCBB1B4F92650ED43ED0FA1
:1047D000637D13B963885B0709D56FF00043D4E9A3
:1047E00010129A4208BFB1F1FF3F0DD19DB9306858
:1047F0000330FDF705FF307405B0F0BD002DE7D0A4
:10480000657F002DE0D1E3E708F003F8D4E9102339
:1048100090429941EAD3012229462046FFF730FB16
:1048200050B1FDF7CFFE054607F0F3FF0B4BE5FB5C
:104830000301C4E91001DAE7002DD8D040F61A21AF
:1048400083E700BFB0110020B94500005D3F0000C4
:10485000F93F0000D6BE898E5555550040420F00E5
:1048600073B50446FFF764FF00212046FFF7CAFD39
:10487000236E0BB101221A606388DB0721D5002368
:10488000114EA569CDE90033FF2373746846FCF728
:1048900015FAB0B9009CA542F8D005F10A036A7A6E
:1048A00004F10A01607A06F0D6FA0028EED0A37867
:1048B0007374D4F80330C6F81230044BB4F80720F0
:1048C0009A8002B070BD00BFB0110020C21100205C
:1048D000024B9861DB691B68184700BFB0110020CC
:1048E00043881B0710B504460ED583693C2208494E
:1048F0006A3042721B884381FF2380F827304FF6CD
:10490000FF73038506F07EFDFF2384F8693010BD38
:1049100083C00000CFC0000061450000D5C000008A
:104920002943000061480000393F0000A94500000C
:1049300014490000184900002049000001380228ED
:1049400008B503D9C4212F20FBF71CFE13290A4BFD
:1049500005D811290CD8102907D0D221F3E7152941
:10496000FBD103EB4003D88801E033F8100008BD09
:1049700003EB40039889FAE7626E02000C4A034693
:10498000117889B9906833B9B0F85810828F914284
:104990000AD8FFF7CBB993891B0707D590F8870092
:1049A000073818BF0120704700207047012070476A
:1049B000D01100202D4A38B50346948990681C43D5
:1049C000402B948104D10421BDE83840FFF7BCB9E5
:1049D000802B01D10521F7E703F00304032C04D158
:1049E00040F62E313120FBF7CDFDDD0706D50C68F2
:1049F00011612478062C0FD00B2C19D09C0706D5FA
:104A000009680978052911751DD00B2927D09B0647
:104A100044BF0823137038BD90F886401C2CEDD19C
:104A200000240025C0E93845012480F88A40E5E7E4
:104A300090F88640122C01BF002480F88A4001249F
:104A400080F8C440DAE790F886101829DFD10024F6
:104A500000250121C0E93A4580F88B10D7E790F88E
:104A600086101129D3D10021F6E700BFD011002014
:104A700073B5044640680D46836F13F0300F4AD17A
:104A8000B1F805101A2904D9B5F80730B3F5A47F99
:104A900006D22978204602B0BDE8704006F0FABD83
:104AA000B5F801201A2AF4D9B5F80360B6F5A47F49
:104AB000EFD33030009606F037FD184B9A899207F5
:104AC0000DD51B7D142B0AD16268936F43F0100340
:104AD0009367204606F0ACFD002002B070BD63680D
:104AE00093F88520212AEFD093F81B31002BEBD1CE
:104AF000636893F81A31002BE6D16268936F114610
:104B000002F59F7243F0200331F8300B42F8C63CA7
:104B1000FEF7E4F8DDE70120DFE700BFD011002059
:104B200013B5044601A8FDF7C7FB20B940F61711DD
:104B30003120FBF727FD22220021019808F0B2FA6C
:104B400001992246064801F8034FFEF7B1F9FDF737
:104B5000BFFB10B940F61E11EAE702B010BD00BF5E
:104B6000D4110020254B70B59C6894F85E5294F8DF
:104B70005F62002D3ED194F86810002E3CD194F86D
:104B8000693084F8681084F86930FF2384F86A304B
:104B90001B4B1B680BB12046984794F82431012B1E
:104BA00001D0354303D000211648FDF743FB04F143
:104BB0003006304606F0A6FC04F2351105462046C4
:104BC000FEF73EF820460621FFF7BEF8304606F015
:104BD00099FC854204460BD207F0DCFE0146601BBF
:104BE000192838BF192007F0A3FE10B107F015FEF1
:104BF000012070BD2946C0E73346C2E7D01100202E
:104C00006C170020D41100202DE9F8436A4D0646A8
:104C1000AC68002840F08C80AB891A072DD594F839
:104C20000E31FE2B04D140F2F7513120FBF7AAFCE4
:104C3000FE2384F80E3194F886301E2B06D184F8BA
:104C4000C300281D06F0FEFC84F8866094F88530C9
:104C5000242B0AD194F88630A3F12402062A2AD9FB
:104C6000322B28D0252384F8853094F88730072B01
:104C700002BF02236B7584F80E31AB89DB071CD4AD
:104C8000AB895F077CD4990740F18480287D01229D
:104C9000AB680D2883F80F2179D0112800F08580AA
:104CA000072800F08480FEF7B3F9034600286FD18F
:104CB00040F2EA51B9E73223D5E7D5F808802969EF
:104CC00098F88630D1F80090113B99F800700F2BBE
:104CD00009D8BB1EDBB2092B6BD840F2333222FA63
:104CE00003F3D80765D509793846FDF75FFD20B98C
:104CF0003946324806F0CEFC3AE0012F01D9162F92
:104D000022D198F8850006F0B2FC40B198F88530C1
:104D1000242B04D0252B07D1322388F88530384640
:104D2000FEF76CF903461CE0162F14BF022620265E
:104D30002B781B0705D594F88630113B0F2B98BFB5
:104D400008263046BDE8F883112F15D005D8072F67
:104D500014D00D2FE3D11A4B05E0142FDFD1194BDE
:104D60001B68002BC4D02A69494614481279984719
:104D7000002885D00646DBE7134BF4E7134BF2E738
:104D800094F88720062A04BF01226A757BE7104B3E
:104D90000A489847AB89DA06CAD594F886300A2BB8
:104DA000C6D10B2384F88630C2E70A4BF0E70A4BE2
:104DB000EEE70826BCE700BFD0110020D411002088
:104DC000CDC500006017002015C60000DD4D0000B5
:104DD0001BC5000039C5000069C5000070B54D78DD
:104DE0000446A5F10E03DBB2152B0DD8012140F2CC
:104DF000512201FA03F6164208D14268152B92F8A7
:104E0000852027D0082B07D0002070BD02462846F9
:104E1000BDE8704007F019BB252A01D0322AF3D132
:104E2000204606F0FCFB636893F88620262AEBD028
:104E300093F8D5201A21204622F0010283F8D520CC
:104E4000626892F8D53023F0080382F8D530FDF778
:104E5000F1F9D9E72C2AD7D1024B1B68002BD3D00C
:104E60009847D1E7681700202DE9F041A0F10E0422
:104E700000291346E4B208BF1F21172C0AD80126C7
:104E800040F25127A6403E4207D116F4600F23D1CD
:104E9000082C07D00020BDE8F0810021BDE8F041DA
:104EA00007F0D3BA546894F88520252A08D118460B
:104EB000FDF7C0F9002384F8853084F8BE30E9E7B7
:104EC000322AE7D194F88620A2F124010629F1D9EB
:104ED000322AEFD02A21EAE7054A1468002CD9D0FB
:104EE0000A46014618462346BDE8F041184700BF70
:104EF000641700202DE9F84FB54F0E468046B9895A
:104F0000BC688D0504F1780A54BFB4F8B4200023BE
:104F1000504653BF0132A4F8B43084F8AF31A4F83E
:104F2000B42007F042FB30B10B4604F596722146DF
:104F30005046FEF719FABB8903F4C0632BB194F80D
:104F40008930002B46D0032B4BD094F88920BB89A5
:104F5000012A04D1180544BF022284F88920B8F13F
:104F6000000F40F09480590657BFB4F8C82142465C
:104F7000013292B2A4F8C82103F00A020A2A0CD125
:104F80003A7D022A09D123F008033046BB81FFF79E
:104F90003BFE30430823C6B2BB813046FFF734FEE8
:104FA000BD68304395F80E31C6B2FE2B3CD1DEBB56
:104FB00095F88730063B012B36D995F81831ABB1FF
:104FC00095F8193101220221A5F8B86085F8103151
:104FD00028462EE1012184F889102046FEF7B4FE10
:104FE000B3E70223012184F88930F6E795F886B00B
:104FF000ABF1100B5FFA8BFBBBF1100F40F2EC80B2
:10500000AB6FDA0702D532460921E1E7980740F194
:10501000928032460C21284607F066FA95F8C53092
:1050200043F0010385F8C530B4F8A83194F8AC51C9
:105030000133A4F8A831002D00F0F281FCF788FCC0
:1050400010B10023A4F8A83194F88910012940F286
:105050001C8294F88730072B40F0FA81B4F8B43002
:10506000022B40F21282B4F8B6500135ADB2B4F85A
:105070007E302B44A4F8A03194F8AD31002B00F021
:1050800008820123B4F87E201344A4F8A431BB891C
:10509000BD685B0657BFB5F8B4310023B5F8A6214B
:1050A0009B1858BF9BB2A5F8B43195F8183123B9B5
:1050B00095F88730063B012B06D8B5F8B830B5F81F
:1050C000A6211344A5F8B83095F8BE1031B1B5F853
:1050D000BA30B5F8A6211344A5F8BA3095F9C22024
:1050E000002AC1BFB5F8C030B5F8A6011B18A5F855
:1050F000C03095F8A73063B9B8F1000F40F05B827B
:105100007B7D022B40F00C8295F81031062B18BFE6
:10511000162395F8A62022B92E4885F8A730FDF76A
:1051200081FF284607F0A4FA002384F8AB31BDE8DC
:10513000F84FFDF7E9B8590702D53246132147E782
:105140001A0706D595F80831324685F8103107213F
:105150003EE713F0300F35D095F81B31002B5BD1B3
:1051600095F81A31CBB195F8863005F58D7105F2B9
:105170005E22292B24D095F88530A3F129004342E3
:105180004341284606F0C2F9AB6F23F0200343F0F9
:105190001003AB67002385F81A31AB6FDA063BD5F5
:1051A00005F235112846FDF74BFDB5F852300022C7
:1051B0001521A5F81031B5F85630A5F8123107E7DA
:1051C0000123DEE75B0627D50022242100E700BF8C
:1051D000D0110020D4110020D7F8089099F886301B
:1051E000182B32D013D8112B20D0162B24D095F8A1
:1051F0008530002B67D195F88630103B102B6AD98B
:1052000095F8B230002B66D001221221E0E6202B67
:10521000EDD1324606210BE0B86890F88630262B97
:1052200041D0352BE3D10022112102E032460B217F
:10523000484607F059F9F7E64846FDF765FF0028AC
:105240003FF4F2AE00220421F2E799F85832012B24
:1052500007D132460521484607F046F989F85862D9
:10526000E2E699F85832022BD9B27FF4DDAE99F814
:10527000C43053B10623324689F81031484607F04E
:1052800033F9002389F85832EAE703210622B148AE
:1052900006F0E7F999F8D430324613F0040F0CBF4A
:1052A0000D211121EAE790F82431022B02D10022CE
:1052B0001721BEE790F82431012B98D190F82531C1
:1052C000002BF4D093E7092B05D195F80931012281
:1052D00085F810313BE7BBF1100F7FF6A5AEBD6836
:1052E00095F88590B9F1000F7FF49EAE95F82B31BB
:1052F0003BB101220E21284607F0F6F885F82B91E4
:10530000AEE795F82A3183B195F8C59019F0030BF3
:105310000BD149F0010901220C21284607F0E4F8DD
:1053200085F8C59085F82AB19AE795F81A3133B314
:1053300095F81B311BBB95F8863005F58D7105F28C
:105340005E22292B19D095F88530A3F1290043421C
:105350004341284606F0DAF8002385F81A31012285
:105360001421284607F0C0F8B5F85230A5F81031DE
:10537000B5F85630A5F8123156E60123E9E795F85D
:105380002431012B3FD195F82531002B3BD195F8E5
:105390008630A3F12402062A35D9322B33D095F872
:1053A0006800012806D0022804D040F211310620FE
:1053B000FBF7E8F895F86910012901D00229F4D12A
:1053C000022895F826210BD0012A14BF00220122C1
:1053D00042B90A3B042B7FF627AE01221621F7E5DE
:1053E000022AF2E7022995F827210AD0012A14BFE0
:1053F00000220122002AECD000215648FCF71AFFB7
:1054000012E6022AF3E7544B1B68002B3FF40CAE64
:1054100050489847FE2801463FF406AE0122D7E5E2
:10542000FCF790FA08B1A4F8A851FCF799FA002803
:105430003FF40AAE94F8AF310133DBB2022B84F8AB
:10544000AF3182BF0023A4F8A83184F8AF31FBE567
:1054500094F8B2301BB194F885300F2B15D1B4F805
:10546000B6505046B4F8B430ED1A033D07F09DF83D
:1054700068B1D4F8AC30D4F8A820033B9B1A9D4205
:10548000A8BF1D46012D3FF7F1AD0125EFE52B46E5
:10549000F5E7012D7FF6F5AD94F8863013B10B2BAF
:1054A0007FF4EFAD94F88530002B7FF4EAAD94F8EB
:1054B0008730002B7FF4E5AD02297FF4E2AD94F84C
:1054C000AF31002B7FF4DDAD2069B4F82E9004F0ED
:1054D00080FC00283FF4D5AD94F80E31FE2B7FF40C
:1054E000D0ADB4F8A231012B7FF6CBADB4F8A82132
:1054F000238C9A42BFF4C5AD013D9B1AADB29BB25D
:10550000B5FBF9F59D4228BF1D4605FB09F3003D9B
:1055100003F1010318BF01259BB284F8AA51B1E53C
:10552000012B09D195F88830002B7FF4F2AD0021D2
:105530002846FEF709FCF7E586B1F00639D43107B5
:1055400039D4B20639D4B30739D140F6AF2131206E
:105550002EE700BFD41100207017002039B1B5F834
:10556000BA10B5F8BC30994201D32223D1E5002A04
:1055700005DDB5F8C020B5F8BC309A42F5D2B5F8D3
:10558000B820B5F8B6309A420AD295F88920B5F815
:10559000B43052B1B5F8B6209A42C8D80823B8E55D
:1055A00095F81831002BE0D1EFE7052BBFD93E234A
:1055B000AFE51E23ADE53D23ABE52323A9E52A2373
:1055C000A7E500BF73B55B4B002501220446986038
:1055D0001A719D811D705D75FF2380F8AB31B0F8A5
:1055E000A231D3B190F80E31FE2B16D190F81831BC
:1055F0009BB190F88730063B93420ED990F8193151
:105600000221A0F8B85080F8103106F06DFF02209A
:1056100084F8AA51FFF784FA03E094F80E01FE28FB
:10562000F8D1B4F8A61104F17806E38D0139B4F885
:10563000A821304689B2B1FBF3F31344A4F8A83192
:10564000B4F8B4300B44A4F8B43006F0AEFF20B187
:10565000D4F8A8300B44C4F8A830B4F8A23100251F
:10566000012B9CBF0133A4F8A23109B184F8AF51DA
:1056700094F8863084F8AA51A3F10A02012A29D8A5
:10568000B4F87E30B4F85C229B1A19043BD404F2BF
:105690005E2104F18D0005F02AFD84F88650FF2379
:1056A00084F8BF30B4F8A6212146304605F066FDE7
:1056B00094F886302049113B204A0F2B8CBF0023E1
:1056C000012301931E4B00931E4B03C9FCF760F8A6
:1056D00002B070BD292B16D1B4F85C22B4F87E302C
:1056E0009B1A1A040FD484F88650FFF73BFA014640
:1056F00030B984F8240102B0BDE87040FFF7FABB6E
:1057000084F82451CEE794F8853003F0FD03292B6B
:10571000C8D1B4F87E30B4F85C229B1A1B04C1D403
:10572000002384F88530FFF71DFA01460028B9D11F
:10573000E1E700BFD0110020D4110020B5490000DE
:10574000F54E00007D490000D0F864328269934232
:1057500010B5044604D1D0F86812026A914215D0FF
:10576000228804F5C0700F49A4F88A2140F2E24271
:10577000B3FBF2F3A4F88C31B4F86832A4F88E319C
:10578000B4F86A32A4F8903105F045FE02212046B3
:1057900005F032FC002384F88630032384F8893036
:1057A00010BD00BF9FB7000008B5FDF755FB024BC9
:1057B000024A1A6008BD00BF60170020714A00004D
:1057C000074B93F900301844142804DC10F17F0FC4
:1057D00003DB40B27047142070476FF07E007047C3
:1057E000E8110020084B1B785B425BB21844142878
:1057F00004DC10F17F0F03DB40B2704714207047C8
:105800006FF07E00704700BFE81100207F2307B5CE
:105810000DF107008DF8073000F08EFD03469DF96D
:10582000070053B1094B5B785B425BB21844142804
:1058300006DC10F17F0F05DB40B203B05DF804FB1E
:105840001420FAE76FF07E00F7E700BFE8110020B0
:10585000024B00221A705A70704700BFE8110020F6
:10586000064BD3F8000138B1D3F8040120B1D3F8C6
:105870000801B0FA80F04009704700BF0060045092
:10588000034B00221A705A7010229A70704700BFA2
:10589000EC110020F8B50646022014460D4600F033
:1058A000CBF8114B114A01275C60191D9A6002F177
:1058B000807203342D011F70DC601D83C3E9042650
:1058C0000022243303F80A2C0D2203F8092C084A7D
:1058D000C2F83015074903C983E80300C2F8087508
:1058E000C2F83835F8BD00BFEC1100200300000BF2
:1058F00000600450746E020008B5022000F09CF8AD
:105900000D4B01221A7000220C4BC3F80021C3F882
:105910000421C3F808210A4AC3F8802003F5743330
:10592000C3F88C20A3F58023C3F88C21A3F5805302
:105930000822C3F8042508BDEC11002000600450C3
:1059400003000080154A08B51378FBB10023144901
:10595000C1F8803001F57431C1F88C30A1F5802197
:10596000C1F88C3108210F4BC3F80815FFF778FFF9
:1059700088B101235370938EFF2B03D9BC213B20A8
:10598000FAF700FEDBB29370002313700020BDE82D
:10599000084000F051B810235070F4E7EC110020DB
:1059A0000060045000200450094B1A7862B1094B82
:1059B000D3F8002152B1D3F8040140B1D3F8080163
:1059C000B0FA80F04009704758787047022070475D
:1059D000EC11002000600450064A08B513782BB182
:1059E000FFF73EFF20B192F8340008BD9078FCE745
:1059F0001020FAE7EC11002038B5084C0025D4F847
:105A00000035032B04BF01236360C4F80055C4F8BC
:105A1000005500F0C5FFC4F8805038BD0060045048
:105A2000044B4022C3F88820BFF34F8FBFF36F8F22
:105A3000FFF7E2BF00E100E010B50446FFF7DCFF2E
:105A4000012C06D0022C09D03CB18C213D20FAF764
:105A500099FD074B0222C3F8002510BD044B032219
:105A6000C3F8002502F10042C3F88020F5E700BF2B
:105A700000600450024BD3F8A00300F0010070470F
:105A800000C0FF00084BD3F8A423D3F8A833511C5F
:105A90009BB203D14FF6FF718B4203D0026083802B
:105AA000012070470020704700C0FF000B4B30B54D
:105AB000D3F89053D3F89443D3F89813D3F89C2396
:105AC00005EA04030B401340013317BF05600020B3
:105AD000446081601CBFC260012030BD00C0FF0077
:105AE0000B4B30B5D3F88053D3F88443D3F88813E5
:105AF000D3F88C2305EA04030B401340013317BF8E
:105B000005600020446081601CBFC260012030BD80
:105B100000C0FF00064B0022C3F80022C3F8182281
:105B2000C3F82022C3F80C22C3F81422704700BF28
:105B300000A0085070B5144D0346084695F825603E
:105B400026B940F634213E20FAF71CFD6BB9012E30
:105B50002C6A95F8241005D100F092FD2044AB6921
:105B6000C01A70BD06F0EEFDF8E7012B0AD1012E38
:105B70002C6A95F8241002D100F072FDEEE706F0D1
:105B8000ECFDEBE70020EAE7281200200B4B93F82E
:105B9000310088B193F830307BB1094BD3F8002441
:105BA00042F00102C3F80024D3F8200500F0F6000B
:105BB000023818BF012070470120704728120020CA
:105BC00000A0085008B50128084B1873084B06D0F0
:105BD000022808D04FF474613E20FAF7D3FC032268
:105BE000C3F8002508BD0422FAE700BF28120020F0
:105BF00000A0085008B570B9104B28311846D9607C
:105C00000F4900F06FFF0130012816D940F6BE01A0
:105C10003E20FAF7B7FC01280CD1084B2931184671
:105C2000D960074900F064FF0130012805D940F62A
:105C3000C801EDE740F6CC01EAE708BD8800002086
:105C40007C6E020008B50C4B5B78012B09D100F08B
:105C500055FF013001280ED940F684213E20FAF785
:105C600091FC022B07D100F04FFF0130012802D92F
:105C700040F68A21F2E708BD281200200A4B40F4C2
:105C800009000A4A1B8A40F04000B3F5166F36BF80
:105C9000A3F63813A3F5166343F48073C2F80837EC
:105CA000C2F84005704700BF2812002000A008502D
:105CB00037B50C460546FFF785FF20462146FFF71E
:105CC000DDFF104A01AB284692F90D2000F0A6FE38
:105CD0009DF8050000F01EFF20B140F2B1713E209A
:105CE000FAF750FC9DF9040000F056FC064B40F218
:105CF0000312C3F8442E40F25B62C3F8482E03B08F
:105D000030BD00BF2812002000A008502DE9F0414E
:105D100006460C46174606F088FD0028FBD02F4D9E
:105D20004EBB01236B7095F830301BB9A97B384608
:105D3000FFF7BEFF2A4B4FF47A7253F8273003F572
:105D4000FA73B3FBF2F3274AE41A274BC3F8002196
:105D5000A9690127234B214485F83070234DC5F8EC
:105D60004015C5F8C031FFF711FF044660BB0024A1
:105D70002046BDE8F081012E21D102236B7095F8F9
:105D80003030B3B995F80E803846FFF71BFF404618
:105D9000FFF774FF144BD3F8002442F01002C3F84D
:105DA000002440F20312C3F8442E40F25B62C3F8B1
:105DB000482E0D4B293C0B4AC3F80421C8E74FF489
:105DC0001B613E20FAF7DEFBEF64D5F84C358B42C1
:105DD000CDDA3046FFF70EFFCAE700BF28120020D9
:105DE000F06E02000B00008000A008500050085028
:105DF00048220021014807F055B900BF28120020B1
:105E0000024B0344187D00F5166070477C6E02005B
:105E1000024B186A9B69C01A704700BF2812002005
:105E20000A4B93F82420D3E90630C01A084B03EB41
:105E30008203DB6BC01A074B53F822304FF47A729F
:105E400003F2F313B3FBF2F3C01A704728120020D9
:105E50007C6E0200E46E0200FF2808B504D940F20F
:105E60000D313E20FAF78EFB012904D0022919D00A
:105E700040F27D31F5E7002343F4801340F00070D9
:105E80000A4A43F4847340F44030C2F8203EC2F81A
:105E9000280ED2F8203503F0F703032B05D140F28A
:105EA0009731DEE74FF08073E6E708BD00A00850A9
:105EB000F8B5254E4FF48067C6F89070BFF34F8F4A
:105EC000BFF36F8F06F0ABFC0446204D06F05EFD7D
:105ED0000121001B1E4CA861C4F8A410FFF71AFE94
:105EE0000323C4F8401E2973C4F800354FF400237F
:105EF000C4F80034174B187C00F01EFE03F0C6F8FF
:105F0000154B164AC4F83833154BC3F8C820013A6C
:105F1000C3F8C42040F6FE72124BC4F81433124B7F
:105F2000C3F804250023AB842B862B624FF48073C7
:105F3000C6F89071C4F88834AB6C376103B19847E8
:105F4000BDE8F84000F0C2BD00E100E028120020EA
:105F500000A0085088000020030000800600008098
:105F6000005008500100008000200850014B587379
:105F7000704700BF28120020020E034B0002C3F836
:105F8000342EC3F82C0E704700A00850044B054A6D
:105F9000034490731B7D03F516631382704700BFA3
:105FA0007C6E020028120020F8B5334C06460F46DE
:105FB00094F8313023B940F606113E20FAF7E2FAA0
:105FC00001232E4A84F83030D2F8003443F0010324
:105FD000C2F8003406F029FC0028FBD02EBB0123B8
:105FE000A17B38466370FFF763FE6378012B02D014
:105FF00040F61F11E1E7224AD36402F5A042136084
:106000001F4B3046D3F84C552946FFF7F3FDA369E3
:10601000ED1A76BB1B4B4FF47A7253F8273003F519
:10602000FA73B3FBF2F35819F8BD012EE8D102233D
:10603000A57B38466370FFF7C5FD2846FFF71EFEB7
:106040000E4BD3F8002442F01002C3F8002440F2B3
:106050000312C3F8442E40F25B62C3F8482E627804
:10606000022A02D040F62811A7E7054AD6645E60EE
:10607000C6E705F12900D7E72812002000A0085044
:1060800000500850F06E020008B5FFF73FFE58B907
:10609000064B0122C3F8400503F5A04302201A6114
:1060A000BDE80840FCF786BD08BD00BF00500850A1
:1060B00037B5254B4FF48061244A4FF0FF30D3F8B9
:1060C0008844C3F89004C2F890114FF4002220498C
:1060D00004F48074C3F8002400221E4D2A86C1F8FF
:1060E0004025C3F80821C3F80021C3F80421D3F8E0
:1060F0002015C9B2D1B18DF80700C3F820220122C2
:106100001A619DF8072012B1D3F820223AB19DF808
:1061100007305BB940F672213E20FAF733FA9DF85A
:106120000720013AD2B28DF80720EAE7FFF78AFD8F
:106130000022054BC3F820222A801CB14FF4807244
:10614000C3F8882403B030BD00A0085000E100E08F
:10615000005008502812002070B50024254D264E0E
:10616000C5F84845C5F84445C5F84045C5F84C450F
:10617000FFF79EFF00F0B0FCC5F8C441C6F8084127
:10618000C6F80041C6F80441C5F8C840C5F8C44087
:10619000C6F80441C6F8004102F090FF174B40F6E4
:1061A000FE72C6F83843C6F81443C5F8C041C3F8B8
:1061B00008254FF48062124B1C71C3E90744114B50
:1061C000C5F84845C5F84445C5F84045C5F84C45AF
:1061D000C5F84841C5F84441C5F84041C5F84C41AF
:1061E000C3F89020BFF34F8FBFF36F8FC3F8902198
:1061F00070BD00BF0050085000A00850002008509B
:106200002812002000E100E0014BC3F84C0E70475B
:1062100000A0085010B50FC8014C84E80F0010BD55
:10622000741200200A490B4B10B50124C1F8D00E9E
:10623000D86283F83140FFF7A9FC40B9064BC3F898
:10624000400503200C61BDE81040FCF7B3BC10BD55
:1062500000A008502812002000500850144B9A69E2
:1062600010441A6A824210B5124C09D30220FCF77E
:10627000A1FC00230122C4F840350F4B1A610DE048
:10628000012298601A716264D4F844350533834260
:1062900005D3094BD3F80C120029EFD010BD002311
:1062A000C4F84431054BC4F84405C4F8C431F5E7DB
:1062B000281200200050085000A00850090000805B
:1062C00010B50E4C0346022294F8250022710128D5
:1062D00094F82410227B4FF096000BD100F0DEF9E9
:1062E000074A0023A060C2F84431236A0344C2F87D
:1062F000443510BD00F0ECF9F2E700BF2812002091
:1063000000500850044BC3F8940ED3F8002442F018
:106310004002C3F80024704700A00850054BD3F892
:10632000002422F04002C3F800240022C3F8942E77
:10633000704700BF00A00850044BD3F8183703F093
:106340007F035B4203700120704700BF00A008502C
:106350000028034B14BF0222012299701A70704763
:1063600028120020054B0022C3F84025044AD2F829
:106370002035DBB20BB10123136170470050085088
:1063800000A00850044B30B5D3E90E451B6CC0E9A2
:1063900000450B6030BD00BF28120020F8B506F0A4
:1063A00038FA634C634D0123C4E90E01EB64D5F860
:1063B0004C352364FFF746FC5F4B0022C3F80821ED
:1063C000C3F80021C3F80421C3F80421C3F8002155
:1063D000D3F8001421F01D01C3F8001484F8312013
:1063E000227922B1D5F84421003A18BF0122617800
:1063F00001290AD1D3F81852002D3ED14E4BD3F8C3
:106400002032ABB145F0100512E0022933D14A4BDE
:10641000D3F81852D3F80C3E003D18BF0125D80719
:106420004FEA450558BF45F0040502B345F00105A4
:10643000FFF770FBE906637803D5012B08BF45F031
:1064400020053C4A2678D2F848152162D2F8442526
:1064500084F82530237BE26184F824307EB96670AD
:1064600026712686EA071ED5E36C98472EE015F0C4
:106470000B0FDDD1C2E70025C0E70825D8E715F0EE
:10648000110735D1013EA2784FF0960118BF0126C1
:106490003046FFF74FFBA27801463046278084F84C
:1064A0003070FFF7F1FD15F0020024D0224B0021DF
:1064B000D3F81C0E236D00F0010045EA8000C0F304
:1064C000800080F0010000F0010098476378022B03
:1064D0000DD123795BB1022B164A1AD1236AA16828
:1064E0000B44C2F84435134B144AC3F8C421F8BD19
:1064F000FFF7DEFDB6E715F0280F05F0200104D008
:10650000B1FA81F1636D4909DFE7EB06DED5A36DD2
:10651000ABE7012B04D040F619613E20FAF732F8C0
:10652000A368216A8B42DCD840F61A61F5E700BF08
:10653000281200200050085000A0085009000080D8
:10654000024B03EB8003D86B704700BF7C6E0200E8
:10655000024B03EB8003986C704700BF7C6E020017
:10656000F8B50D4601234778014643700446284696
:10657000164600F039F9074AD2F80431002BFBD057
:10658000677016B9EB78A370AB707B1E5842584108
:10659000F8BD00BF006004502E3008B5362854D82E
:1065A000DFE800F05053535353534D535353535359
:1065B0005353535353534B535353535358535853A9
:1065C0004953475345534353413F3D3B3937353397
:1065D000312F2D2B29272523215A1C003F231F4A09
:1065E000C2F8103708BD3323F9E72D23F7E7282336
:1065F000F5E72323F3E71F23F1E71B23EFE7182336
:10660000EDE71523EBE71323E9E71123E7E70F2372
:10661000E5E70D23E3E70B23E1E70A23DFE709239F
:10662000DDE70823DBE70723D9E70623D7E70523C0
:10663000D5E70423D3E70323D1E70123CFE74FF4C2
:106640009873CCE74FF48873C9E740F20D113F20EF
:10665000F9F798FF0223C2E73923C0E700A00850EA
:106660004FF47A73054A584332F9112000F2E730AB
:106670001044B0FBF3F00238704700BFDC6E02003C
:106680004FF47A73044A00FB033032F911201044AE
:10669000B0FBF3F0704700BFDC6E020038B51D465A
:1066A0000A4B33F9114003EB820305359B681C4408
:1066B0004FF47A7304F6B73403FB00441046B4FB7E
:1066C000F3F42544FFF73CFF284438BDDC6E02009C
:1066D00070B5064608461546FFF73AFF094B03EB2F
:1066E00085039C684FF47A7304F6B73403FB0644C1
:1066F000241A2846B4FBF3F4FFF722FF05302044A8
:1067000070BD00BFDC6E0200024B00221A705A708E
:106710009A707047841200202DE9F8430646012044
:106720000F4615469846DDF82490FFF785F99DF849
:106730002C3006F00302284C42EA03429DF8343024
:1067400042EA03620023C4F80425244AC4F88030D6
:10675000C2F88430A2F58022C2F884310222204B94
:10676000C3F80825BDF828301E4A9380FB6893FAC9
:1067700083FCBB6818BA7B6819BA3B68C4F810C5BB
:106780001BBAC4F81405C4F81815290AC4F81C3536
:106790002D069DF8207041EA0861D9F804302DBA21
:1067A000003F21F00041D9F800001BBA18BF0127B3
:1067B000022EC4F8203500BA41EAC7714FF0010338
:1067C000C4F8240509BAC4F82815C4F82C55537028
:1067D00008BF1370BDE8F883006004500030085013
:1067E00000200450841200202B4B5A782DE9F047EA
:1067F00004460D4622B940F241116C20F9F7C2FE61
:10680000264A03F1080E4F7803F1100603F1380C05
:10681000DFF88C904FF00E08DF809F8403F1480A68
:1068200004379D61C3F81C9083F82780A3F85C703F
:1068300092E80300C3E914498EE80300D2E902019B
:1068400086E80300E91C0026196283F82660D2E975
:106850000401C3E90A668CE80300611C196411494C
:106860005964D2E90601E21C8AE803009A65012115
:1068700083F85E6083F85F80C3E91866AA78A27027
:10688000094AC2F830E5C2F838C599701970C2F8E3
:1068900004611160BDE8F08784120020046F0200DB
:1068A0000100000D0100000C00600450334B5A78C9
:1068B0002DE9F04105460E4622B940F261116C20E7
:1068C000F9F760FE2E4A03F1380C03F1480403F196
:1068D0000807DFF8B080DFF8B0E0C3F844801E6539
:1068E000C3F854E092E80300C3E9085E8CE80300B3
:1068F000711C1964D2E9080184E80300F11C00242A
:10690000996522495C6683F82E40C3E91714D2E9E1
:10691000040187E80300691CC3E90418D2E90601F1
:10692000EA1C03F118089A629A889A850E2288E870
:10693000030083F82F200121C3E90C44B278AA7028
:10694000134AC2F830C5C2F8387599701B780BB974
:10695000A321B4E70F4BC2F80441C2F80841C2F8C2
:1069600080300D4AC2F88430A2F58022C2F884310A
:1069700002220A4BC3F80425BDE8F08184120020EE
:10698000046F02000100000C0100000DE803000E7E
:1069900000600450010000800030085000200450C6
:1069A0000C4B1A788AB100220B490220C1F88020D2
:1069B00001F57431C1F88420A1F58021C1F884214A
:1069C000A1F58051C1F808051A7000225A709A701A
:1069D000704700BF841200200060045008B50B4BC4
:1069E000D3F8082122B10420FCF7E4F8022008BD06
:1069F000D3F8042122B90520FCF7DCF80320F6E7E0
:106A0000D3F80004003818BF0120F0E700600450FC
:106A1000014B01225A607047006004502DE9F04F8D
:106A2000264C85B0054698460E46174600F0C2F83B
:106A300023788146AB4211D16378B3420ED194F9E9
:106A40000230BB420AD1E378834207D1A388A8F879
:106A5000003094F9060005B0BDE8F08F012D06D096
:106A6000022D10D040F28F410620F9F78BFD002057
:106A70000DF10F033A46314600F0A2F8824620B1EC
:106A80004121A920F1E70120F2E730469DF90FB03E
:106A9000FFF7B6F9A91E0346CDF800A04A425846B2
:106AA0004A41414600F03CF8B8F80030A071A3809C
:106AB00025706670A77084F80390CAE79E000020D6
:106AC000014B1B681B681847D0000020014B1B6856
:106AD0005B681847D0000020014B1B689B68184773
:106AE000D0000020014B1B681B691847D000002014
:106AF000014B1B685B691847D0000020014B1B68E5
:106B00009B691847D0000020014B1B68DB691847C0
:106B1000D0000020014B1B689B6A1847D000002062
:106B200030B4044C9DF8085024680295E468A446EB
:106B300030BC6047D000002000220D49134610B53C
:106B400040FA02F4E40744BFCA545C1C02F101029B
:106B500048BFE3B2042AF3D1054AFF24D118032B1E
:106B600001D9107110BD013301F8014BDBB2F6E71A
:106B7000801700209BC70000A1C70000A3C700002A
:106B8000C9C70000A7C70000D3C70000ADC70000F9
:106B9000DDC70000B3C70000E9C70000BFC70000A1
:106BA000C3C70000B5C70000BBC70000D9C70000BD
:106BB000E3C70000014B187D704700BFF8120020AA
:106BC000042810B511D883B104280CBF1024282440
:106BD000A1420AD2064C54F8200018B141568A420C
:106BE000A8BF0A4600201A7010BD6FF01500FBE721
:106BF000F81200200728034611DC10F12D0F10DBDE
:106C0000094A101890F82E0002EBC00292F93C20BD
:106C10009A4207D0002918BF0130C0B270471B202C
:106C200070470020704700BF2C6F0200072808B58E
:106C300007DCFFF7DFFF044B03EBC00393F93C00D5
:106C400008BD0820FCE700BF2C6F0200C0B208B5E9
:106C500020B9044B01229A601A6008BD4D21B5206D
:106C600002F054F800E0105010F0FF0008B513D106
:106C70000B4B01225A60DA600A4AC3F80001107017
:106C8000D3F8082412F0010205D1C3F81021C3F88B
:106C90001821C3F8142108BD7C21B52002F036F874
:106CA00000E010500D130020014B01221A707047B4
:106CB0000D13002008B540B9064BD3F8103113B9B5
:106CC000054B187808BD0120FCE7C221B52002F071
:106CD0001DF800BF00E010500D130020024BD3F848
:106CE000080400F00100704700E01050024BD3F898
:106CF000480400F00100704700E01050024BD3F848
:106D00004004C0B2704700BF00E01050074902467F
:106D1000D1F84C04D1F84C1410F4803005D0D0B226
:106D200001F003031B1A58425841704700E010500D
:106D300038B51A4BD3F80C34DA0304D440F27D1181
:106D40006D2001F0E3FF164A0124164B106A5366CA
:106D500020F03F0094645464136CDB03FCD4136A8A
:106D6000116C03F03F03C1F30A01C1F5806181EAB0
:106D7000E1750B29A5EBE17509DD3F2B04D001334B
:106D800003431362172DE6DC0023936438BD0B31F7
:106D9000F8DA002BF8D0013BF2E700BF00E010501A
:106DA000000812500100008038B50B4C23781BB14D
:106DB00000232370FFF7BCFFEFF3108572B66378F2
:106DC00003F0FF000BB9FFF74FFF05B962B6034BA5
:106DD00000225A6638BD00BF101300200008125070
:106DE000F8B5104E012704460D463318DF7005F044
:106DF000FDFC60B934B90C4B11227771B560C3F852
:106E00000423F8BD40F229116D2001F07FFF002D11
:106E1000F7D01CB90220A847B460F2E74FF4A27182
:106E2000F2E700BF1013002000E01050044B0022D6
:106E3000191803EB80034A719A60CA70704700BF4B
:106E400010130020014B1882704700BF1013002060
:106E5000014B588A704700BF10130020014B188A5D
:106E6000704700BF1013002010B5EFF3108472B606
:106E7000064B03445A780132D2B25A705B78012B28
:106E800001D1FFF7E3FE04B962B610BD1013002074
:106E9000034610B5EFF3108472B611490B445A78CB
:106EA00022B940F25B216D2001F030FF5A78013A9F
:106EB000D2B25A705B7883B90B7D43B1094BD3F8DA
:106EC0000C34DB0306D44B7803F0FF002BB9FFF73B
:106ED000CBFE02E0487D02F099F804B962B610BD1D
:106EE0001013002000E0105010B505F082FC0C4C8F
:106EF00005F07CFC60B1A37D3BB90A4B01229A618D
:106F00000423E3750023237610BD05F075FCF9E733
:106F100003230122E375034BC3F80423F2E700BF08
:106F20001013002000E01050014B01221A6270473C
:106F300000E01050044B587E28B1044BD3F81001E8
:106F4000B0FA80F0400970471013002000E01050A4
:106F500038B50C4B5D7E5DB901245C7605F049FCCB
:106F6000094B1022C3F81051C3F80423DC6138BD6B
:106F7000FFF7E0FF0028FAD040F297216D2001F0E2
:106F8000C5FE00BF1013002000E01050024BD87D5A
:106F9000003818BF012070471013002038B5174C77
:106FA000237D23B940F20A316D2001F0AFFE0123A9
:106FB0002370A37DC3B9A37EB3B1227E013B9A4265
:106FC00012DA05F013FC054601F0BAFFA37E012B8F
:106FD00082BF237E0133237655B1E369C31A01339F
:106FE000022B09D935B1E061BDE83840FFF77CBF1D
:106FF000236AF3E72062F7E738BD00BF10130020D3
:1070000037B5184CA37D63B9606A00F00300FFF741
:107010007DFE30B1EFF3108372B6E27D1AB103B991
:1070200062B603B030BD0122E27503B962B608232F
:107030000D4DC5F808334FF42073ADF80630BDF898
:1070400006309BB25A1E92B2ADF80620002BF6D144
:10705000C5F80C3184F82830FFF746FF0823C5F83F
:107060000433DEE71013002000E010502DE9F74F45
:107070004E4C237D002B00F096800323ADF80430A6
:107080004B4BD3F80051D3F80891D3F8142112B91F
:10709000D3F818216AB10026C3F81461C3F8186147
:1070A000C3F81061637E0BB105F0A6FB667605F0B0
:1070B00016FD3F4BD3F81031002B59D0637E1BB126
:1070C00005F09AFB00236376637913B102238DF8F0
:1070D0000430003D18BF012545F01005354E0DF177
:1070E000040A334B4FF00008F71EC3F808531AF890
:1070F000010B03280AD03B7843B14FF0000B3368F3
:1071000087F800B013B19847C6F800B008F1010342
:10711000043601374FF00108022BE8D1B9F1000F16
:1071200008D0234B0022C3F808210422C3F8082307
:10713000FFF766FF94F82860EA071D4BF6B2D3F814
:107140000C7108D5E27D032A05D1A27DA2B90422E3
:10715000E27501229A61C7B1154B0022C3F80C21D8
:10716000E37D042B0DD040F26D316D2001F0CEFD9A
:10717000002DD3D00125B1E705F03EFB0223E375D6
:10718000E9E70223E37505F037FB66B1002384F8D5
:107190002830E37D022B01D1FFF7A6FE03B0BDE846
:1071A000F04F05F029BB03B0BDE8F08F10130020AD
:1071B00000E010501813002010B5054C606A00F074
:1071C0000300FFF7A3FD0028F8D0002010BD00BF8A
:1071D00010130020F8B5054650B10278022A07D8EE
:1071E000437842B9013B1F2B02D88378212B07D962
:1071F0006FF0150088E0002BFAD18378002BF7D1CF
:10720000634B2022C3F8A020BFF34F8FBFF36F8FD3
:10721000604EC3F8A0217D235F4CC6F808330023DD
:10722000C6F80031C6F80831C6F80C316370A37097
:10723000AB886382FFF752FD10B10123E3706370E6
:10724000D6F80C0440F2563310F4803023821BD061
:10725000FFF72AFD514801F0AFFE4E4E60236075E6
:107260000022C6F804332B78A978012B627662627B
:10727000A375A176227620D0022B17D0F3B140F26D
:1072800022516D2001F042FDC6F81001FFF7DEFC2F
:10729000404AD2F81031002BFBD0FFF749FD002007
:1072A000FFF7E2FC3E4B00225A66D3E705F0A1FA55
:1072B000D6F80C34D903FBD502236362FFF716FD21
:1072C00040B3FFF71BFD636A03F00303984221D12B
:1072D000AB79D3B9FFF770FFA37E63B12B7853B9B5
:1072E00005F084FA054601F02BFE6FF00043002DF7
:1072F0004BD0C4E907030123202200202375244B2F
:10730000E075C3F8A0211A62F8BD224B0422C3F82D
:107310000423E1E71F4B012200215A61C3F8081141
:1073200094F82410C3F840141A610422C3F804230B
:10733000AA79002AD0D1D3F80423520702D440F20C
:10734000D5419EE7174A1769116907F0100741F008
:1073500010011161D3F808310BB905F019FE0D4E7B
:10736000D6F8083173B1FFF727FF27B90D4A136923
:1073700023F0100313610423C6F808330023C6F872
:107380000831A9E705F002FEEAE7C4E90730B2E7F1
:1073900000E100E000E0105010130020A96D000093
:1073A0000008125000ED00E038B50C4B0C4619797E
:1073B00019B183216F2001F0A9FC60B95D790DB18D
:1073C000002038BD01225A71FFF74EFD21462846A4
:1073D000FFF706FDF4E76FF01500F2E73C1300201D
:1073E00038B50B4D04462B791BB19A216F2001F063
:1073F0008DFC50B96B790BB9002038BDFFF716FD35
:1074000020466C71FFF744FDF6E76FF01500F4E7D6
:107410003C13002010B501B3F0B14FF0FF33104A18
:107420001C46E0FB0134944203D9DB216F2001F0BC
:107430006DFC1A0DC3F30F100A4B42EA04324FF2EF
:107440002444B2FBF4F100EB024003FB1100B0FB5B
:10745000F4F040EA0140013010BD0846FCE700BFEF
:107460003F420F00000024F4014B9B68184700BF07
:107470003C130020014BDB68184700BF3C13002081
:10748000014B1B69184700BF3C13002008B5064B91
:107490001B7923B140F237116F2001F037FCBDE8B2
:1074A0000840FFF77BBD00BF3C130020034B1A7957
:1074B0000AB9FFF7CDBC988D704700BF3C13002080
:1074C000034B1A790AB9FFF7C9BC988A704700BF05
:1074D0003C130020024B1B790BB9FFF791BD70479D
:1074E0003C130020014B9B69184700BF3C13002050
:1074F00038B51D4C237933B3FFF7C2FF50B91B4D8C
:10750000C5F81001FFF7B0FFD5F81031002BFBD004
:10751000FFF7B0FF154B6022C3F80423636A984756
:10752000002806DB94F82E3023B10123002084F8D4
:10753000303038BDFFF7D6FF0028F6DA40F28D1163
:107540006F2001F0E3FB0A4BA3610A4BE3610A4B96
:1075500023620A4BA3600A4BE3600A4B2361FFF7E7
:1075600039FE0028E1D0E4E73C13002000E0105091
:10757000B971000005C800008D6F0000F3C700005E
:10758000F9C70000FFC7000038B5084B04461D7955
:1075900025B140F2E1116F2001F0B8FB00F05CFE74
:1075A0002046FFF74FFC284638BD00BF3C130020A3
:1075B00008B5074800F03EFE054800F019F801F054
:1075C00075F901F097F800F035FA012008BD00BF09
:1075D0007013002008B5054B1A781AB12721032033
:1075E00001F094FB5860197008BD00BF78130020AB
:1075F000024B986000221A705A607047781300207E
:10760000F7B51E4C2378012BDAB204D0022A2ED013
:10761000012003B0F0BD0DF10701606800F026FA0B
:1076200065686B7DDB071CD5AB7F042B19D000F0A0
:1076300095FE0646A8B100F097FE2B69D5E9002714
:107640009A18B36847F100070A332CBF01250025BB
:107650001B1845EB01059342BD4102D3606800F061
:10766000D3FA0023636023709DF80700D1E70DF182
:107670000701606800F004FAF3E700BF7813002008
:1076800073B505460C4600F069FE0646AB7F012B3C
:107690001AD021462B4604F1180251F8040B9142EE
:1076A00043F8040BF9D101230DF107012846AB770C
:1076B00000F0DCF916B1012002B070BD034B0421CB
:1076C000986805F0C5FBF6E70020F5E77813002081
:1076D000024B0621986805F0BBBB00BF7813002061
:1076E000042300F118028377002303764376837620
:1076F000C376044B196811B91A605A60704759680B
:107700000A60FAE7841300202DE9F843174E00249D
:1077100007468846B368204633B928B3144B187817
:10772000BDE8F84301F072BC53E9061553F8082C84
:10773000D3F80090521845F10005BA4275EB0805E0
:1077400010D24CB1226812682260A3F11800FFF732
:10775000C7FF01204B46DFE7B268002AF5D0126868
:10776000B260F2E71C46F5E7BDE8F8838413002019
:10777000D400002000232DE9F04713600646324B69
:10778000986800285DD0A0F1180550E9063CB34286
:107790007CEB01040AD250F8084CE3184CF1000CC1
:1077A0009E4271EB0C043CBF33468C4650F8104CA3
:1077B00000270A3447F10000E3184CEB000C284680
:1077C000D5F81890B9F1000F3BD059E906E89E456D
:1077D00078EB0C0435D290F814A019F8044CA245AB
:1077E00026D08CBF01240024F4B105F11803B6455E
:1077F000136078EB01030CD259F8083C13EB0E032D
:1078000048F100089E429E4671EB08033CBFB64615
:10781000884659F8103CA9F118000A3347F1000CCA
:1078200013EB0E0348EB0C0CAD6955B1183DC7E7DF
:10783000B9F80440B0F81CA0A4EB0A04C4F3C034A7
:10784000D2E7BDE8F08700BF841300202DE9F04F98
:1078500085B082834F4A04460091D2F808C094F85C
:107860001580D0E90030BCF1000F40D0ACF1180118
:10787000002708F00109D1E90026934270EB0605C4
:107880006ED3B9F1000F2CD0277D0D7DAF4228D3E8
:107890008D68AD1846F1000615F10A0A46F1000E92
:1078A000534570EB0E0219D22269D21840F100073D
:1078B00092457EEB070B01D252467746AA42B7416A
:1078C0000FD220460024FFF70BFF334B187801F04E
:1078D0009DFB009B1C7005B0BDE8F08F1A46074663
:1078E000ECE78A690F4622B1A2F11801C3E76246AC
:1078F000674618F0010F38D0A168C91840F1000B95
:10790000019192B3019DD2E9001615F10A0E4BF1D7
:107910000005714576EB050527D294F814E0157D36
:10792000AE4519D395686D1846F1000615F10A09A0
:1079300046F100084B4570EB080113D22169C918C4
:1079400040F1000E894578EB0E0A01D24946C64641
:10795000A9427EEB060EB4D3926932B1183AD1E750
:107960000A46C6E719468646F2E704F118035FB1F6
:10797000BA69A261BB6103AA00200021FFF7FAFEE9
:10798000231A5C425C41A4E7024AC4F818C0936021
:10799000F1E700BF84130020D4000020F8B5244C88
:1079A0000023E360EFF3108272B621686360E16048
:1079B000236002B962B60026E36803B9F8BD9A797C
:1079C000A3F11800032A07D11A6801219E7153F808
:1079D0000C3CE2609847EFE7196851B1A1F1180338
:1079E000074600229D7F042D09D09B7F032B02D1E7
:1079F000B2B9E16017E063219F2001F087F9B0F888
:107A00001CC09D8BA5EB0C052D049D6944BF07F19F
:107A100018021846002DEBD01F46A5F11803E1E728
:107A200013681B681360C36802218677D2E700BF22
:107A30008413002010B50A4C2378FF2B04D04FF498
:107A400083719F2001F062F9064801F0B5FA064BF8
:107A5000002220709A601A605A601A8210BD00BF1E
:107A6000D40000209D79000084130020034B1A8A63
:107A700010B4541C1C8210BCFFF7E8BE8413002015
:107A800037B504460D4601AA00210020FFF772FE1B
:107A9000231A04F11801584258412870044805F08F
:107AA000FDF910B100230120A37703B030BD00BF62
:107AB0008C13002038B5114B044600F118011A68E8
:107AC000B2B11A6800209AB191420ED108B1A569ED
:107AD00005601D68A94204BF12681A605A68914285
:107AE00000D158600023A37707E010461268EAE748
:107AF000034805F0D3F90028F4D138BD84130020E1
:107B00009013002037B505460C46FFF7FDFD01AA8E
:107B100028462146FFF72EFE28B100F11803034A3C
:107B2000536103B030BD0346F9E700BF8413002062
:107B300010B5064C616904F1080005F0AFF918B101
:107B4000606900231838636110BD00BF84130020F2
:107B50009C46144BF0B59D68FDB115F8043C183DEA
:107B6000834218D812F10A04D5E900364CF100011D
:107B7000A34276EB01070BD22F69FF1846F10006EE
:107B8000A7428E4107D3B4F10A0041F1FF31F0BDA5
:107B90001C463146F7E7AD69DEE74FF0FF3001469E
:107BA000F5E700BF8413002008B5837F022B1CD1AA
:107BB000437D13F0020302D00023837708BD032224
:107BC000037643768376C3760D4B827700F11802F5
:107BD000196839B91A605A600A4B1878BDE808402C
:107BE00001F014BA59680A60F5E7837F012BE5D0EC
:107BF000837F042BE2D04FF4FA719F2001F086F8C6
:107C000084130020D400002010B500F118010446B0
:107C1000084805F043F920B94FF4FF719F2001F0A7
:107C200075F82046FFF75CFD034BBDE8104018785F
:107C300001F0ECB98C130020D40000202DE9F74F9F
:107C4000D0F810E0BEF1000F04D040F21D219F20BB
:107C500001F05CF8836890F814800193D0E9001477
:107C6000EFF3108972B6274BB3F810C09B686BB165
:107C7000019D183B0A35D3E900264EF1000A6D1824
:107C800044EB0A0A95427AEB060707D2B9F1000FD6
:107C900035D0C0E9001403B0BDE8F08F8A4276EB1E
:107CA00004070CD31F69BF1846F1000BAF427BEBF2
:107CB0000A0B34BF0125002575B99B69D7E712F17E
:107CC0000A0A9D6846F1000715EB0A0547F100070F
:107CD000A94274EB0707ECE71D7DA84509D0ECD954
:107CE00012F10A019D6846F10004691844F100048C
:107CF000E3E79D8BA5EB0C052D04DED5F0E762B61E
:107D0000C7E700BF84130020034B187800F0FD0084
:107D1000431E584258417047A0130020024B0521D2
:107D2000586805F095B800BFA013002038B5FFF7DC
:107D3000FFFE002580B1094CC4E90205256100F071
:107D4000F7FCA068022329468377C3689847D4E9E3
:107D5000060104F07FFE012038BD00BFA013002003
:107D6000064B986810B520B94FF42471B02000F08C
:107D7000CDFFC3680521BDE810401847A0130020BF
:107D80002DE9F74F2F4C814694F82430266A002BBA
:107D90003AD1FFF7B9FF804618B1E38C9E4238BF55
:107DA0001E4600F0C1FD83190F46054641F1000152
:107DB0001846CDE90013FFF7A5FE40B3019B0099DB
:107DC000D0E900AB534571EB0B0205D2BAEB0605C7
:107DD000534659466BF1000728461B4AC4E9063151
:107DE00000233946C4E90A57236300F071FD504669
:107DF000594604F070FEB8F1000F02D0E38C9E42A9
:107E00001DD00223114A13E04FF00008C9E794F88F
:107E1000243033B12378023B012B02D8636B01205D
:107E20009847002584F8245004F056FE2B46084A53
:107E300084F83830C9F8002003B0BDE8F08F012382
:107E4000E0E700BFA01300201D7D0000817F00003F
:107E500059CA00002DE9F04780460F469146444C30
:107E6000002B6FD04FF0000AD3E90065C4F830A0B2
:107E7000864275EB01033CBF0D4606462946304657
:107E8000C4E9066504F027FEE38CB6EB080803F1AD
:107E9000640365EB070743455346BB410FDA94F88B
:107EA00024304BB12378023B012B02D8636B0120B5
:107EB0009847002384F82430FFF726FF8246236A80
:107EC00003F5E173984577F100071CDABAF1000F6A
:107ED00010D0E08C274A301A65F10001C4E90A018C
:107EE00000F0F6FC0623244A84F83830C9F8002054
:107EF000BDE8F0871F4A30462946C4E90A6500F00C
:107F0000E7FC0523EFE704F0E9FDFFF7B3FAE08CA7
:107F1000236ABAF1000F0BD0984209D9301A154ADA
:107F200065F10001C4E90A0100F0D2FC0123DAE79F
:107F3000F01A104A65F10001C4E90A0100F0C8FC1A
:107F40000223D0E794F8243033B12378023B012B8D
:107F500002D8636B01209847002584F8245004F070
:107F6000BDFDFFF787FA04F0B7FD2B46034ABBE7D8
:107F7000A01300201D7D0000817F000059CA000071
:107F8000023970B50546032900F20D81DFE801F0E2
:107F900006020840854B002283F83920002024E0A7
:107FA000824C94F83830042B09D8022B28D8013B96
:107FB000012B1BD940F27911B02000F0A7FE053B40
:107FC000012BF7D8FFF71CFB0028E7D000F09CFC42
:107FD00000F0AAFC06460C46FFF794FD2A4603462D
:107FE00021463046FFF736FF022070BDFFF708FB41
:107FF0000028D3D000F088FC2846FFF7C1FEF3E745
:10800000FFF7FEFA0028C9D0012384F83930C5E70C
:10801000664C94F83830013B052B00F2C180DFE854
:1080200003F0032956788097FFF76EFE10B194F89D
:10803000240010B140F28311BEE7636B984701231F
:1080400084F8243000F070FCA36A594AC01A236BEC
:108050009842ACBF2063236304F118000BC8C01A18
:1080600061F10001C4E90A0100F032FC022384F846
:10807000383093E704F031FDFFF7F6F900F054FCD7
:10808000A36AC21A236B9A42B8BF1A462263FFF74B
:108090003BFED4E9063168B194F8240050B9E28C73
:1080A000981A434A61F10001C4E90A0100F010FC8A
:1080B0000323DCE7323B41F1FF31981841EBE271D9
:1080C0003B4AC4E90A0100F003FC0423CFE7FFF7B1
:1080D0001BFE10B194F8245015B14FF4DA716BE720
:1080E00000F022FCA36AC01A236B9842ACBF206345
:1080F00023632846636B98470123D4E9060184F87B
:1081000024303238236B41F1FF31C01841EBE37169
:10811000D6E700F03DFB78B194F83930002B7FF4BE
:1081200057AFFFF703FE00283FF452AF002384F857
:108130003830204B2B6057E700200021FFF7E2FC8E
:1081400008B1FFF761FD04F0C9FCFFF793F953E7AD
:10815000FFF7DAFD10B194F8245015B14FF4FD711A
:108160002AE700F0E1FBA36AC01A236B9842ACBF78
:10817000206323632846636B984701230C4A84F8E5
:108180002430236BD4E90601323841F1FF31C018A5
:1081900041EBE371C4E90A0100F09AFB052366E7AD
:1081A0004FF4047108E740F2152105E7A013002001
:1081B0001D7D0000B981000002392DE9F04106461D
:1081C00004292FD8DFE801F0030A0C2E0F00184A0B
:1081D0001378003B18BF012382F8243000201FE0F1
:1081E000FFF70EFAFAE7DFF8488000F0B1FA00F086
:1081F0009BFB0C460546FFF785FC0746D8F80800B0
:10820000FFF7D2FC002300222846C8F808300023DC
:108210002146C8E906233B463246FFF71BFE0220F3
:10822000BDE8F08140F23B21B02000F06FFD00BFBF
:10823000A0130020064A002310B5064C02606060BF
:1082400084F838302370FFF73BF93230206210BDDC
:1082500059CA0000A013002008B5074B5A681168DE
:10826000064A914204D040F27521B02000F04EFD44
:108270003230186208BD00BFA013002059CA0000A8
:1082800010B5EFF3108472B6034B0421586804F064
:10829000DFFD04B962B610BDA013002008B5094B7C
:1082A0009A6822B940F29621B02000F02FFDD3E960
:1082B0000621BDE808408018034A41F1000100F0A2
:1082C00007BB00BFA0130020617D000008B5064B6E
:1082D0009B6823B94FF42771B02000F017FDBDE86B
:1082E000084000F011BB00BFA013002008B5054BEB
:1082F0009A6822B940F2A221B02000F007FDD860B0
:1083000008BD00BFA013002008B5054B9A6822B92C
:108310004FF42A71B02000F0F9FC186108BD00BFCD
:10832000A0130020054B1B6910B523B940F2AE2104
:10833000B02000F0EBFCBDE810401847A01300206F
:10834000054BDB6810B523B94FF42D71B02000F058
:10835000DDFCBDE810401847A0130020014B9868D1
:10836000704700BFA013002008B5054B9A6822B9DA
:1083700040F2BF21B02000F0C9FCD3E9060108BDDE
:10838000A013002008B5FFF7BFFC08B1014BD88C43
:1083900008BD00BFA01300200028ADBF00F1604061
:1083A00000F00F00044B00F56140B4BF185C90F87A
:1083B00000034009704700BF14ED00E02DE9F041D3
:1083C00005460E46E1B9114F3B681BB18621452099
:1083D00000F09CFC38600E48FFF788FF0D48FFF75F
:1083E00093FF04F0D3FA6B7D04465B0708D504F0D5
:1083F00016FA0A34241A7C6000F0A8FA0028FBD090
:108400002B6A3146686ABDE8F0411847E013002046
:108410003984000019840000064B1B6810B51BB995
:108420007221452000F072FC1A6A0421586ABDE8E6
:1084300010401047E0130020064B1B6810B51BB915
:108440006C21452000F062FC1A6A0321586ABDE8DD
:1084500010401047E0130020024B00221A601A81DE
:10846000704700BFE013002008B5074B1A681AB91F
:10847000B921452000F04AFC0449D16000221A606D
:10848000BDE80840FFF724B9E0130020BD830000D9
:1084900030B587B00C46182200210546684604F026
:1084A00001FE637A4FF000026168C3F3800302911A
:1084B00083F0010363F38202237A8DF81430224B98
:1084C0008DF81520039323785BBB9DF81500D4E944
:1084D00004324007CDE9003207D50A3B01F10A0119
:1084E00042F1FF320291CDE90032637A69469DF88C
:1084F0001520C3F3400322F003025B0043F00103A5
:1085000013438DF81530114B5868C0F30800B8B10B
:108510001038FFF741FF98B92846FFF7B1F807B0C8
:1085200030BD2369049304F074F99DF815305B079E
:1085300044BF029B0A33CDE9000148BF0293D4E750
:10854000284604F074F9EAE7BD83000000ED00E07E
:1085500008B50A4B02465868C0F3080040B110380D
:10856000FFF71AFF20B91046BDE8084004F0A5B98E
:108570001046BDE8084004F071B900BF00ED00E00E
:1085800008B50A4B1B6823B94FF4EE71452000F083
:10859000BDFB5B7D5B0703D4BDE8084004F0F6B982
:1085A00004F0F4F90A3041F1000108BDE0130020A5
:1085B00070B50B7886B023B140F21F21452000F042
:1085C000A5FB4C7A4FF000060593C4F380034D6879
:1085D00083F00103029563F382060B7A8DF8143061
:1085E0000F4B8DF8156076070393D1E90431CDE97F
:1085F000003107D50A3B05F10A0541F1FF3102952B
:10860000CDE900319DF81530C4F340046946049269
:1086100064F341038DF8153004F009F906B070BD1C
:10862000BD8300007FB504F0F4F8002305930B4BE5
:10863000039340F21E2302934FF0FF33CDE9000174
:10864000694607480493FFF71BF818B9B021432087
:1086500000F05CFB07B05DF804FB00BF89860000FA
:108660001814002010B5074C94F820304BB9FEF7D1
:1086700007FF30B9012384F82030BDE81040FFF730
:10868000D1BF10BD1814002008B505292DD8DFE88A
:1086900001F0032E282C2C0D04F0B7F8144804F038
:1086A00077F91E38BDE8084004F0B5B8FEF7E8FEDB
:1086B00038B10F4B002283F82020BDE80840FFF7B7
:1086C00007B804F0A4F808B904F09FF800214FF4AB
:1086D000007004F02DF90028E0D1CE21432000F0F5
:1086E00015FBBDE80840FFF79DBFDA21F6E708BD9E
:1086F000181400204FF000430B4A0021C2F88030CC
:10870000A2F58022C2F88031012302F57832C2F846
:108710000435A2F58022C2F804352022034B184606
:1087200083F8201004F0BEBC00400C501814002048
:1087300008B50FF0CDFC054AD2F8583743F00103D5
:10874000C2F85837BDE80840FFF78CBF00200E5034
:1087500008B50FF0CDFC0B4AD2F8583723F00103CF
:10876000C2F858370122084B5A604FF0FF32C3F865
:1087700008232022054BC3F89021BDE8084000F0F3
:10878000C3B800BF00200E500050085000E100E0C8
:1087900008B5FEF775FEB0B90D4BD3F800314BB9F3
:1087A0000C4A536A0133312B53620BD98121432088
:1087B00000F0ACFA04F02BF808B18521F7E704F0DB
:1087C00022F8012008BD034B00225A62F9E700BFDE
:1087D00000E010501814002040F20251014808B582
:1087E00000F08AFA769C02001848202208B5C0F8EA
:1087F0009020BFF34F8FBFF36F8F154BC0F89021C0
:10880000D3F8041521F00301C3F80415D3F80815B3
:1088100041F00301C3F8081592FAA2F1B1FA81F10F
:10882000092904DD40F29F310A4800F065FAC3F8D7
:10883000101501215960D9604FF00041C3F8801034
:108840004FF0FF31C3F80813026108BD00E100E0FA
:1088500000500850769C0200124B4FF4E062C3F8BF
:1088600038230022C3F8AC25C3F8BC25C3F8CC25B7
:10887000C3F82021C3F82421C3F8282120220A4B61
:10888000C3F89C21C3F89C20BFF34F8FBFF36F8FB9
:10889000C3F89020BFF34F8FBFF36F8FC3F89021C1
:1088A000704700BF00200E5000E100E008B5FFF760
:1088B000D3FF054B4FF4A062C3F834232022034BAF
:1088C000C3F89C21DA6108BD00200E5000E100E0F1
:1088D0000B4B10B51C681CB14B21042000F016FA9C
:1088E000B1F5801F1A6001D3FFF776FF054B012217
:1088F000C3F8A005C3F8A415C3F8AC2510BD00BF8C
:108900004014002000200E50054A136833B10023A4
:108910000449C1F8AC35C1F820311360704700BF7D
:108920004014002000200E5030B54FF0FF30064CB0
:108930006FF04041D4E90023904271EB0305F9D375
:108940001046C3F3130130BD40270E5008B5FFF7A2
:10895000EBFF044BD3E90223904299412CBF012045
:10896000002008BD4014002008B5FFF73DFF024B72
:1089700001221A6008BD00BF0050085010B5FFF773
:1089800033FF0F4C0023C4F8BC35C4F82431FFF783
:10899000CBFF0A3041F10001B1F5801F01D1FFF793
:1089A0001BFF4FF00043C4F8B005C4F8B415C4F879
:1089B000A4310123C4F8BC35024BC3E9020110BD48
:1089C00000200E5040140020144BD3F8342312F42E
:1089D000A06F10B503D1FA21042000F097F9D3F865
:1089E000202162B100220E49C3F8AC25C3F8202132
:1089F0000B6813B94FF48171EEE70A609847074B93
:108A0000D3F828214AB10022C3F8CC25C3F8282185
:108A1000034BBDE810401B69184710BD00200E50E5
:108A200040140020034610B3007888B91A79012A4F
:108A30001ED85A79012A1BD89A680E49643A8A428C
:108A400016D8D8680C4B98422CBF002001207047E4
:108A500001280CD11A79012A09D85A79012A06D895
:108A6000DA680449643A8A4201D89868EAE7002043
:108A7000704700BF3C8601000040420F70B50446BD
:108A800003F0C7FE40F2F966656AD4E90632963310
:108A900042F100025B1905F5DF6542F10002B5FB0A
:108AA000F6F55B1942F1000283428A410ED294F836
:108AB0002A30052B03D0B3216A2000F027F90A21C0
:108AC000236A94F858009847B621F5E7044C2368C8
:108AD00013B1984700232360BDE87040FFF7C4BC82
:108AE0005414002070B504460D4639B9012380F8AE
:108AF0005930FFF7C3FF0226304670BD0E78032EB3
:108B000070D801A353F826F0F78A0000198B0000F3
:108B1000838B00003B8B00004868C72801D80026E3
:108B2000EAE7042103F004FF0028F8D003F075FE03
:108B30006968204603F0F7FFDEE790F8286006BB7F
:108B40004D682846FFF76EFF00284BD02B78D3B92D
:108B5000012121702B796A79003B18BF0123002A7B
:108B600014BF0422022243F004032272AA68A53231
:108B70006260EA6863720323226184F82A3084F811
:108B800029102046B5E794F82A30052B04D040F28E
:108B900093116A2000F0BAF8267004F130002B79A6
:108BA0006A79003B18BF0123002A14BF0422022265
:108BB00043F004032272EA686372A532A968626016
:108BC000D4E906325B1842EBE1722146C4E9043273
:108BD000042384F82A30FFF75BFC0028D1D140F24F
:108BE0009511D6E7012384F85930CAE72DE9F843F7
:108BF0008846074658B300F02FF84FF000090446A6
:108C00005FFA89F6B44203D86FF00B00BDE8F88331
:108C1000304609F1010900F025F890F82A50002D9E
:108C2000EED1304600F01EF80A490446058580F86A
:108C30002A50024680F85860303003F024FF0123A8
:108C40002762284684F82A3088F80060DEE76FF053
:108C50001500DBE735CB0000014B1879704700BFEA
:108C600058140020044B1A79824283BF1B6860228B
:108C700002FB003000207047581400200A4610F014
:108C8000030110B50AD1074C2271206008B90020F9
:108C900010BD60235A4304F005FAF8E76FF00D00A9
:108CA000F6E700BF58140020BFF34F8F0549064B6D
:108CB000CA6802F4E0621343CB60BFF34F8F00BF7A
:108CC000FDE700BF00ED00E00400FA05084B0122BB
:108CD0005A604FF0FF32C3F808238022054BC3F8D7
:108CE0008820BFF34F8FBFF36F8FC3F88821704781
:108CF0000070045000E100E008B572B6024B5B68FA
:108D000003B19847FFF7D0FF601400201FB572B67B
:108D1000144B5C6894B9FFF7C7FFB2FBF6F22B4621
:108D20005D1C002AF9D1DBB203F110056D4405F892
:108D30000C2C0A2233B901A8A047ECE70246002315
:108D40000A26EDE7013BDBB203F110050DEB05064A
:108D5000B0FBF2F502FB1500303006F80C0C28468B
:108D6000E8E700BF60140020F8B5234F05460C4625
:108D700016463B78002B3CD103F037FD7E601F4B3D
:108D800001263C814FF48062C3F8A4601C4BC3F8F9
:108D90009020BFF34F8FBFF36F8FC3F89021FFF781
:108DA00095FF184B002D14BF28461846FEF7A0FB70
:108DB0000546E0B9FFF750FBFEF78CFB03F097FF89
:108DC000FEF7F6FB18B9B8211120FFF79FFF002C22
:108DD0000BDB04F01F036409A4009E4004F160440F
:108DE00004F56144C4F88061266001233B70284685
:108DF000F8BD4FF0FF35FAE76014002000A00850DE
:108E000000E100E044700200074BB3F90830002B8A
:108E100009DB5A09012103F01F03994002F14003C5
:108E2000024A42F8231070476014002000E100E07D
:108E3000014B1878704700BF601400202DE9F84FEF
:108E40000746894693469846374CDFF8E0A0384DF0
:108E50002E780136F6B2D5E84F3F0133DBB2C5E8D4
:108E6000403F0028F7D101216160C4F80001C4F837
:108E70000401EFF3108072B62E4BC5F80490AB607E
:108E8000C5E905B33B68C4F810357B68C4F81435F0
:108E9000BB68C4F81835FB68C4F81C35264BC4F809
:108EA00030351033C4F83835216000B962B6D4F8D3
:108EB00000312BB9D4F8043113B92B789E421CD061
:108EC000B8F1000F09D00A9B3BB1D4F840350A9A9B
:108ED000C8F80030D4F83C351360D4F80431002BC6
:108EE000B5D12978B142B2D1C4F80031C4F8043107
:108EF0000323C4F80833BDE8F88FDAF81030DB0636
:108F0000D5D503238021C4F804330C4BC3F8881152
:108F1000D4F80031002BCAD1D4F80431002BC6D1CB
:108F200004F034F8C3E700BF0070045000ED00E027
:108F30006C1400201000000B7014002000E100E011
:108F40001A4B4FF4000270B5C3F89820BFF34F8F4F
:108F5000BFF36F8F164C0021164DC4F80011C3F8F3
:108F600098212E692B6906F0100643F010032B613F
:108F70000123C4F804332360D4F800319BB11EB937
:108F80002B6923F010032B610123D4F808054FF45B
:108F900000026360C4F808330023C4F80031034BB7
:108FA000C3F8982170BD03F0F1FFE5E700E100E0B0
:108FB00000700D5000ED00E038B50B49042301EBC3
:108FC000C302157905F0FF042DB1013BF7D2402112
:108FD0006920FFF79BFE41F8330001215471D8B29C
:108FE0009471117138BD00BF90140020042808B599
:108FF00003D947216920FFF789FE034B002203EBC9
:10900000C0031A7108BD00BF90140020042808B5E1
:1090100003D950216920FFF779FE094B03EBC0000B
:109020000379012B01D05121F4E74379827901338F
:10903000DBB29A4218BF4371BDE80840FFF7E4BEB7
:109040009014002038B505240F4D95F8281005EB35
:10905000C1031A79012A09D158799A79904205D029
:109060005A79D2B29A7155F83130984795F828302C
:10907000013C0133DBB2052B28BF002314F0FF04B1
:1090800085F82830E1D138BD90140020094B0A4AF8
:10909000C3F800230132C3F80C230132C3F81823AC
:1090A0000132C3F820230132C3F81C230132C3F874
:1090B0001021704700A0085004000080074B0022D8
:1090C000C3F80023C3F80C23C3F81823C3F82023E4
:1090D000C3F81C23C3F81021704700BF00A008503C
:1090E000844641EA000313F0030359D1403A33D3D5
:1090F000F0B4F0C9F0C0F0C9F0C0F0C9F0C0F0C9D8
:10910000F0C0403AF5D2F0BC26E0403A24D300BF8C
:109110000B6803604B6843608B688360CB68C360F7
:109120000B6903614B6943618B698361CB69C361DF
:109130000B6A03624B6A43628B6A8362CB6AC362C7
:109140000B6B03634B6B43638B6B8363CB6BC363AF
:1091500040304031403ADBD230320BD30B680360F1
:109160004B6843608B688360CB68C36010301031FC
:10917000103AF3D20C3205D351F8043B40F8043BCB
:10918000043AF9D2043208D0D2071CBF11F8013BCF
:1091900000F8013B01D30B8803806046704700BF95
:1091A000082A13D38B07B0D010F00303ADD0C3F15E
:1091B0000403D21ADB071CBF11F8013B00F8013B86
:1091C000A3D331F8023B20F8023B9EE7043AD9D3FF
:1091D000013A11F8013B00F8013BF9D20B7803701A
:1091E0004B7843708B78837060467047E7D00000FF
:1091F000F3D00000F7D00000FFD0000003D1000042
:1092000080F0004002E000BF81F0004142001FBF3B
:109210005FEA410392EA030F7FEA226C7FEA236C44
:109220006AD04FEA1262D2EB1363C1BFD218414039
:1092300048404140B8BF5B42192B88BF704710F0CF
:10924000004F40F4000020F07F4018BF404211F072
:10925000004F41F4000121F07F4118BF494292EADA
:10926000030F3FD0A2F1010241FA03FC10EB0C0006
:10927000C3F1200301FA03F100F0004302D5494293
:1092800060EB4000B0F5000F13D3B0F1807F06D340
:1092900040084FEA310102F10102FE2A51D2B1F138
:1092A000004F40EBC25008BF20F0010040EA03002D
:1092B0007047490040EB0000013A28BFB0F5000FAD
:1092C000EDD2B0FA80FCACF1080CB2EB0C0200FA63
:1092D0000CF0AABF00EBC25052421843BCBFD040B2
:1092E0001843704792F0000F81F4000106BF80F42C
:1092F00000000132013BB5E74FEA41037FEA226CEF
:1093000018BF7FEA236C21D092EA030F04D092F0B9
:10931000000F08BF0846704790EA010F1CBF0020ED
:10932000704712F07F4F04D1400028BF40F000404A
:10933000704712F100723CBF00F50000704700F06A
:10934000004343F0FE4040F4000070477FEA226291
:1093500016BF08467FEA23630146420206BF5FEA62
:10936000412390EA010F40F4800070474FF0000362
:1093700004E000BF10F0004348BF40425FEA000C29
:1093800008BF704743F0964301464FF000001CE0D1
:1093900050EA010208BF70474FF000030AE000BF27
:1093A00050EA010208BF704711F0004302D5404265
:1093B00061EB41015FEA010C02BF844601460020D7
:1093C00043F0B64308BFA3F18053A3F50003BCFAF2
:1093D0008CF2083AA3EBC25310DB01FA02FC63449F
:1093E00000FA02FCC2F12002BCF1004F20FA02F2A6
:1093F00043EB020008BF20F00100704702F1200299
:1094000001FA02FCC2F1200250EA4C0021FA02F2F9
:1094100043EB020008BF20EADC7070474FF0FF0CFE
:109420001CEAD0521EBF1CEAD15392EA0C0F93EAF9
:109430000C0F6FD01A4480EA010C400218BF5FEA9B
:1094400041211ED04FF0006343EA501043EA51110E
:10945000A0FB01310CF00040B1F5000F3EBF490008
:1094600041EAD3715B0040EA010062F17F02FD2A0C
:109470001DD8B3F1004F40EBC25008BF20F00100EF
:10948000704790F0000F0CF0004C08BF49024CEA06
:10949000502040EA51207F3AC2BFD2F1FF0340EA98
:1094A000C250704740F400004FF00003013A5DDC09
:1094B00012F1190FDCBF00F000407047C2F100024A
:1094C000410021FA02F1C2F1200200FA02FC5FEA37
:1094D000310040F1000053EA4C0308BF20EADC7081
:1094E000704792F0000F00F0004C02BF400010F4F3
:1094F000000F013AF9D040EA0C0093F0000F01F0A0
:10950000004C02BF490011F4000F013BF9D041EAC1
:109510000C018FE70CEAD15392EA0C0F18BF93EAC3
:109520000C0F0AD030F0004C18BF31F0004CD8D1ED
:1095300080EA010000F00040704790F0000F17BF74
:1095400090F0004F084691F0000F91F0004F14D0BA
:1095500092EA0C0F01D142020FD193EA0C0F03D112
:109560004B0218BF084608D180EA010000F0004015
:1095700040F0FE4040F40000704740F0FE4040F4F0
:10958000400070474FF0FF0C1CEAD0521EBF1CEA8F
:10959000D15392EA0C0F93EA0C0F69D0A2EB0302AD
:1095A00080EA010C49024FEA402037D04FF0805347
:1095B00043EA111143EA10130CF000408B4238BF0C
:1095C0005B0042F17D024FF4000C8B4224BF5B1A1A
:1095D00040EA0C00B3EB510F24BFA3EB510340EA68
:1095E0005C00B3EB910F24BFA3EB910340EA9C0016
:1095F000B3EBD10F24BFA3EBD10340EADC001B0186
:1096000018BF5FEA1C1CE0D1FD2A3FF650AF8B4229
:1096100040EBC25008BF20F0010070470CF0004C36
:109620004CEA50207F32C2BFD2F1FF0340EAC25061
:10963000704740F400004FF00003013A37E792F022
:10964000000F00F0004C02BF400010F4000F013A80
:10965000F9D040EA0C0093F0000F01F0004C02BF7B
:10966000490011F4000F013BF9D041EA0C0195E7E4
:109670000CEAD15392EA0C0F08D142027FF47DAF7D
:1096800093EA0C0F7FF470AF084676E793EA0C0F6D
:1096900004D14B023FF44CAF08466EE730F0004C6B
:1096A00018BF31F0004CCAD130F000427FF45CAFFB
:1096B00031F000437FF43CAF5FE700BF4FF0FF3C69
:1096C00006E000BF4FF0010C02E000BF4FF0010CBC
:1096D0004DF804CD4FEA40024FEA41037FEA226C85
:1096E00018BF7FEA236C11D001B052EA530C18BFA7
:1096F00090EA010F58BFB2EB030088BFC81738BF0C
:109700006FEAE17018BF40F0010070477FEA226CF9
:1097100002D15FEA402C05D17FEA236CE4D15FEAF5
:10972000412CE1D05DF8040B704700BF8446084629
:109730006146FFE70FB5FFF7C9FF002848BF10F1EA
:10974000000F0FBD4DF808EDFFF7F4FF0CBF01202F
:1097500000205DF808FB00BF4DF808EDFFF7EAFFB9
:1097600034BF012000205DF808FB00BF4DF808ED74
:10977000FFF7E0FF94BF012000205DF808FB00BF69
:109780004DF808EDFFF7D2FF94BF012000205DF8EF
:1097900008FB00BF4DF808EDFFF7C8FF34BF0120FC
:1097A00000205DF808FB00BF4FEA4002B2F1FE4F17
:1097B0000FD34FF09E03B3EB12620DD94FEA002393
:1097C00043F0004310F0004F23FA02F018BF40426C
:1097D00070474FF00000704712F1610F01D1420253
:1097E00005D110F0004008BF6FF0004070474FF007
:1097F0000000704742000ED2B2F1FE4F0BD34FF083
:109800009E03B3EB126209D44FEA002343F00043F6
:1098100023FA02F070474FF00000704712F1610F19
:1098200001D1420202D14FF0FF3070474FF00000EB
:10983000704700BF7BB972B90029BEBF00204FF04E
:10984000004106E008BF00281CBF6FF000414FF048
:10985000FF3000F057B8ADF1080C6DE904CE0029D7
:1098600009DB002B1ADB03F068FCDDF804E0DDE91E
:10987000022304B07047404261EB4101002B1BDB27
:1098800003F05BFCDDF804E0DDE9022304B04042B4
:1098900061EB4101524263EB43037047524263EB79
:1098A000430303F04AFCDDF804E0DDE9022304B0E1
:1098B000404261EB41017047524263EB430303F0C6
:1098C0003CFCDDF804E0DDE9022304B0524263EB26
:1098D0004303704753B94AB9002908BF00281CBF89
:1098E0004FF0FF314FF0FF3000F00CB8ADF1080C35
:1098F0006DE904CE03F021FCDDF804E0DDE902238C
:1099000004B07047704700BF08B5F6F797FFF8F747
:1099100045FCF6F773FE002008BDF8F7D1BB01F057
:1099200054B801F055B80346022200201A700522EF
:1099300058709A702722D8705A71032218719A7140
:109940007D22DA7153221A7204225A726FF0720267
:109950009A726FF00102DA72704700F03BBE70B588
:109960000446FCF787F8012805461AD1601CFCF76D
:1099700089F8B0B1A3790020E61D63F03F03A3711D
:10998000F8F70AFD38B110220021304603F08AFBB7
:109990000020257070BD3046FCF788F80028F2D012
:1099A000F6E70025F4E710B504461022002103F085
:1099B00079FB04F1100310220021184603F072FB1A
:1099C000FCF78EF80020F8F7E7FC20B12046FCF702
:1099D0006DF8002010BDFCF74DF80028F6D0F8E730
:1099E00010B50446FFF7ACFAB0F5007F09DA10F5C0
:1099F000007F08DD031EB8BF03339B1000202370D7
:109A000010BD7F23FAE76FF07E03F7E781780088C7
:109A100000F091BF37B505460C4600880DF10601F0
:109A200000F0BEFE2B882380BDF80630638003B0B3
:109A300030BDF7B504462046F8F7DEFF022805469C
:109A40002ED004282CD12378072B18D13E20F6F7EE
:109A500009FF78B9E37801A92279684643EA02232D
:109A6000ADF8003000F01CFF0028E4D0532108209E
:109A7000F6F788FD0520F6F739FF0028EAD02046E2
:109A800000F013F82678A7783046F6F7EBFE0028AA
:109A9000D1D03E2E04D13846F6F728FF0028CAD090
:109AA000284603B0F0BD01F068BC10B50378044649
:109AB000192B12D89BB1013B182B10D8DFE803F00B
:109AC00014190F444A50565C606272780F0F0F1DD4
:109AD000666C7C82888E949AA000FF2B33D04FF462
:109AE000ED71C720F6F74EFD0C2303700823637059
:109AF00029E01A2303700123F9E72920F6F7F6FE7F
:109B000030B13E232370222363702923A3701AE00F
:109B10000A20F6F7EBFE3E23237018B11F23637073
:109B20000A23F3E70123A3701F236370E37903F093
:109B30000103E371D4F81A30C4F80E30E38B63826A
:109B400094F82030237510BD3E2303700423437026
:109B50001423DBE73E2303700C2343700423D5E773
:109B60003E2303700A2343700323CFE73E23037091
:109B70000D2343700523C9E7052323700423B6E7AB
:109B80000823FAE7302303700323B0E73E23037072
:109B90000B2343700723B9E73E230370062343706A
:109BA0000C23B3E71323037083789B0001339EE7F4
:109BB0005723037002239AE73E2303700623437062
:109BC0001223A3E73E2303700923437013239DE769
:109BD0003E23037005234370202397E73E23037041
:109BE00009234370212391E7FF2303700B23437064
:109BF000A2238BE7FF23037005234370A32385E78C
:109C0000FF2303700D23437080237FE708B510B94D
:109C10006FF0150008BDFFF746FF0028F8D00020C0
:109C2000F8E710B50C4648B141B1FFF702FF002834
:109C300020700CBF6FF02200002010BD6FF01500E7
:109C4000FBE7F8B5941C0E46054617460C446343E3
:109C5000B3F5004FA8BF4FF0FF3310F003019CB2E3
:109C600003D0B0211420F6F78DFCB4F5004F01D9D4
:109C7000B121F7E71422043003F014FAEF746C807A
:109C80002E80F8BD38B50388C4888B420589C4F39B
:109C90000E0203D2D1211420F6F774FC84EA0503E6
:109CA000C3F30E030BB9AC4206D102F11803012233
:109CB000C1528274184438BD1846FCE70231014491
:109CC0004A43B2F5004FA8BF4FF0FF3290B21B30AD
:109CD00020F00300B0F5004F34BF00B24FF0FF306A
:109CE000704740881B3020F00300B0F5004F34BFB0
:109CF00000B24FF0FF3080B2704738B503888B4216
:109D000003D2F7211420F6F73DFC857C65B1C388AA
:109D1000C3F30E031833C25A8A4207D3C152811DBE
:109D2000F6F7F8FD00238374284638BD0025FBE7CD
:109D300003461830F0B59E88DD88B4B2C6F30E062F
:109D4000A54214D05F89DD7C845B3D44E41B023571
:109D5000A4B2354428440D88A54284BF0C80254612
:109D60005989B1FA81F149091170DD81F0BD0025F1
:109D70002846FAE7F8B582880026C38904460D46CE
:109D800092B20E60CBB14189C2F30E020B4418327D
:109D90009BB28718825A4381934204D94FF4A2712F
:109DA0001420F6F7EFFB04D1011DF6F7B3FD468151
:109DB0002F6000230120E381F8BD1846FCE783886B
:109DC000014602899BB29A4202D00831F6F7A2BD41
:109DD00070478388C0889BB2C31A58425841704765
:109DE000828873B595B2C488C2F30E02AC4202F108
:109DF000180212D04189C689835A314499420EDB38
:109E00000DF10601ADF80650F6F784FDBDF8060029
:109E1000001B18BF012002B070BD0020FBE701202D
:109E2000F9E770B5C488034606891830C4F30E05F7
:109E300084EA0602C2F30E020AB9B4420FD19C8929
:109E40001A880CB1465B921B914207DCDA7C2C44E9
:109E50000232224410440A461A8270BD0022104683
:109E6000FAE7F8B5038A002B38D08B4236D3C48882
:109E700000F118038589C4F30E041E1995B91D5508
:109E8000757085891E5B0D443144ADB285811953CF
:109E9000D2B1811DF6F73EFD0023838100230382AA
:109EA0000120F8BD1E5BAE4204D04FF4F6711420C1
:109EB000F6F768FBC57C2644878A023535445E196F
:109EC0005F53857DB570DCE7C27C254402322A44AD
:109ED00099189B5A83828B788375DFE70020E0E72F
:109EE0008388C2889BB29A4206D0428922B9C3F3C2
:109EF0000E0318331844704700207047C37C0233A8
:109F0000C81870470230704738B58388C2889BB242
:109F10009A4207D045892DB9011DF6F7FBFCC58192
:109F2000012038BD0020FCE703881380C388C3F3F9
:109F30000E031833034480890B60704703680022C6
:109F400023B9C0E90132031D0360704759681B68DB
:109F50000A44F5E70729034670B504D84FF4EC71BD
:109F60001520F6F70FFB0068C0B1446806461A6872
:109F70008C4210D0106860B901F10805AC420DD3D5
:109F8000546850501868651A54180068656050503D
:109F900002E01346E9E7146830461C6070BD0023F8
:109FA000C1E9003203680B600160704730B590B1C1
:109FB0008478B1FBF4F304FB131300EB43025289E2
:109FC0008A4201D1D8B230BDC27822B900F108036B
:109FD000D0B2844201D8FF20F5E733F8025F0132A6
:109FE0008D42F5D1EFE78278038805324B4303EBCE
:109FF00042031844704737B500240546CDE90044B4
:10A000008DF806006846ADF80440F6F757FEBDF837
:10A01000044008B103B030BD29462046F6F72AFEB9
:10A020000028EFD040F235211720F6F7ABFA70B5D3
:10A030001E460D460921FFF741FE0446324609211E
:10A040002846FFF73BFE40EA04031B0454BF0019F7
:10A050004FF0FF3070BD01230370704710B5FF2330
:10A060008B70C2F3800301245B00DBB2CA18127D3F
:10A07000032A08BF0133CA18147503F10C04002227
:10A0800001EB830321F814205B688A7003608280EF
:10A0900010BDF8B50C46054611461E4684F0010475
:10A0A0006400E4B2FF23837003191B7D012B05D0EC
:10A0B0000134E4B203191B7D012B0AD105EB4407DF
:10A0C0003B8B3A8C9819904205DD00232C443B834E
:10A0D00023750020F8BD05EB8404324660681844FF
:10A0E000FEF7FEFF3B8B1E443E830023AB70012036
:10A0F000F0E781F00101490010B5C9B2FF23837078
:10A1000043181C7D012C07D10C3120F811200222AC
:10A110001A750023837010BD0131C9B243181C7D2C
:10A12000012CF1D04FF499710920F6F72BFA024671
:10A1300030B5837803F0FF00F3B9137D022B19D0FB
:10A14000537D022B15D10346012089B10024D51877
:10A150000C332C7522F81340131803241C7502EBE2
:10A1600080035B680B6000F10C0332F813308B80C6
:10A17000012030BD0123E8E70020FAE7034630B5AF
:10A18000827802F0FF00E2B99A7D022A17D0DC7DC6
:10A19000022C13D1032281B11D1900200C34287523
:10A1A00023F8140098180324047503EB82000C3282
:10A1B000406833F8123008608B80012030BD0324E2
:10A1C000E9E70020FAE7037D012B01D1008B7047FE
:10A1D000437D012B0CBF408B00207047837D012BFA
:10A1E00001D1808B7047C37D012B0CBFC08B002039
:10A1F0007047027D022A01D1008B7047437D022BFC
:10A2000001D1408B7047032AF6D0032BF9D00020F0
:10A210007047827D022A01D1808B7047C37D022B5B
:10A2200001D1C08B7047032AF6D0032BF9D0002050
:10A230007047F6F731BEF6F775BE10B5044638B173
:10A24000F7F7D6FF24EA0000B0FA80F0400910BD0D
:10A250000120FCE7002307B5CDE9003301238DF889
:10A2600006306846F6F72AFD08B1002004E00098A1
:10A2700001F0F5FE0028F4D003B05DF804FB1FB533
:10A28000002240F6881303A90092FCF749FC05B0B0
:10A290005DF804FB2DE9F0410F46B0F85A60B0F8C4
:10A2A0005C5001F0B9FD0221044600F041FE8046F9
:10A2B0000221204600F03CFE464540F6480328BFF8
:10A2C0004646B6B21B2E38BF1B26FB2E28BFFB26E8
:10A2D000854228BF05467E80ADB21B2D38BF1B25A9
:10A2E000FB2D28BFFB25B4F5A47F38BF4FF4A47421
:10A2F000FD809C4228BF1C46BC803C81BDE8F081AB
:10A300002DE9F04186B00546008801A900F049FE1C
:10A31000044600286FD1029A92F84631D91E4B426A
:10A320004B418DF80230936F98064ABF9DF802307A
:10A33000234683F001038DF8033092F8D4309B0656
:10A3400003D49DF80330002B5BD0EB881B3B9BB202
:10A35000E02B58D8298944F24810A1F5A4739BB288
:10A36000834250D86B881B3B9BB2E02B4BD8AA880A
:10A37000A2F5A4739BB2834245D840F64807B94280
:10A3800043D8BA4241D8029E4FF0FF0886F81B819D
:10A390009DF802309BBB03A93046FFF77BFF6A881C
:10A3A000BDF81230BDF814109342E88828BF134658
:10A3B000B942AA88A6F8203128BF3946BDF80E3028
:10A3C000834228BF03462889A6F81C31BDF8103007
:10A3D000BB4228BF3B46834228BF03468A42A6F8B9
:10A3E0001E31134628BF0B46A6F8223186F81A8183
:10A3F000002386F81B31204606B0BDE8F0813A24E0
:10A40000F6E71A24F7E71224F5E71124F3E710B56D
:10A41000FFF720FF60B1F7F715FB044601F062FF7C
:10A4200040B9204601F05AFF80F00100C0B210BDD3
:10A430000120FCE70020FAE72DE9F04385B006464D
:10A440008846008802A900F0ACFD054640BB039C8D
:10A4500094F8593103F0FF051BB1B8F1020518BF9C
:10A46000012594F88630262B94F8D53043EAD3039F
:10A470000CBF85F001094FF00009DB0702D4B9F1E8
:10A48000000F3BD0B77817B9F7F7B2FE0746F07860
:10A49000B0BBF7F7ADFE3FB9B9F1000F29D10925DF
:10A4A000284605B0BDE8F0830028F5D0FF2384F8E6
:10A4B00025310DBB94F8243103F0FF05E3B984F88E
:10A4C000270101A984F82481204684F82671B378F5
:10A4D0008DF80430F3788DF805303379727943EADA
:10A4E0000223ADF8063000F032FD002384F8253158
:10A4F000D6E700200746D9E73A25F6E71A25CFE741
:10A50000002FD3D1C8E7406890F8AA3123B10023C7
:10A5100080F8AA3101F095BC7047102243F2A303E2
:10A520000270C2705922A0F801308280C3800020DE
:10A530007047082108B5F6F773F9002008BD73B518
:10A54000064600880C460880694680B200F029FD66
:10A55000054640B9B3784BB9019B93F97000A070E0
:10A56000FBF72EF9A070284602B070BD7F20FFF7E0
:10A5700086FEF4E710B504466FF07F00FFF77FFE1C
:10A58000FBF71EF920707F20FFF779FEFBF718F923
:10A590006070002010BD10B50446F7F753FA01F0C3
:10A5A0009AFEFBF70DF92070002010BD0A4600F15D
:10A5B000100108B5072302F0DFFC002008BD10B52C
:10A5C000014604460020F7F7CDFE08B92060A080C0
:10A5D000002010BD10B50446F7F7DAFD28B90020B9
:10A5E0002146F7F7A7FE002010BDFFF710FF002857
:10A5F000F5D10C20F8E710B50446FFF708FF28B1A5
:10A6000001202146F7F796FE002010BD0C20FCE744
:10A6100037B500880C460D46694624F8020B80B217
:10A6200000F0BFFC70B9019B03F18E0283F8BF00FC
:10A63000116821601179217193F8BF100029F5D1BB
:10A6400003B030BD0023C5F802302371F8E7FFF7EF
:10A6500057BE1FB502880A8044F2902183888B423E
:10A6600015D840F64801ADF80420428801A88B4275
:10A67000ADF8062028BF0B46ADF80A20ADF808302B
:10A68000ADF80C30FFF73CFE05B05DF804FB12207E
:10A69000FAE737B508800D46694600F082FC0446AB
:10A6A00018B929460198FFF7F5FD204603B030BDE3
:10A6B000034648210020082210B56FF004045870AA
:10A6C00099701C70DA701C7158719971DA7110BD33
:10A6D00013B500880C460880694680B200F061FC22
:10A6E000C8B9019B83F86A0093F86820012A06D054
:10A6F000022A04D040F211310620F5F743FFA27080
:10A7000093F86920012A01D0022AF3D1E27093F86C
:10A710006A20002AE6D102B010BD10B58388044635
:10A72000022B10D8C078FFF788FD08B9112010BDA2
:10A73000A078FFF782FD0028F8D020460121BDE86F
:10A740001040FFF779BE1220F1E737B58378C17862
:10A7500003F00104027903F0020351EA04051DD05D
:10A7600052EA03051AD0002C18BF0021002B0378F1
:10A7700018BF00228DF802108DF80320427843EABA
:10A780000223ADF8003043798279684643EA022318
:10A79000ADF80430FFF7C1FF03B030BD1120FBE777
:10A7A00013B50C46694600F0FCFB20B9019BB3F8D9
:10A7B0007E300133238002B010BD07B500886946A2
:10A7C00000F00BFC30B9019B93F82B2112B9FF224A
:10A7D00083F82B2103B05DF804FB10B50446F7F7AE
:10A7E00001FD20600020616010BD37B50446F7F719
:10A7F00029F9054623781F2B18D8816A0422684658
:10A80000FFF72CFC22460021A86A12F8013BFFF753
:10A8100040FC68B1AC6A2046FFF7E0FC002102462C
:10A820002046FFF766FC002003B030BD1220FBE796
:10A830000720F9E737B50446F7F704F9054623780A
:10A840001F2B18D8816A00226846FFF707FC2246B2
:10A850000121A86A12F8013BFFF71BFC68B1AC6A42
:10A860002046FFF7B0FC012102462046FFF741FCDD
:10A87000002003B030BD1220FBE70720F9E710B538
:10A88000044634F8020B0880002180B2F6F7DCF9A8
:10A8900020B12146BDE8104001F0F9BE022010BDF4
:10A8A000008808B50880002180B2F6F7CDF920B104
:10A8B0000021BDE8084001F0EABE022008BD13B542
:10A8C00000880C460880694680B200F06AFB18B91F
:10A8D000019BB3F8B030638002B010BD37B5038878
:10A8E00004460B8098B2638813B9122003B030BDC0
:10A8F000694600F056FB0028F8D1658842F21072D4
:10A90000019BA9B29C695143DA8D62431C8C04FB04
:10A9100002229142E9D39A699C699442FBD10022B8
:10A92000A3F8B050C3F8A820621E0A44B2FBF4F2A8
:10A93000C3F8AC20DAE710B50C460021F6F784F92D
:10A9400090B1022C12D804F00102C4F3400480F844
:10A95000AD2180F8AC4112B190F8AA310BB90020BA
:10A9600010BD01F06EFAFAE70220F9E71220F7E7CE
:10A9700010B504460078FF280AD00121F6F764F9E3
:10A9800058B16378A27843EA0223C383002010BD44
:10A99000B4F80100F9F75CFAF8E74220F7E708B5E8
:10A9A0000078003818BF0120F9F7BAF9002008BD77
:10A9B00010B50446F7F746F86178C1F3400201F09C
:10A9C000010101F0A9FC002010BD0820F7F7FEBB33
:10A9D00001F088BE10B5044604B910BD236898473D
:10A9E0006468F9E703680BB9016070471A465B6851
:10A9F00013B18A42FAD170478A4218BF516070473A
:10AA000008B5F9F72BFEF9F77FF9BDE80840F9F72B
:10AA10000DBE08B50020FFF7EEFAF6F7D9F9F7F703
:10AA200043FCF6F78BFE20B140F221119320F5F79D
:10AA3000A9FD08BD08B5F9F735F9F9F7E5FD20B12D
:10AA400040F241119320F5F79DFD0120BDE808403B
:10AA5000FFF7D1BA08B5FFF7EDFF01F000FE20B116
:10AA60004FF4AB719320F5F78DFD08BDFCF71EBDCB
:10AA70000B46122203F8032BD0F80920C1F803205B
:10AA8000427B1A71704737B504460D46F6F7F4FF5E
:10AA900018B36FF4A8730221E01803886846ADF874
:10AAA000003034F8ED3CADF8023034F8EB3CADF852
:10AAB0000430FFF7C1FC18B14221AE20F5F762FD6A
:10AAC000ADF800009DF80030002063F307009DF80A
:10AAD000013063F30F2003B030BD18232B70D4F87E
:10AAE0000930C5F803300423ADF80030EAE738B583
:10AAF000436804460D4693F82421012A12D11E21F1
:10AB0000F7F798FB63688DB1182283F809210922B1
:10AB100083F8852093F8BE30E3B940F2DA21AE2005
:10AB2000F5F730FD002283F82421EBE793F8862027
:10AB3000A2F12401062901D9322A05D1002220469A
:10AB400083F8862000F07EFD20461821BDE83840BD
:10AB500000F0A0BD002038BD08B5436893F88520FB
:10AB60001AB18521AE20F5F70DFD242283F885204A
:10AB700008BD034610F0010002BFC3F340035B00B1
:10AB8000D8B270472DE9F84F074610461E4642EAF4
:10AB90000104FFF7EEFF8346084692464BEA0404A1
:10ABA000FFF7E7FF88460A9D04438146E4B2003C74
:10ABB00018BF0124F7F71CFB10EA0A0A18BFDA468F
:10ABC000F7F716FB97F8683010EA080118BF4946F6
:10ABD000534508BF4FF0000A85F800A097F8693088
:10ABE0008B4208BF002169705AEA01010BD1B7F806
:10ABF0007E30013EF61A47F6FD73B6B29E428CBF18
:10AC0000002404F001042046BDE8F88F70B54468C4
:10AC1000064694F88650A5F12403062B45D9322D1B
:10AC200043D0002D3FD194F88530292B3DD04B786F
:10AC300013F007032DD08A7812F0070229D084F888
:10AC4000612084F8603094F82531D3B994F8243128
:10AC5000012B16D094F8602094F869309A421ED1E6
:10AC600094F8612094F868309A4218D10223B4F81D
:10AC7000642084F82431B4F86630A4F82621A4F8BE
:10AC800028312623304684F8863000F0D1FC28464F
:10AC900070BD30460978BDE8704000F0FBBC30461E
:10ACA000F7F7F0FAEDE70125F1E72025EFE72DE9C9
:10ACB000F04F456887B0044695F885B0ABF12503A1
:10ACC000D3F1000848EB0308052A6FD195F88630C8
:10ACD000272B71D186358A784F7802F0070A0392C4
:10ACE00007F007090AF1FF3009F1FF3300EA0A0013
:10ACF00003EA0903034364D1B1F80360F7F778FA74
:10AD0000039A174307F0070787435AD15046FFF7C6
:10AD100030FF6768A8B197F86830984211D097F86B
:10AD200026211AEA020F4CD0BBF1250F09D097F863
:10AD300061201AEA020F04D1022870D1013B012BD5
:10AD400071D84846FFF715FF40B197F86930834244
:10AD500004D097F8273119EA030F32D005AB3846F3
:10AD60005246494600933346FFF70CFF6368074697
:10AD700068BB93F82421012A26D101462046F7F723
:10AD800059FA2F70636803F18602954202D10022BE
:10AD900083F88620636803F18602954239D1204604
:10ADA00000F050FC002007B0BDE8F08F414607B02E
:10ADB000BDE8F04FFFF79BBEBBF1250F2DD18535C8
:10ADC00089E741462046F2E783F82401DAE7B3F841
:10ADD0007E20A3F85C62013EB61A47F6FD72B6B259
:10ADE000964206D92822204683F8A720F8F71AF9B8
:10ADF000D0E793F886200D2A02D00A3A012A01D81A
:10AE00002A22F0E7BDF81420A3F85E2229232B7034
:10AE1000C0E7002283F8BE20C4E70220C3E7012B6D
:10AE20008FD0022BCDD04FF4E4710620F5F7AAFBAA
:10AE300008B5436893F88620262A05D022B140F24F
:10AE40004541AE20F5F79EFB272283F8862008BDFA
:10AE5000F7F72ABA704730B542401C7808785D7819
:10AE600060404C786C409D7820448C786C40DD7854
:10AE70002044CC786C401D795B7920440C79497969
:10AE80006C404B40204418441044B0FA80F0400914
:10AE900030BD024600200139C9B2FF2900D17047F8
:10AEA000535C83F001030344D8B2F4E708B5F7F725
:10AEB0007FFA082803D0BDE80840F7F79BBA08BD21
:10AEC00008B501F01CFC18B1BDE80840FAF784BDD4
:10AED000082008BDF8B505460C46D0E9047601F017
:10AEE000D8FD18B954212920F5F74CFBE4B1D5E978
:10AEF0000423D21B63EB0603012A73F100014FF018
:10AF0000000113DB6FF001009042994101DA5E21EC
:10AF1000E9E7631E1344B3FBF4F35C43E41946F121
:10AF20000006C5E904461C462046F8BD0C46FBE772
:10AF3000022905D13C2808D980100F3880B270470B
:10AF4000702802D9C0100E38F8E70020704738B5D5
:10AF50000D460446F7F74CF92B78002B08BF034643
:10AF600084F864306B78002B08BF034684F86530A2
:10AF70006B88A4F8663038BD012908B5034605D0B2
:10AF800002290BD0D8212920F5F7FCFA40F6C4108D
:10AF900040F2E242002B08BF104608BD40F6C41044
:10AFA000FBE710B50C460021F5F74EFE606018B1C6
:10AFB00001230020237010BD0220FCE7436893F8B2
:10AFC0008400C0B293F8A6302BB900F0FB00003823
:10AFD00018BF012070470020704710B50C46FFF7DE
:10AFE000E0FF38B92046FFF7E9FF80F0010040009C
:10AFF000C0B210BD0220FCE770B504460D4641BB4F
:10B000004FF4227202F04EF8012384F8DA5084F8EB
:10B010008D306FF0360384F8D530042384F8D630B1
:10B020006FF03B0384F8D7306F2384F8D8306FF08B
:10B030003C0384F8D9306FF07F0384F8DB302B2396
:10B0400084F8D430FE2384F80E317F2384F88330D3
:10B0500070BD012911D10023A0F8B43180F8AB31C3
:10B0600040F6B8338269A0F8B0301146438C04F141
:10B070007800BDE87040F7F773BB0229E8D1B0F85B
:10B080006A32D0F864228169F1E7C2B292FAA2F280
:10B09000030A93FAA3F31B0E100E40EA0320704735
:10B0A000013105300022C9B270B510F8013F8B4262
:10B0B00016D310F8054C0023012505FA03F62642A5
:10B0C0001CBF01F1FF31C9B269B10133082BF4D1C2
:10B0D0000132D2B2052AE8D19B214620F5F752FA77
:10B0E000C91AC9B2F4E703EBC200C0B270BD0B6865
:10B0F00070B5C0F8013004460B790546461D03F0D3
:10B100001F0343710023C37215F8010F00F076FA94
:10B110006871B542E37A1844E072F5D170BD81EAF6
:10B12000114170B58CB20546C17A032682EA04004B
:10B13000FFF7ABFF013E00EB001016F0FF0604EB3B
:10B14000000290B2F4D144402522B4FBF2F302FB9A
:10B150001343C3F3C402D8B203F007032A4456785A
:10B16000012202FA03F31E4207D161432846C1F3CC
:10B170000741BDE87040FFF793BF70BDF8B590F888
:10B18000205004466B1E242B03D9E1214620F5F7FD
:10B19000F9F9DAB1407D002843D194F8223094F8CF
:10B1A000211002FB01322523B2FBF3F103FB112333
:10B1B000DBB204EBD30203F0070684F82230917D62
:10B1C0000122B240114202D084F82330F8BDB3FB13
:10B1D000F5F205FB123304F11A01013303F0FF030A
:10B1E00011F8012F9A4219D311F8055C00220126AB
:10B1F00006FA02F72F4208D0013B13F0FF0304D1F7
:10B2000002EBC00284F82320E0E70132082AEFD1E4
:10B210000130C0B20528E3D1D721B7E79B1ADBB2D2
:10B22000F6E7E28804F11500C969FFF778FF84F8B2
:10B230002300CBE70378890123F0400301F04001AC
:10B240000B4303707047037803F07F0343EAC11395
:10B25000037070471F2A38B50546144603D9C2212A
:10B260002A20F5F78FF906340930FDF739FF6C70A5
:10B2700038BD1F2A38B50546144603D9E4212A20D3
:10B28000F5F780F906340930FDF72AFF6C7038BDF8
:10B290000378024603F00F03032B3ED0052B42D167
:10B2A000C37F90F82000034392F82100034392F8F3
:10B2B0002200034392F8230000F01F00184333D00C
:10B2C0005378222B2FD1B2F81930B1B1B3F5506FAA
:10B2D00013D940F607518B4225D8B2F81B30B3F58D
:10B2E000FA7F20D2B2F81D0040F676430A3880B2C9
:10B2F00098428CBF002001207047991F40F67A4089
:10B3000089B281420FD8917D481E07280BD89942F7
:10B3100009D2B2F817109942DEE74078A0F10C0389
:10B32000584258417047002070478388A1B1B3F557
:10B33000506F11D940F6075293421CD8C388B3F519
:10B34000FA7F18D2008940F676430A3880B29842D4
:10B350008CBF0020012070479A1F40F67A4192B2BC
:10B360008A4208D84278511E072904D89A4202D24C
:10B3700042889A42E1E70020704743780246C3F3CF
:10B380000111012910B50ED0022915D0047802212F
:10B3900003F00F00131D528844EA0020F7F71CFA4F
:10B3A00038B1012010BD047803F00F00131D52883E
:10B3B000F2E7F7F7F1FBF4E70020F3E702230B7065
:10B3C00001238B707047F7F7BFBA10B521B94FF45E
:10B3D0002A711020F5F7D6F84A600B72EFF310844B
:10B3E00072B6031D0B6042681AB1127A012A08BFB7
:10B3F000036003681960016004B962B6BDE81040DB
:10B40000F7F7ECBA0222F7F7B5BB0322F7F7B2BBA6
:10B410000422F7F7AFBB0222F7F7F0BB11230B7042
:10B420006FF49A7318440388A1F80330838FA1F84E
:10B430000530B0F84030A1F80730C38FA1F80930CB
:10B44000B0F84230A1F80B307047012908B503D19C
:10B450000E30C00080B208BD022902D10F3080003A
:10B46000F8E740F245210620F5F78CF830B587B0B3
:10B4700004460D46F6F708FB90B3A4F59F746946A1
:10B4800024882046FFF705F920B140F20D112C2049
:10B49000F5F778F8BDF8063003A8ADF80C40ADF824
:10B4A0000E30BDF80830ADF81030BDF80230ADF800
:10B4B0001230BDF80430ADF81430FFF7C8F810B101
:10B4C0004FF48B71E3E7ADF80C009DF80C300020D1
:10B4D00063F307009DF80D3063F30F2007B030BD14
:10B4E0002B46172203F8032BD4F80920C5F80320B4
:10B4F000D4F80D205A60B4F811201A810423ADF855
:10B500000C30E2E740687047C08A70478A880B8930
:10B5100010B5CC884988A0F85440A0F85010A0F885
:10B520005220A0F8563010BD8383BDF8003001834F
:10B530004283C383704738B5C58B0446438C007A79
:10B540009D4228BF1D46FFF780FF6389AB4228BF9D
:10B550002B46984238BF184680B238BD2DE9F041DD
:10B56000984607460E46808919461446FFF76DFF38
:10B57000054641463846FFF7DEFF85429DF8181024
:10B5800028BF0546B88AFFF760FFFB8AADB2834249
:10B5900028BF0346A01D9BB230442B441844BDE88D
:10B5A000F08107B590F86930002296213030009381
:10B5B00090F83830FFF7D2FF03B05DF804FB38B5E0
:10B5C00014460D4619469634FFF7EBFF2044A84277
:10B5D00094BF281A002038BD38B50D4611460446E0
:10B5E000FFF7DFFF2844606338BD01F19C0383420D
:10B5F0003DBF9C38401A40080020704700F05503BA
:10B60000400800F05500034403F033009B0803F0AA
:10B610003303034403F00F0000EB1310704743683B
:10B62000002283F8852083F8BE20A3F8BA20704753
:10B6300043680022A3F8C02093F8C220013283F8A7
:10B64000C2207047426808B592F8C230013B5BB235
:10B65000002B82F8C23003DA52214A20F4F792FF1D
:10B6600008BD436883F80B1183F80A217047A0F1E5
:10B670000A03042B0CD9A0F14703012B08D9A0F130
:10B680002403322818BF062B94BF012000207047E6
:10B69000012070474268936F10B513F0080408D179
:10B6A00043F0080382F808119367FFF7C1FF2046B3
:10B6B00010BD0120FCE730F8023CF7B505460E4608
:10B6C00030F89E7C73B101226846ADF801708DF8A8
:10B6D0000020ADF80330F6F767FA18B19521632022
:10B6E000F4F750FF08230024A6F803703370B470F9
:10B6F0006B7A55F88A0C7371FEF76BFB08B9BA21A7
:10B70000EDE721463846F5F7B5FA4FF401732046C8
:10B7100003F004021B0A62F3070063F30F2003B077
:10B72000F0BD4368002093F88720063A012A81BFC4
:10B730004A7883F88820062283F887207047426879
:10B7400092F88730063B012B84BF072382F88730AD
:10B750007047426870B592F88650F5B9CB88B2F858
:10B760007E60A2F85C32013B9B1B47F6FD769BB2E4
:10B77000B34206D9282382F8A730F7F753FC2846AE
:10B7800070BDD1F80130C2F85E324B7982F8623276
:10B790000A22436883F88620F1E70125EFE70B468C
:10B7A000062203F8032BD0F80920C1F80320D0F8B3
:10B7B0000D205A60427C1A720023CB707047436898
:10B7C00070B593F8865006460C46002D3DD12946AB
:10B7D0002046FFF7AAFD28B921783046BDE8704021
:10B7E000FFF758BF72686389B2F87E10A2F85C3226
:10B7F000013B5B1A47F6FD719BB28B4207D92823A8
:10B80000304682F8A730F7F70DFC284670BDA388B4
:10B8100040F2E2414B43C2F864326378C3EB431019
:10B8200003EB800303EB83035B00A2F85E326388C3
:10B830004B43C2F86032E388A2F868322389A2F849
:10B840006A320D2382F88630DFE70125DDE708B58F
:10B85000436893F885201AB12621A320F4F792FEBD
:10B86000212283F8852008BD73B5456806460C463D
:10B8700095F88530213B022B27D8B1F805101A29FD
:10B880001CD9B4F80730B3F5A47F17D3B4F801205E
:10B890001A2A13D9B4F80300B0F5A47F0ED3009090
:10B8A00005F13000FFF740FE7168284601F23511BE
:10B8B000F7F7C6F906217068F8F746FA002085F810
:10B8C000BE0085F8850002B070BD0120FBE742682C
:10B8D000936FD90610B5044603D4B421A320F4F71E
:10B8E00051FE990601D5B521F8E723F010039367BF
:10B8F000FFF7A8FE60680621BDE81040F8F724BAFB
:10B9000009230B70D0F80930C1F8023070470B469C
:10B910000A2203F8022BB0F809204A80C27A9A70F2
:10B92000704738B54368054693F8864034B1113CFA
:10B930000F2C8CBF01240824204638BD93F88B308F
:10B94000002BF9D0FFF774FE6B68112283F8862074
:10B95000F2E708B5436893F88620162A04D04FF41E
:10B96000FE711F20F4F70EFE012283F8C320182277
:10B9700083F8862008BD436893F88620122A05BF05
:10B9800013220020022083F886207047436810B5F8
:10B9900093F8863004461C2B07D1FFF753FE6368EB
:10B9A0002022002083F8862010BD0220FCE708B585
:10B9B000436893F88620112A04D040F227211F20E3
:10B9C000F4F7E0FD012283F8C320122283F88620D9
:10B9D00008BD08B5436893F88620182A04D040F2C1
:10B9E0002F211F20F4F7CEFD1C2283F8862008BDEE
:10B9F0000B46052203F8032BD0F80920C1F80320D9
:10BA0000D0F80D205A60B0F811201A81C27C9A72C9
:10BA1000704708B5436893F885201AB1CD211C20E2
:10BA2000F4F7B0FD042283F8852008BD426808B50C
:10BA3000936FD90703D4DB211C20F4F7A3FD23F077
:10BA400001039367BDE80840FFF7FCBD0C23A0F598
:10BA500096700B7003884B8070474368002093F802
:10BA600085200F2A01BF002283F8B22083F8BE2070
:10BA700083F88520704738B54568AB6F13F0040430
:10BA800007D1FFF7D5FDAB6F204643F00403AB674A
:10BA900038BD0120FCE74268936F23F004039367ED
:10BAA000FFF7D0BD08B5436893F885201AB172211D
:10BAB0004B20F4F767FD0F2283F8852008BD10B5F1
:10BAC000D0E90C42A24206D30B8C121BC98D053360
:10BAD0004B43934202D3012380F83A3010BD012337
:10BAE0000B7000238B7030F8C63CA1F80330437A0A
:10BAF0004B714389CB8083890B81704710B54468B3
:10BB000094F8C5309A070ED494F885301BB177218C
:10BB10004020F4F737FD0122A4F8BA3084F88520DC
:10BB200084F8BE2010BDA36F9B0705D5FFF78AFDE3
:10BB3000A36F23F00203A367002384F82A31F1E7FF
:10BB400010B50B7901284C790A6843EA04211046A4
:10BB500008BF41F4803110BD07B5FFF7F1FF0DF1CB
:10BB60000702F7F781FC03B05DF804FB002307B57B
:10BB700001A80193FAF7A4FF019810F0030018BF81
:10BB8000012003B05DF804FB08B5FFF7EFFF0028C4
:10BB900014BF1420002008BD10B5FAF7D9FC0446E4
:10BBA000FFF7F2FF4FF47A7204F54443BC30493397
:10BBB000B3FBF2F3184410BD10B5044690F86900C9
:10BBC000FFF7EAFF012201462046BDE81040FFF7DB
:10BBD00003BD7FB5044618B9A7213020F4F7D2FC85
:10BBE000052900F2BF80DFE801F003B72C27BDB2C2
:10BBF00090F8F031B0F87E20ABB1B0F8EE3193425E
:10BC000008BFB0F8A4319A1AA0F8A621A4F87E3093
:10BC10002046D4E98C23C4E98E23F9F7D3FC94F8A9
:10BC2000AB3104B070BDB0F8EC319B1AA0F8A6316E
:10BC3000B0F8EC319BB2E9E704B0BDE87040FAF728
:10BC4000ADBB00F0E6FDD4E98E23801A61EB030161
:10BC5000012871F1000302DA4FF4C161BDE76FF012
:10BC6000010383424FF000038B4102DA40F2096185
:10BC7000B3E7A3690BB1B0FBF3F394F88610B4F803
:10BC8000EE210D2932D10132A4F8EE21B4F852325E
:10BC900002AEB4F87E500133A4F85232B4F8B63094
:10BCA0001D44B4F8B430013DED1AADB2B4F8EE1154
:10BCB0006B1A180435D40023204600961A46F7F76D
:10BCC00083FC0128ADD1B4F8EE21B4F8A011BDF881
:10BCD00008301344521A12049BB204D5EA1A12F423
:10BCE000004F18BF0B46A4F8EE31DFE7B4F87E1022
:10BCF0000B449BB2D11A0D044BBF013301329BB2EE
:10BD000093B2A4F8EE3194F8F131002BBED1B4F81F
:10BD1000A431B4F8EE21934204BF0133A4F8EE310C
:10BD2000B4E794F8893030460394002B14BF0823FD
:10BD30003E2384F8A73001238DF80830F7F772F915
:10BD4000204600F095FC002384F8843069E704B0B5
:10BD5000BDE87040FEF76FBA90F88430042BF2D043
:10BD6000C8213AE7CD2138E7002313B51A4680F8F9
:10BD70008430A0F85032194600930446F7F724FCAB
:10BD800020B140F2E9113020F4F7FCFB0123C4F8A4
:10BD9000D801C4F8D00184F88430A4F8EE01A4F8E6
:10BDA000EC0184F8F101B4F87E30A4F85202013BB2
:10BDB000A4F87E3002B010BDD0F8E800704738B566
:10BDC000044690F828319BB1FF2380F830310121DF
:10BDD00000F09FFA94F8283153B104F1C0052846C9
:10BDE000FCF7B6FB284600F074FE002384F82831E7
:10BDF000002038BD08B590F8302142B990F8EC2009
:10BE000042B1D0E93C31994202D9F8F769FD0022EC
:10BE1000104608BD0122FBE710B50446FFF7B4FE4B
:10BE200000F5C271A269236B9A4228BF1A461046D8
:10BE3000FFF7DBFB40F64803984228BF184680B264
:10BE400010BD7FB5044690F8AB3103F0FF05002B21
:10BE500059D190F88430032B55D100F0DAFCD4E9A5
:10BE60008E23801A61EB0301012871F100034ADB84
:10BE70006FF00103834275EB010104DA40F2B15126
:10BE80003020F4F77FFBA269B4F87E300AB1B0FB32
:10BE9000F2F2013313449BB2A4F8EC31B4F8A431AC
:10BEA000B4F8EC219B1A1BB2002B2CDD04F5FC70BE
:10BEB000FCF74EFB38B3FF2384F8F131B4F8B63009
:10BEC0000DF10E06B4F87E501D44B4F8B430013DB7
:10BED000ED1AADB2B4F8EC31EB1A1B0413D4B4F87C
:10BEE000EC1100230122204689B20096F7F76CFB83
:10BEF000012808D1B4F8EC31BDF80E2013449BB2F0
:10BF0000A4F8EC31E6E704B070BD2DE970430C46AF
:10BF10001546EAB9F9F77CFF84F8EC500646D4E9F7
:10BF2000468984F828510121D4F8E800FFF764F825
:10BF3000D4F8E800C0E98E89C0F85462C0E992895B
:10BF4000FFF712FFFAF708F9BDE87043FCF78CBA67
:10BF500040F2CB713020F4F715FB70B5044621B1E7
:10BF6000012978D040F2DB7172E000F007F994F813
:10BF7000293105460E46DBB150EA010318D0D4E959
:10BF80003E32D4E94601C01A334661EB02012A462B
:10BF900001F03FF805FB01F300FB0633A5FB0002AF
:10BFA0001344D4E93E21121843EB0103C4E93E23B4
:10BFB000E08B30B1F6F7A6FEE38BB0FBF3F202FBA9
:10BFC0001300D4E93E32ED184FF0000346EB0206B1
:10BFD0002D1840F2024284F8083146F1000684F838
:10BFE0002931A4F81021C4E93E56C4E9465694F814
:10BFF000303103F0FF01DBB96FF00043D4E94802B0
:10C000009A4208BFB0F1FF3F18D02046D4E9465607
:10C0100000F0A9F8AE30D4E948325B1B62EB0602AF
:10C020001B1A62F10002002A08DA2046F8F758FCD1
:10C03000FAF792F8BDE87040FCF716BA04F584717F
:10C0400004F1C000FCF724FA0028F1D14FF4E161BB
:10C050003020F4F797FA002380F8EC30E8E790F806
:10C060002801003818BF012070470B46142203F83E
:10C07000032BD0F80920C1F80320D0F80D205A6016
:10C08000704738B510220B460C4603F8032B00F11D
:10C090000902293052F8041B824243F8041BF9D1EB
:10C0A000127800211A700123A588A3712846F4F79D
:10C0B000CBFD58B1E3784BB100212846F4F7DAFD07
:10C0C00020B140F233212D20F4F75CFA38BD012174
:10C0D000F8F798B9FFF7FBBF90F872300BB1012069
:10C0E000704790F8AA2002F0FF03002AF7D190F8D9
:10C0F0009C201846704737B50D464FF49C720021BE
:10C10000044600F0CFFFFF2323701323638042F225
:10C110001073E383F4F792FE00220146A0626846A2
:10C12000FDF79CFFA06A00220121FDF7E2FFA16A52
:10C1300068460422FDF792FF0022A06A1146FDF72F
:10C14000D8FF04F12000A57403B0BDE8304000F032
:10C150001AB9FF23886A0B70FDF77DBF0078FF389E
:10C1600018BF0120704710B50446203000F05BF97D
:10C1700028226188F8F7E2FB6D3010BDD0E902019A
:10C1800070472DE9F04F07468FB00C46064606ADC6
:10C190000DF110080FCF0FC597E80F0085E80F00CD
:10C1A000404600F0F0F8677894F8149007F07F05A7
:10C1B00094F80AA0B9F1010F94F800B02F4607D007
:10C1C000B9F1020F04D040F227310620F4F7DAF972
:10C1D000617A404600F0DEF8237D227F4046022B44
:10C1E00002F101020CBF617D0121D2B204BF013115
:10C1F000C9B200F0D1F815F0080360D140460193B0
:10C2000000F011F928223946F8F798FB40F2712125
:10C2100000F29922E5782079019B45EA00256079B2
:10C22000B2FBF1F245EA00454A434D43AA420AD91E
:10C23000E079A57945EA0025207A45EA00454D4395
:10C24000954228BF1546227E0393531EA17CB06AF7
:10C250005A4202915A410192FDF7CBFFB06AFDF7B5
:10C26000D8FF039B019A0299ADF81A7006AF8DF8BA
:10C2700018B0089535468DF828208DF82B108DF8CC
:10C280002CA08DF81C9009930FCF0FC597E80F00D5
:10C2900085E80F0098E8030030620020B184E37A5B
:10C2A00003F0FD03003B18BF012386F84F30E3681D
:10C2B0003365238AA6F854300FB0BDE8F08F00250F
:10C2C0002B46C0E74FF40043C38443881D2B08BFAF
:10C2D00000214174704790F912007047408800F0C7
:10C2E000010070478078C0F3400070478078C0F349
:10C2F000C000704790F8483081614B72D0F84930E7
:10C30000C1F80A30B0F84D30CB8170477047F7F76D
:10C31000EFBD80F8681070470177427770478278E8
:10C32000034612F0010002D0D978C90710D5900752
:10C3300002D5D97889070AD512F0040008D0D87838
:10C34000C0F3800080F001008000C0B2704702207E
:10C350007047C0F34002C0F3800300F001001344B3
:10C3600018447047022808B507D0042807D00128D0
:10C3700007D039212E20F4F705F9262008BD272003
:10C38000FCE72520FAE70023C0F8023001234370C0
:10C39000037070478170704710B542701446017089
:10C3A0008078FFF7D6FF484304FB00F2FE2A03DD46
:10C3B0005C212E20F4F7E6F810BD0023C370437112
:10C3C0000371704710B50446FFF7A9FF63796278DF
:10C3D0000133DBB29A4263710CD1E3780022A17879
:10C3E00003436271DBB29942E37001BF2379E270CB
:10C3F00001332371BDE81040FFF7B4BF38B50446E0
:10C400008078FFF7A6FF0146E078FFF7A2FF2378C8
:10C41000227965789B1A6B4359436379C91A00FBEB
:10C420001510C0B238BD014608B58078FFF791FFFE
:10C430004A780B7853435843C0B208BD40F2EE200F
:10C44000704740F25A335843704738B50E38536836
:10C4500014460D4693F88520092840D8DFE800F0FF
:10C46000053F3F3F0F3F183F3F27042A05D1204695
:10C47000FFF7D5F82046F6F737FF002038BD0F2A22
:10C48000FBD1002220461146BDE83840FFF7E5BA4F
:10C49000212AF2D12046FFF7C2F8002DEDD06268C4
:10C4A00092F8D43023F0200382F8D430E5E793F8F3
:10C4B0008620272AE1D10025204683F88650FFF701
:10C4C000C1F8636893F82431012B03D12946204633
:10C4D000F5F7B0FE6368002283F82421CDE740F22F
:10C4E0006E213120F4F74EF808B590F80E31FE2B8E
:10C4F00004D040F624113120F4F744F8002380F8EA
:10C500000E1180F80F3112B9A0F8C02008BDA0F8B4
:10C51000BA30012380F8BE30F8E708B5436893F8D5
:10C520008620182A04D040F27A513120F4F72AF8F4
:10C530001E2283F8862008BD08B5436893F886203C
:10C54000352A06D1002283F88620BDE80840FFF78F
:10C5500079B8182A03D11E2283F8862008BD40F23C
:10C560008F513120F4F70EF808B5436893F8852011
:10C57000092A0BD193F8091193F81021914205D1A2
:10C58000002283F8852083F8BE2008BD9A6F11072A
:10C5900006D522F008029A67BDE80840FFF752B8B6
:10C5A00040F274513120F3F7EDFFC37C63B9837B14
:10C5B000A3F11002032A07D990F84C0028B1202BD0
:10C5C0008CBF002001207047012070470246406860
:10C5D000497890F88530212B14D00BD8042B13D038
:10C5E0000F2B13D090F88630272B0CBF1720FE207E
:10C5F000F8F73ABC2C2B0BD0322B01D0252BF1D1E4
:10C600001620F5E71420F3E70E20F1E71220EFE7FC
:10C610002320EDE7024640680B4690F8D41041F025
:10C62000040180F8D41099785878F8F71DBC38B513
:10C630000C460546D1E90401F4F7B6FB94F88430C2
:10C640003BB104F5FC742046FBF782FF204600F066
:10C6500040FA28460221BDE83840F4F70BBB002021
:10C66000704708B5F6F798FBBDE80840F6F73EBD01
:10C67000002280F8852080F8862080F8892090F8B4
:10C68000AB3113B10221F7F75FBB0321FBE738B5EC
:10C690000446084694F8583213B10C25284638BD94
:10C6A00094F88630162B01D0182BF6D194F87432FA
:10C6B00003F0FF05002BF0D190B194F8C63123B9F7
:10C6C00040F604313120F3F75DFF052304F1F00259
:10C6D00004F5DB7100F050FC012384F85832DDE7EB
:10C6E0000223FAE7F6F7CCBB08B5F9F781FBF9F7B7
:10C6F00097F9F9F7C5F8BDE80840FAF705B810B59D
:10C70000C824F9F751F9022808D1013C14F0FF04BC
:10C71000F7D10620F6F74EFA204610BD431E5842C8
:10C720005841FAE710B5F9F77BFB044600F02EF903
:10C73000201841F1000110BD19B943780BB1C3783D
:10C740008370704710B504460846F9F701FF4FF4AF
:10C750007A73B0FBF3F0201A10BD10B504460846FA
:10C76000F9F7F6FE4FF47A7200F2E733023CB3FBBE
:10C77000F2F3E01A10BD00F038B8801A00F3070099
:10C7800038B50D46144659B240B2FAF74FFA0023B5
:10C79000287020446B7040B238BD0023036070479E
:10C7A0007047002070474FF0FF3070474FF0FF3068
:10C7B000704770474FF0FF307047002070470020EF
:10C7C00070470023037070479DF800300022FFF788
:10C7D000D4BF4FF0FF307047002070474FF0FF305C
:10C7E00070474FF0FF307047704770470020FAF7EE
:10C7F00061BA0020FAF738BB0020FAF749BB0020E5
:10C80000FAF758BA7047FAF78FBBFAF7A1BBFAF7F5
:10C8100091BBFCF789B8FBF741BDFBF757BDFCF7AF
:10C82000ADB800F05EB9FCF79FB8FCF78FB810B553
:10C83000837F8BB9034601F1180251F8044B9142F2
:10C8400043F8044BF9D1012484772146FAF7C2FE5C
:10C85000FBF716FD204610BD0020FCE710B504468E
:10C860000221FAF7B7FEFBF70BFDA07FB0FA80F0CC
:10C87000400910BD38B50446A37F03B938BDA37F76
:10C88000032B02D0A37F042B0ED1EFF3108572B6D9
:10C890002046FBF70FF905B962B6A37F002BEDD058
:10C8A000FF210320FCF732FAA37F012B02D14FF4C2
:10C8B0008271F6E700F06AFBDEE713B50DF10701C0
:10C8C000FBF7DEF80446FBF749FD20B940F22111E1
:10C8D0000320FCF71BFA204602B010BDF8B507464E
:10C8E000FBF73CFD044620B940F229110320FCF778
:10C8F0000DFAFBF739FDA46800252418384641F1EC
:10C90000000622463346FBF723F9A04271EB0603EB
:10C9100009D3001B6FF0010361EB0601834275EB45
:10C92000010102D3F8BD2846FCE74FF0FF30F9E7DC
:10C930002DE9F04104460F46FBF710FD064620B9ED
:10C940004FF4A3710320FCF7E1F985680023621915
:10C950005B4113B10020BDE8F081FBF705FD2A180B
:10C96000384641F1000314EB020843F10005FBF7E0
:10C97000EFF84045A941EDD3FBF7D6FF00F06AF888
:10C98000B368012037752344B360E4E7FBF7ECBCE0
:10C990008068704708B5FBF7E1FC20B94FF4CB7114
:10C9A0000320FCF7B3F9007D08BDF8B50369044620
:10C9B00023B140F29D110320FCF7A8F9FBF7B4FF67
:10C9C00005460E46FAF75CFD70B36435D4E90032D3
:10C9D00046F10001AB4272EB010001D22B460A4640
:10C9E000C4E90032EFF3108572B6FBF7B7FC0646D8
:10C9F00098B1FBF7B9FCB3680B332CBF01220022BE
:10CA00001B18D4E9006042EB0101B34271EB000254
:10CA10003CBF33460146C4E9003105B962B6204641
:10CA2000BDE8F840FBF70AB9FAF74AFD0746FBF7FD
:10CA3000A9FCB84238BF3846963546F10002431982
:10CA4000D4E9000142F10002834272EB0105C7D232
:10CA50000346C4E7FAF758BE032910B5044606D8C2
:10CA600001290ED84FF49E71B020FCF74FF904292C
:10CA7000F8D1FAF7C5FD20B12046FBF781F9022075
:10CA800010BD0020FCE7C0E908122022002100F0C0
:10CA900009BB10B5037886B0044623B14FF4AB71DF
:10CAA0004520FCF733F90593CDE90333D0E904239E
:10CAB000CDE9002343680293037A68468DF8143069
:10CAC000FFF773FF0120DDE90023C4E9042306B06A
:10CAD00010BDFFF7CFBE7047704770477047FBF738
:10CAE000C1BD10B5029C241841F10001A01A61EBF0
:10CAF0000301B0F1004F71F1000103DBA921042013
:10CB0000FCF704F910BD08B500230B8581F82A3025
:10CB10000B6A0921984728B103781BB1E9216A20E3
:10CB2000FCF7F4F808BD436A19444162A1F196008C
:10CB3000FFF771BEF8B5044620B940F2AD116A2086
:10CB4000FCF7E4F890F85850052900F2C780DFE8B8
:10CB500001F0038043656F7990F82A30033B012B85
:10CB600002D94FF4DC71EAE7052380F82A3000236C
:10CB700080F859300378EBB12378012B24D1FBF7EF
:10CB8000FFFC636894F828606362C4E90601F6B9A3
:10CB9000FFF749FE31462046FFF7C5FF236A3146BD
:10CBA0002846984701462046FBF79CFF022840F0A4
:10CBB0009880F8BDFFF72DFE07460E46FBF7E0FC18
:10CBC00087428E41F6D3D7E7D4E90401D9E720465E
:10CBD000BDE8F840FBF752BF90F82A30DA1E012A70
:10CBE00002D940F2ED11AAE790F828202AB1214697
:10CBF0002846BDE8F840FFF786BF042B036A18BF3C
:10CC0000012180F82A100521284698470028D0D015
:10CC10000378002BCDD04FF4007190E790F82A30C4
:10CC2000052B02D040F2062189E7036A0221B7E70B
:10CC300090F82A30052B02D04FF403717FE7036A86
:10CC40000121ADE790F82A30052BC0D040F2122127
:10CC500075E790F82A30052B07D090F829200AB103
:10CC6000032B02D040F2172169E794F82820002A0C
:10CC7000BDD194F8593083B102230821284684F8A5
:10CC8000592084F82A30236A9847002891D00378E5
:10CC9000002B8ED040F2232151E794F8292062B175
:10CCA000214604F1300084F82930FBF7F1FB00281D
:10CCB0007FF47FAF4FF40A7141E702230721284632
:10CCC00084F82A30236A984700283FF472AF03782B
:10CCD000002B3FF46EAF40F22F2130E74FF40D717F
:10CCE0002DE70128236A0CBF0421032158E770B502
:10CCF0000024FBF7B1FF05462646E0B2854200D886
:10CD000070BDFBF7AFFF0134068580F82A60F4E7B9
:10CD1000F8B504460D460027FBF79EFF0646F8B21D
:10CD2000864204D8082D0CD96FF0150008E0FBF7F7
:10CD300099FF90F82A300137002BF0D04FF0FF30E8
:10CD4000F8BD2CB129462046BDE8F840FBF796BF58
:10CD500021462046F8E710B50446FBF783FF01465D
:10CD600088B190F828308BB990F82A3073B1013B24
:10CD7000012B04D82046FFF7C6FE002010BD01237A
:10CD800080F82830F9E76FF00100F7E76FF0220034
:10CD9000F4E770B50D46FBF765FF044600284CD05C
:10CDA00090F82A60731E012B4DD8002D48D02846DC
:10CDB000FBF738FE002843D02B780BBB01232370F0
:10CDC0002B796A79003B18BF0123002A14BF042283
:10CDD000022243F004032272AA68A5326260EA6864
:10CDE000637203232261214604F1300084F82A3063
:10CDF000FBF74EFB50BB40F2C1216A20FBF786FFD8
:10CE0000022E20D1002323702B796A79003B18BFB2
:10CE10000123002A18BF042643F004032672EA689F
:10CE20006372A532A9686260D4E906325B1842EBEE
:10CE3000E172C4E904320423D5E76FF0010070BD4C
:10CE40006FF01500FBE76FF02200F8E70020F6E72F
:10CE5000F8B5037904461BB11B219D20FBF756FF53
:10CE60004679017126B901234371217909B96171AC
:10CE7000F8BD276820462671B84702280546F4D138
:10CE800003212046B84708B12F21E6E72368294649
:10CE9000204698470028E8D03021DEE703460068A6
:10CEA000884204D109B10A681A600846704728B957
:10CEB0007047884202D10A681A60F6E703460068A4
:10CEC0000028F6D1704701F11003013813F8012D45
:10CED0008B4200F8012FF9D170472DE9F04713F08C
:10CEE000010F8EB004460D4617469A46DDE91689B5
:10CEF00024D006A8FFF7E7FFA30735D002AA04F164
:10CF000010052068083454F8041C1346AC4203C3CF
:10CF10001A46F6D106AD02AC1AF0020F4346CDF820
:10CF2000009023D0294620460AAAFBF787FF0AA9CA
:10CF30003846FFF7C8FF0EB0BDE8F08713F0040FC6
:10CF40000DD106AB0E4601F1100C1D4630680836B7
:10CF500056F8041C1A46664503C21346F6D121460C
:10CF600002A8FFF7B0FFD6E706ADD5E73A46294657
:10CF70002046FBF763FFDEE713B50024CDE900444C
:10CF8000FFF7ABFF02B010BDFCF75CB820BF7047E5
:10CF900020BF70479142F8B503D373219620FBF769
:10CFA000B5FEB2FA82F33BB1C3F1200499409A4036
:10CFB00020FA04F4984021434FEA124C93B2040C37
:10CFC00087B2B1FBFCF50CFB151E05FB03F64FEA1F
:10CFD0000E4E0EEB1040864205D9361A964294BF8B
:10CFE00001260226AD1B04EB0141280405FB1211AA
:10CFF000B1FBFCF40CFB1411634307EB0147BB428C
:10D0000005D9DB1B934294BF01230223E41A20437A
:10D01000F8BD2DE9F0411D4607460C46164652EA7A
:10D02000050303D1A6219620FBF770FE85B9914236
:10D0300004D2FFF7AFFF2946BDE8F0810846294634
:10D04000FFF7A8FF05463246384606FB1541F0E7D4
:10D05000B5FA85F80123400803FA08F3C8F11F0860
:10D0600040EAC470A3FB0212610803FB0522FFF72C
:10D0700091FF30FA08F04FF0000102D0013861EB67
:10D08000010100FB05F3A0FB062C06FB0133BF1AD0
:10D09000634464EB0304B742AC41CDD3013041F1AA
:10D0A0000001C9E7F0B5C9B20446A30726460ED170
:10D0B0004FF0013522F003034D43E718BC420CD179
:10D0C000334402F003021A44934209D1F0BD002A0E
:10D0D000FCD0013A04F8011BE7E744F8045BEDE7F4
:10D0E00003F8011BF0E700280CBF6FF015000020CB
:10D0F000704700207047072303700020704700200E
:10D1000070470020704710F8012B11F8013B012AED
:10D1100028BF9A42F7D0D01A7047034611F8012B66
:10D1200003F8012B002AF9D17047034613F8012BAD
:10D13000002AFBD1181A013870472DE9F0478646BE
:10D140008C460846089E154674461946002B40F04A
:10D15000C1808542B2FA82F245D94AB1C2F12003B8
:10D1600000FA02FC954094402EFA03F343EA0C0CBB
:10D170004FEA154EA8B2230CBCFBFEF80EFB18CCF0
:10D1800008FB00F943EA0C43994528D9EB1808F14C
:10D19000FF3704D2994502D9A8F102072B44A3EB2B
:10D1A0000903A4B2B3FBFEFC0EFB1C330CFB00F026
:10D1B00044EA0344A04214D92C190CF1FF3304D2E1
:10D1C000A04202D9ACF102032C44241A43EA0740DE
:10D1D0001EB1D440002334607360BDE8F087474639
:10D1E000DDE76346F1E792BB431B01214FEA154E91
:10D1F000AFB2200CB3FBFEFC0EFB1C330CFB07F89C
:10D2000040EA0343984561D9EB180CF1FF3004D292
:10D21000984502D9ACF102002B44A3EB0803A4B259
:10D22000B3FBFEFC0EFB1C330CFB07F744EA034484
:10D23000A7424DD92C190CF1FF3304D2A74202D9D1
:10D24000ACF102032C44E41B43EA0040C0E7C2F106
:10D2500020039540944020FA03F12EFA03F34FEA9D
:10D26000154E9040AFB20343B1FBFEFC0EFB1C1009
:10D27000190C0CFB07F841EA0041884522D96918CE
:10D280000CF1FF3004D2884502D9ACF102002944E8
:10D29000A1EB08019BB2B1FBFEFC0EFB1C110CFBC9
:10D2A00007F743EA01439F420ED9EB180CF1FF3117
:10D2B00004D29F4202D9ACF102012B44DB1B41EAAC
:10D2C000004193E76046E3E76146F7E76046A4E77D
:10D2D0006346B8E7834206D916B9002108467CE7C1
:10D2E000C6E900E0F9E7B3FA83F78FB9834201D3C7
:10D2F000724508D8BEEB020460EB030301209C4694
:10D300001EB9002169E73846FAE7C6E9004CF8E79C
:10D31000C7F1200CBB400EFA07F522FA0CF42EFAE6
:10D320000CF1BA401C4320FA0CF3B8404FEA144900
:10D3300001431FFA84FEB3FBF9F809FB18300B0C0C
:10D3400008FB0EFA43EA00439A4540D9E31808F176
:10D35000FF3004D29A4502D9A8F102002344A3EB7E
:10D360000A0389B2B3FBF9F809FB183308FB0EFE78
:10D3700041EA03418E452CD9611808F1FF3304D2EC
:10D380008E4502D9A8F10203214443EA0040A1EBF3
:10D390000E01A0FB02984145CE46434602D306D17A
:10D3A0004D4504D20138B9EB020E68EB0403002EA0
:10D3B000A7D0B5EB0E0261EB030101FA0CFC22FAD7
:10D3C00007F3F9404CEA0303C6E9003199E7404608
:10D3D000C5E74346D9E7000037B50024164D6FF086
:10D3E00009034FF480522846144900940DF06CFB59
:10D3F000134928460DF00CFC1249134817F0DCF9CC
:10D40000224604211C2004F017FB01220F4BD3E815
:10D41000EF1FC3E8E02F0028F9D105A3D3E90023CB
:10D4200028460B490DF090FB204603B030BD00BFED
:10D43000389C1C0000000000B828002068C40120AF
:10D44000F49B0200AD390200B85F0120505F01205B
:10D45000800300200000000010B50B4BD3E8AF3F65
:10D4600053B1FAF713F806A3D3E90023BDE810403F
:10D47000064907480DF068BB10BD00BFAFF3008040
:10D48000389C1C0000000000505F01208003002039
:10D49000B82800200000000070B4174E0C46B042BF
:10D4A000154608D00136B0420FD0023EB04210D02F
:10D4B00070BC10F08BB90AA3D3E90023C5E900239F
:10D4C0000E4B0020236070BC704707A3D3E90023F4
:10D4D000F4E707A3D3E90023F0E700BFAFF3008030
:10D4E00002C0FF7F0000000003C0FF7F00000000BB
:10D4F00001C0FF7F0000000002C0FF7F03004E80DC
:10D50000B0F5004F04DA10F5004F04DB00B27047AD
:10D5100047F6FF7070470148704700BF0080FFFF6B
:10D520002DE9F043ADF5DB5D0C461546A049002220
:10D5300081B007461E4613F039FA804690B1042C9C
:10D5400026D1224669463046A847002805DB009BC5
:10D55000984A1360984A136000200DF5DB5D01B016
:10D56000BDE8F08302469549384613F01FFA0028BB
:10D5700070D040F6F4239C425CD040F69A039C4263
:10D580002CD18F4F224639463046A847002802DA70
:10D590006FF01500E1E73A88642AF9D83946894BDB
:10D5A0001A804245D8DD488808F1010898808888AB
:10D5B0009860C88898810889D881488918828889A4
:10D5C0005882C8899882088AD882488A1883888AAB
:10D5D000588331F8160F23F81C0FE2E740F20A7364
:10D5E0009C42D5D1784F224639463046A84700287C
:10D5F000CEDB39886429CBD84246724B198041452D
:10D60000AADD78885A839880B88808F10108986064
:10D61000F88898813889D88178891882B8895882A1
:10D62000F8899882388AD88237F8120F188323F83D
:10D630001C2FE4E7224669463046A84700288CDBC9
:10D64000BDF80030642BA3D8224669465D4818F027
:10D65000E7FA81E702465D49384613F0A7F988B139
:10D66000042C95D1224669463046A8470028FFF68B
:10D6700074AF0098FBF77AFE5549FBF783FF554BD3
:10D68000186069E702465449384613F08FF968B1CB
:10D69000042C7FF47DAF224669463046A847002817
:10D6A000FFF65BAF009A4D4B1A6055E702464C49B6
:10D6B000384613F07BF988B1042C7FF469AF224619
:10D6C00069463046A8470028FFF647AF0098FBF7A9
:10D6D0004DFE3F49FBF756FF424BD1E70246424918
:10D6E000384613F063F988B1042C7FF451AF224619
:10D6F00069463046A8470028FFF62FAF0098FBF791
:10D7000039FE3349FBF73EFF384BB9E7024638494B
:10D71000384613F04BF9024688B1042C7FF438AF39
:10D72000224669463046A8470028FFF616AF009803
:10D73000FBF720FE2649FBF725FF2E4BA0E73846D6
:10D740002D4913F033F9024660B1042C7FF420AF69
:10D75000224669463046A8470028FFF6FEAE009AEA
:10D76000264BA1E73846264913F020F9024660B15E
:10D77000042C7FF40DAF042269463046A8470028E8
:10D78000FFF6EBAE009A1F4B8EE738461E4913F0AA
:10D790000DF900283CD0042C7FF4FAAE22466946ED
:10D7A0003046A8470028FFF6D8AE009A174B7BE713
:10D7B0003B8002004C59012048590120E3810200BE
:10D7C000B66E0120B04D0120AC670120048002003C
:10D7D00000007A44A0040020CF7F0200A8040020AB
:10D7E000967F02009C0400202A7F020054590120E9
:10D7F0005F7F020050590120F97E0200980400204A
:10D80000CA7E020094040020987E02008C0400204E
:10D8100000223846254913F0C9F8024660B1042CAD
:10D820007FF4B6AE224669463046A8470028FFF688
:10D8300094AE009A1E4B37E738461E4913F0B6F8EF
:10D8400090B1042C7FF4A4AE224669463046A84726
:10D850000028FFF682AE40F6B833009A9A4288BF9D
:10D860000093009A144B1FE73B78742B1AD197F85A
:10D870000180A8F130085FFA88F3092B12D8BF782D
:10D8800087B9B4F5DB5F7FF483AE22466946304644
:10D89000A8470028FFF661AE08482246694604FB07
:10D8A0000800D4E66FF0010057E600BF657E020075
:10D8B00090040020307E020088040020F03B00200D
:10D8C0001FB501240294044C0194BDF81840009443
:10D8D00015F02FF904B010BD6D08002007B5CB88F6
:10D8E000044800938B884A88098812F056F803B0E0
:10D8F0005DF804FBC47B02004A780248097812F004
:10D900004CB800BFF87B0200014812F046B800BFD7
:10D91000187C020001292DE9F8430CBF01230023E4
:10D920001B4D0C46DFF86C90DFF86C801B4F1C4ED3
:10D930002B7017D11B4816F098FF1B4B00221C7050
:10D940001A4B00211C700023C8E9002389F800103D
:10D95000397034702B78CBB915491648BDE8F843B7
:10D9600012F01BB800230020002189F800303B7022
:10D970003370114BC8E900011B68002BECD04BF24F
:10D980001B72002307480DF03DF9E3E70B49E4E77C
:10D990004F930120D1940120A0170020F27701209D
:10D9A000D0940120E0000020D3940120D2940120E3
:10D9B0005C7C0200657C0200CC580120547C020093
:10D9C0001FB51E4B02AA186859681D4C03C29868FF
:10D9D0000090D86801902068C8B102A914F077F8C7
:10D9E0000146B0B1174811F0D8FF6946206814F01D
:10D9F0000FF80146A8B1144811F0CFFF01A9206823
:10DA000014F01CF80146A0B1104811F0C6FF04B094
:10DA100010BDBDF80A20BDF808100D4811F0BDFF7B
:10DA2000E3E7BDF80220BDF800100A4811F0B5FF89
:10DA3000E4E7094811F0B1FFE9E700BF406D0200DB
:10DA4000CC580120827C0200E77C02004B7D020062
:10DA5000AE7C0200147D0200707D020070B50024CF
:10DA6000144811F09AFF00210020134B134D1C7035
:10DA7000134B1C70134BC3E90001134B13481C706C
:10DA8000134B1C7016F0F1FE124816F0EEFE2868DB
:10DA900010B106F03BF92C6011F0F8FC0E4B41F68A
:10DAA0008562C3E900010023BDE870400B480DF01A
:10DAB000A9B800BF907D02004F930120CC580120EF
:10DAC000D1940120A0170020F2770120100100203E
:10DAD000D0940120E0000020A018002008180020A9
:10DAE00030B5104D89B003AC0FCD0FC42B680222A6
:10DAF000236001230C49009303A80C4B05F088FE1A
:10DB000010F1780F04460BD030B10146084811F0EF
:10DB100044FF204609B030BD0649074811F03DFFDB
:10DB20000024F6E7506D0200207302001873020013
:10DB3000AF7D0200CD7D0200DC7D02002DE9F041C9
:10DB40000024154D154E164FDFF8588088B0336805
:10DB5000E340DB0711D523463A462021684610F002
:10DB600035FA4FF4DB522946684603F01FFA0246A5
:10DB700058B12146404611F010FF01340A2C05F53A
:10DB8000DB55E4D108B0BDE8F08101223368A24042
:10DB900023EA02033360F0E7F03B00208C3B0020D7
:10DBA000F37D0200017E020007B50422074B0DEB56
:10DBB00002011B680648019303F0F8F9014610B111
:10DBC000044811F0EAFE03B05DF804FB880400206D
:10DBD000267E0200397E020007B50422074B0DEBBA
:10DBE00002011B680648019303F0E0F9014610B1F9
:10DBF000044811F0D2FE03B05DF804FB900400204D
:10DC00005B7E0200707E020007B50422074B0DEB1D
:10DC100002011B680648019303F0C8F9014610B1E0
:10DC2000044811F0BAFE03B05DF804FB8C04002038
:10DC30008E7E0200A27E020007B50422074B0DEB88
:10DC400002011B680648019303F0B0F9014610B1C8
:10DC5000044811F0A2FE03B05DF804FB9404002018
:10DC6000C07E0200D17E020007B50422074B0DEBF7
:10DC700002011B680648019303F098F9014610B1B0
:10DC8000044811F08AFE03B05DF804FB98040020FC
:10DC9000EF7E0200017F020007B5124B124918689F
:10DCA00011F0E0FB694600900422104803F07EF971
:10DCB000014610B10E4811F070FE0E4B0A4918686B
:10DCC00011F0D0FB042201900DEB02010A4803F091
:10DCD0006DF9014610B1094811F05FFE03B05DF81F
:10DCE00004FB00BF5459012000007A44207F020049
:10DCF000367F020050590120557F02006C7F0200E0
:10DD000007B50A4B0A49186811F0ACFB04220190D0
:10DD10000DEB0201074803F049F9014610B106482E
:10DD200011F03BFE03B05DF804FB00BF9C04002033
:10DD300000007A448C7F0200A07F020007B5042215
:10DD4000074B0DEB02011B680648019303F02EF907
:10DD5000014610B1044811F020FE03B05DF804FB49
:10DD6000A8040020C57F0200D97F020007B50A4B36
:10DD70000A49186811F076FB042201900DEB0201AC
:10DD8000074803F013F9014610B1064811F005FEEB
:10DD900003B05DF804FB00BFA004002000007A443B
:10DDA000FA7F02000D80020007B50422074B0DEB3D
:10DDB00002011B680648019303F0F8F8014610B110
:10DDC000044811F0EAFD03B05DF804FB4C59012052
:10DDD00031800200418002002DE9F7434FF4DB520D
:10DDE0002C4E2D4CD6F800C02C4D02FB0CF32068B5
:10DDF000E918E8502A4B4FF47A79B3F800E002FBB7
:10DE00000C52BEF57A7FA1F804E018BF00234FF052
:10DE1000000108BF234BDFF8908008BF1B8888B241
:10DE2000864502F107021FD8204B1B684BB1012227
:10DE30001F4B02FA0CF219681E480A431A600CF0D4
:10DE40003DFE4FF4DB5332681B4903FB0253096864
:10DE50001A4800919B88216811F09FFD0022184B01
:10DE60001A7003B0BDE8F083C3EBC30708EB0700EB
:10DE700058F80770013342F8017C87888079A2F84E
:10DE800003705071B3FBF9F009FB103301319BB201
:10DE9000C5E700BF843B0020883B0020F03B00200A
:10DEA0005277012050770120F77701209404002059
:10DEB0008C3B0020903B0020880400205F80020003
:10DEC000F677012010B50A4C236883B1094B1B7803
:10DED0006BB9094811F061FD1321206813F04AFD68
:10DEE000014620B1BDE81040044811F056BD10BDF8
:10DEF000CC5801204F93012096800200D28002006E
:10DF000010B551B1104811F048FD43F609520023F5
:10DF10000E48BDE810400CF075BE13F017FD0C4B19
:10DF200018600A4816F0A1FC0A4816F09EFC0A4840
:10DF300011F033FD11F0AAFA084B43F60952C3E978
:10DF4000000100230648E4E7F580020008180020DD
:10DF5000CC580120E000002012810200A01800200F
:10DF60001001002010B5FFF7BBFD38B1BDE810402F
:10DF700047F61222002302480CF044BE10BD00BF39
:10DF80000818002037B5054608460F4911F06AFA0F
:10DF9000642180EAE072A2EBE072B2FBF1F40028A7
:10DFA00001FB142490FBF1F3084A03DA0849002B23
:10DFB00008BF0A460221074800910194294611F042
:10DFC000ECFC03B030BD00BF0000C842C6980200A0
:10DFD000238102002581020038B50F4D2B78CBB983
:10DFE0000E4C204611F061FAA0B1A3680121204631
:10DFF0005B689847014640B901232B70084B1860B5
:10E00000BDE83840074811F0C8BC0748BDE83840B3
:10E0100011F0C3BC38BD00BFD69401206863020074
:10E020006859012033810200568102002DE9F04732
:10E030003E4B88B01A783E4B0AB11A7822B90022BA
:10E040001A7008B0BDE8F0874FF4DB59394A3A4EF0
:10E05000D2F80080394D09FB08F906EB09029488D3
:10E060001322C4EBC404A4B204F1120ABAFBF2FAFC
:10E070002F68574509DB002256F8091030481A70FE
:10E0800008B0BDE8F04711F088BC002114220DF162
:10E09000090017F0ECFD07EBC70107EB410189B25E
:10E0A000284B641AA4B20093132C36F80930A14609
:10E0B00028BF4FF01309ADF804308DF806708DF8C5
:10E0C00007A08DF8089017B907238DF81C304FF47E
:10E0D000DB5303FB081106314A4631440DF10900B8
:10E0E00017F09EFD122C08D80DF109030021C9F18B
:10E0F000130203EB090017F0BAFD69461D2212480E
:10E1000011F0D5F9014650B12A68104811F045FCCC
:10E1100040F21B6200230E480CF074FD91E72B685F
:10E1200040F2391201332B60F4E700BF4F93012016
:10E13000F5770120803B0020F03B00207C3B002055
:10E14000718102004F460106587302009B81020054
:10E15000A817002010B40C4B1A699B689C697CB10D
:10E16000010204D513685B0748BF80F0C060074B0D
:10E17000A446034000F0B0720221034810BC60477F
:10E180006FF0570010BC7047C861020040000006E5
:10E1900008B54FF40010FFF7DDFFBDE80840014867
:10E1A0000CF07ABA340A002002460B4601480CF003
:10E1B00079B900BF1C0A002001480CF0EBB900BF80
:10E1C0001C0A002010B54FF0FF304FF0FF31FFF771
:10E1D000EBFF034B1C88FFF7EFFF204610BD00BF8D
:10E1E000B04D012008B54FF0FF304FF0FF31FFF781
:10E1F000DBFF40F6F4220A490A4817F011FDFFF749
:10E20000DBFF084940F6F422074802F0CFFE014642
:10E2100020B1BDE80840054811F0BFBB08BD00BFF4
:10E22000B04D0120402D0020D9810200EB81020079
:10E2300008B5FFF7C7FF20B1FFF7D4FF0122014B5C
:10E240001A7008BDD294012070B52B4B04461B7880
:10E2500088B0002B4CD00D22002104A817F007FD38
:10E26000264B27491868FBF78DF9264911F0FAF873
:10E2700044F24F63ADF8003001238DF80230224B99
:10E28000224E1B880546ADF80430214B21491B88DE
:10E290003068ADF806308DF8034011F0E3F8FFF771
:10E2A0002FF91C49ADF80800706811F0DBF8FFF792
:10E2B00027F91849ADF80A00B06811F0D3F8FFF754
:10E2C0001FF9022CADF80C00ADF80E5012D1124B14
:10E2D0001A6904925A691B8B0592ADF818300F4BDE
:10E2E0001B881D2269460E48ADF81A3011F0DFF880
:10E2F00008B070BD0023F4E74F930120A404002070
:10E30000C3F51C410000C8424C590120C0580120EF
:10E310004859012078F1CB42A458012054770120BC
:10E32000587302002DE9F04188B0BDF8384011461D
:10E330001D46002C40F09583172B00F295831A465A
:10E3400002A817F06DFC05F120036B448D4902A86B
:10E3500003F8184CFEF7D7FE48B901228A4B8B48C8
:10E360001A7011F01AFB284608B0BDE8F081884900
:10E3700002A8FEF7C8FE20B90122864B86481A7013
:10E38000EFE70722854902A817F08DFC0346002815
:10E390003CD117F06FFEDFF8088206460DF10F073B
:10E3A00040F8083001A938460FF03CFE56F8083016
:10E3B000044623B9019BBB4201D01B7823B17948A5
:10E3C00002A911F0EAFACEE74FF08041FBF7C4F959
:10E3D000B8B920467449FBF7DDF9A8B9734920465E
:10E3E000FBF71CF8724B73491860204611F03AF89D
:10E3F0000A2290FBF2F102FB11026F4811F0CDFAF4
:10E40000B1E74FF08044E9E7674CE7E76B4902A8C2
:10E41000FEF779FE90B9012300260027684A1370A1
:10E42000684A1370684A1370684A1070684AC2E9F3
:10E430000067684A1070684A137094E7674902A839
:10E44000FEF761FE68B9002600275D4B18705F4B30
:10E4500018705F4BC3E900675E4B18705E4B187015
:10E4600081E75F4902A8FEF74EFE90B9002600271B
:10E47000564B594A1870564BC3E90067554B1870F4
:10E4800001231370504A1370FFF79CFE0146554854
:10E4900097E7554902A8FEF736FE044648BB534BA2
:10E4A0004FF0FF311860524B1860524BC3E9000027
:10E4B00098604FF0FF30FFF777FE4F4B1C80FFF75F
:10E4C0007BFE0021002001224C4B1C603F4B1C7046
:10E4D0003F4BC3E900013F4B49481C703E4B1C7049
:10E4E000384B1A700CF0EAFA46480CF0E7FA464846
:10E4F00037E7082245490DEB020017F0D4FB88B935
:10E5000004A817F0BCFB0122394B20EAE070374C1D
:10E5100018602C4B20603A481A700CF0CFFA216832
:10E520003B484EE708223B490DEB020017F0BBFBCE
:10E530000346002840F0AB8017F09CFD184F0446BE
:10E5400004AEC3510A22304601A90FF07BFFE35904
:10E5500080469BB9019BB34210D01C7874B9264EFB
:10E560004FF0FF304FF0FF31FFF71EFE23463446D9
:10E5700037889AB2974251D8FFF71EFE4146264887
:10E580001FE700BF0E820200D59401201382020013
:10E590003E820200D49401204A820200718202006D
:10E5A0000C000000798202000000F041C3F51C411C
:10E5B000A404002000002041A8820200D8820200AA
:10E5C0004F930120D3940120D2940120D1940120B3
:10E5D000A0170020F2770120D0940120DE820200F3
:10E5E000E3820200EC820200258302004C590120E4
:10E5F00048590120C0580120B04D0120743B002033
:10E6000024590120145901202F8302005583020050
:10E610005E83020083830200C1830200B1685A1C3A
:10E62000884506F11C0630D1BA420CDA1C2202FBE6
:10E6300003F0FF1A00F12001013F04307A43214426
:10E64000204417F0FAFA2388013B2380FFF7B4FD3A
:10E65000002300210020934A1370934AC2E900016D
:10E66000924A1370FFF7AEFD003818BF0120904B9F
:10E67000187090480CF022FA01228F4B1A70FFF7A5
:10E68000A1FD414602468D48B8E6134671E70922CE
:10E690008B4902A817F007FB0346002839D117F071
:10E6A000E9FCDFF8208206460DF1110740F808303A
:10E6B00001A938460FF0B6FC56F80830044623B9D5
:10E6C000019BBB4201D01B7813B17F4802A978E6B9
:10E6D0004FF07C51FBF740F8A8B94FF0824120463B
:10E6E000FBF758F890B9794E794834600CF0E6F9A8
:10E6F0007849306810F0B6FE0A2290FBF2F102FB76
:10E70000110275487AE64FF07C54ECE74FF08244F2
:10E71000E9E70A22714902A817F0C5FA034650BB7F
:10E7200017F0A8FC0446674F0DF11206C3510A22E8
:10E73000304601A90FF010FEE35923B9019BB34203
:10E7400001D01B7813B1664802A93AE6B0F5167FEE
:10E75000A8BF4FF416700528B8BF05204FF47A748F
:10E760006043604E306060480CF0A8F931685F4843
:10E77000B1FBF4F125E60A225D4902A817F093FAED
:10E780000346002837D117F075FCDFF838810646BC
:10E790000DF1120740F8083001A938460FF042FC8D
:10E7A00056F80830044623B9019BBB4201D01B78C0
:10E7B00013B1504802A904E64F49FAF7CDFFA8B9B2
:10E7C0004FF07C512046FAF7E5FF88B94B4E4C4894
:10E7D00034600CF073F94B49306810F043FE64224A
:10E7E00090FBF2F102FB1102474807E6424CEDE7CD
:10E7F0004FF07C54EAE7082244490DEB020017F081
:10E8000052FAA0B904A817F03AFA28B1342803D074
:10E81000682801D0D02807D13D4C20603D480CF03D
:10E820004DF921683C48CCE53C4802A9C9E50722DE
:10E830003B4902A817F037FAB0B90DF10F0017F0F5
:10E840001EFA01280DD8374C206037480CF036F9F5
:10E850002168364A364B374800290CBF1146194605
:10E86000AFE5354802A9ACE50A22344902A817F001
:10E870001AFA00286CD10DF1120017F000FA0128E5
:10E880000DD82F4C20602F480CF018F92168274A2A
:10E89000274B2D4800290CBF1146194691E52B48FE
:10E8A00002A98EE5D1940120A0170020F277012063
:10E8B000D094012014590120D29401208C830200AD
:10E8C000F18302000C000000FB830200A004002082
:10E8D00004590120000020413184020063840200B9
:10E8E0006E840200A8040020F4580120A1840200D4
:10E8F000CB840200D6840200CDCC4C3D9C04002089
:10E90000E45801200000C8420D8502004085020045
:10E9100098040020D03B0020498502007285020047
:10E92000A385020094040020C03B00200A8202005C
:10E9300007820200AB850200D0850200008602003B
:10E940008C040020E03B00200B8602003086020091
:10E950000B22474902A817F0A6F9B8B90DF1130028
:10E9600017F08DF9431E012B05D914280BD8414B04
:10E97000C340DB0707D5404C206040480CF09EF8B0
:10E9800021683F481DE53F4802A91AE509223E4992
:10E9900002A817F088F990B90DF1110017F06FF97E
:10E9A00040F6B8339842A8BF1846384C20EAE070C9
:10E9B000206037480CF082F82168364801E50922CA
:10E9C000354902A817F06FF9002847D117F052FB1C
:10E9D0000023324F04460DF11106C35101A90A224A
:10E9E00030460FF02FFDE3590146002B7FF4BBACFE
:10E9F000019BB3423FF4B7AC1A78002A7FF4B3AC62
:10EA00000A23B0FBF3F403FB14044FF4DB5363431A
:10EA10002348C658C7188E4214D1BB8893B1214BE6
:10EA200021481C60214B1A600122214B1A700022E0
:10EA300000230CF0E7F822463146BB881D4810F051
:10EA4000ACFF90E400221C4B1C4819601C4B1A7050
:10EA500001221C4B1A7033462246F0E71A4802A9DD
:10EA6000AFE46FF006057EE46FF00C057BE400BFB9
:10EA7000608602002004100090040020B03B0020BB
:10EA80006C8602009A860200D38602008804002069
:10EA9000A03B0020DD860200168702000C0000006B
:10EAA000F03B0020803B0020A81700207C3B00208A
:10EAB000F577012020870200783B00206187020063
:10EAC000F3770120F4770120AA870200074B1A6927
:10EAD0001268D20748BF80F0010020B19B68DB6854
:10EAE0000121024818479B681B69F9E70862020088
:10EAF00070B54D4C8CB0204610F0D7FC50B94B4847
:10EB000010F04BFF00234A4A4A480CB0BDE8704061
:10EB10000CF078B8A368484920461B68984701461E
:10EB200018B1464810F039FFECE7454810F0BDFC3D
:10EB300010B1434814F0EEFC9D20002110F0CDFCF4
:10EB40000021142207A8ADF80E1017F090F80DF16F
:10EB50000E03099380230225089340F60C030A95BF
:10EB6000ADF82C30A66807A973682F48984701466E
:10EB700080B1344810F011FF314810F096FC10B10C
:10EB80002F4814F0F7FC00232F4A2A480CF03AF8DB
:10EB90000CB070BD3389BDF90E40284683FB0432AA
:10EBA00004A9CDE9043207F0F9FA20B3224640F671
:10EBB000485153009BB28B4233D941F235018B420D
:10EBC0004FF0640407D840F2EE20A3F648516143A9
:10EBD000B1FBF0F1CCB2BDF90E101C48009410F05E
:10EBE000DCFE1B490B78A342C6D0012219480C70E9
:10EBF00010F05DFCC0E74FF0FF31DDE904321B0B84
:10EC000043EA02531213CDE9043213F1004342F1F7
:10EC100000029942904102D20F4810F0CBFE049AB4
:10EC2000C5E70024D7E700BFE8620200CF870200F3
:10EC30005A62020038180020AE730200F187020009
:10EC40006862020019880200B4C404005C880200F3
:10EC50006D080020E4730200388802002DE9F041BD
:10EC600001271A4E88B005460C4690468DF81400D0
:10EC70006A21304600970DF10F0305AA10F02FFC12
:10EC800000BB9DF80F1021EA040304EA080443EADC
:10EC90000402914216D004AB059302238DF8105064
:10ECA0008DF8112006938DF81C309DF81C30B26849
:10ECB00043F002038DF81C3094686A233A463046CC
:10ECC00005A9A04708B0BDE8F08100BF2863020095
:10ECD000024B1B780BB1FFF77FB87047F677012026
:10ECE00038B50D4D2B78B3B10C4C204610F0DDFB40
:10ECF00088B1A368002120465B689847014628B97F
:10ED00002870BDE83840064810F047BE0548BDE809
:10ED1000384010F042BE38BDD6940120686302002E
:10ED20009C880200BF8802002DE9F04F894C93B007
:10ED3000204610F0BAFB28B9874813B0BDE8F04F61
:10ED400010F02BBE854B1E2200210DF12A000793E7
:10ED500016F08DFF824A834B4FF47A55CDE9082394
:10ED600028238DF828303C238DF8293005AB0C93EF
:10ED700001238DF846308DF844307B4BD4F808A041
:10ED8000CDE9055308A92046DAF800309847011E5E
:10ED900005DA764810F001FE13B0BDE8F08F40F2BE
:10EDA00077430E222946724810F0F7FD4FF0000815
:10EDB000FFF712F96F4B1B7853B3642300930021C4
:10EDC000DAF80840634804AB03AAA047011E6A4C66
:10EDD00024DA322022680132B2FBF0F300FB132365
:10EDE000012B226004D1654B65481B6810F0D5FDEE
:10EDF0002368202BDED1634810F0CFFDFFF770FFB2
:10EE000040F23910002110F068FBFFF7E5F8D1E778
:10EE100040F63540002110F060FBCBE70023DDE930
:10EE2000036023603146344620F001024FEA500966
:10EE3000324494427FD101288CBF93FBF9F3002325
:10EE400000248A427BD14846FAF790FA4E49074699
:10EE5000FAF798FB054647F6FF70A042A8BF204688
:10EE6000FAF788FA09F1FF39B9F19E0F04460AD87A
:10EE700039464648FAF786FB17F09BF801462046CC
:10EE8000FAF7CCFA0446DFF808B14146DBF8007027
:10EE90003846FAF76BFC2146F0B93846FAF75CFCC5
:10EEA000002855D04FF0804105F10040FAF76AFB89
:10EEB00010F068F801464FF07E50FAF7A5F9394690
:10EEC00081462046FAF7A0F901464846FAF7A6FA25
:10EED0003946FAF79BF901462046CBF80010FAF7BD
:10EEE00093F92C49FAF790F941460446FAF734FCB5
:10EEF00000B14446284905F10040FAF743FB10F001
:10EF000041F8264F0546D7F8009021464846FAF7C3
:10EF100023FC20B949462846FAF780FA0446174AE6
:10EF20001F4B31461C6013680C4801333C60136072
:10EF300015F097FA3EE734F9025B2B4479E731F993
:10EF4000020BC51A48BF1D1AAC42B8BF2C4678E761
:10EF50001449A9E768630200D9880200E408002088
:10EF600040420F00E067350010001C00F3880200EB
:10EF700013890200D69401206859012064590120A8
:10EF8000538902008089020000007A460000204375
:10EF900038380020333333410AD7A33B34380020BC
:10EFA0006C5901209A99193E1FB502238DF8000073
:10EFB0008DF80110CDF804D002938DF80C3007487D
:10EFC0009DF80C30826843F002038DF80C30946891
:10EFD0006A23012201A9A04704B010BD28630200E2
:10EFE00010B500210A20FFF7DFFF044628B10146D3
:10EFF0001C4810F0D2FC204610BD5A210620FFF715
:10F00000D3FF0446014608B11748F2E70720FFF78F
:10F01000CBFF044610B101461448EAE70921082055
:10F02000FFF7C2FF0446014608B11148E1E7092095
:10F03000FFF7BAFF044610B101460E48D9E74E214A
:10F040000A20FFF7B1FF044610B101460A48D0E795
:10F0500008210D20FFF7A8FF04460028CBD0014669
:10F060000648C6E7B4890200D4890200058A020076
:10F07000378A0200688A02009D8A0200C98A02005B
:10F080002DE9F04FAC48BDB010F087FCAB4810F054
:10F0900084FC40F60451AA4810F07FFC032240F2A1
:10F0A0005641A84810F079FCA74810F076FC0622DB
:10F0B000A649A74810F071FC78221421A54810F049
:10F0C0006CFCA54810F069FCA449A54815F074FB38
:10F0D000A449A54815F070FBA449A54815F0B9FB53
:10F0E000A449A54815F068FBA449A54815F064FBA0
:10F0F000A449A54815F060FBA449A54815F05CFBA0
:10F10000A449A54815F0A5FBA449A54815F054FB52
:10F11000A449A54815F050FBA449A54815F04CFB9F
:10F12000A449A54815F048FBA449A54815F044FB9F
:10F13000A449A54815F040FBA449A54815F089FB52
:10F14000A449A54815F085FBA449A54815F081FB05
:10F1500002F048F80146002800F08780A14810F02E
:10F160001CFCA14BA148196810F017FCA04B6422AD
:10F170001988A04810F011FC9F4BA049186810F0A6
:10F1800071F90A2290FBF2F102FB11029C4810F087
:10F1900004FC9C4B9C4819684FF47A73B1FBF3F163
:10F1A00010F0FBFB994B9A49186810F05BF9642248
:10F1B00090FBF2F102FB1102964810F0EEFB964B29
:10F1C00096481968FEF7DEFE954B96481968FEF7DB
:10F1D000D9FE954B9548196810F0DFFB944B954D7F
:10F1E0001968954C954800290CBF2946214610F016
:10F1F000D4FB934B9348196800290CBF294621463C
:10F2000010F0CBFB904B9148196810F0C6FB904B67
:10F210009048196810F0C1FB8F4810F046F938BBD0
:10F220008E4810F0BAFB8E4810F03FF960BB8D4855
:10F2300010F0B3FB002003F06FFF014680B38A4853
:10F2400010F0ABFB894D0022002353480BF0DAFC91
:10F25000284610F02AF9249028BB2968844810F029
:10F260009CFB00203DB0BDE8F08F11F09CFB78E7DF
:10F270004FF4B0117F4810F0D6F801460028D2D0E4
:10F280007D4810F08AFBCEE74FF480317B4810F0C8
:10F29000CAF801460028CDD0794810F07EFBC9E7B6
:10F2A000FEF71EFCCEE70F238DF8D03001236A2134
:10F2B000009328462DAB34AA10F011F9044610B182
:10F2C00001467048CBE79DF8B4606A2E02D0314603
:10F2D0006D48C4E701465820FFF766FE21465B20D3
:10F2E000FFF762FE21465E20FFF75EFE44221220F9
:10F2F0001146FFF7B3FC014608B16448AFE794211B
:10F300001020FFF751FE014608B16148A7E79C2194
:10F310001120FFF749FE024610B101465D489EE705
:10F3200010211520FFF79AFC0246002800F0B68055
:10F330000146594893E700BFF78A02000C8B020090
:10F34000318B0200438B02008F8B0200CD7D0200C7
:10F35000BF8B0200F58B0200988C0200A9DD000033
:10F3600024590120D7F401001459012031E2000092
:10F37000681800206DDD0000045901203DDD00000B
:10F38000F458012001DD0000E458012099DC000060
:10F39000D4580120F1EA00003818002069DC000090
:10F3A000D03B002039DC0000C03B002009DC00001D
:10F3B000E03B0020D9DB0000B03B0020A9DB0000CF
:10F3C000A03B00203DDB0000903B0020D1EC000082
:10F3D000D81700202DE00000A817002065DF0000EE
:10F3E00008180020DF8C02004C590120198D020002
:10F3F000B04D0120348D0200A00400200000204107
:10F40000548D0200A80400207C8D02009C04002082
:10F410000000C8429C8D020054590120C58D020095
:10F4200050590120DD8D020098040020F68D020065
:10F43000940400200A82020007820200158E020056
:10F440008C040020308E0200900400204B8E0200BD
:10F45000880400206E8E020008620200908E020076
:10F46000C8610200C78E0200048F020028630200F8
:10F47000218F020014740200A68E02000C74020098
:10F48000E08E0200408F0200638F0200868F020030
:10F49000B58F0200E38F02000D900200802116203C
:10F4A000FFF7DCFB014608B17148D8E6FFF798FD8D
:10F4B00000287FF4D6AE10234FF4FA626D48CDE9F0
:10F4C0000032296840F60453324610F066FA6A4862
:10F4D0000FF0EBFF002873D1684810F05EFA6FF070
:10F4E0001203129300220023CDE9062300230422F5
:10F4F000CDE90133CDE9032361494FF40062009364
:10F500006048614B0BF0FEFB0FF0C0FF5F4BC3E99F
:10F510000001012001F0D0FC0023139310931193FC
:10F520004FF07E531493129B33B94FF0FF324FF0DC
:10F53000FF3357480BF0EAF8DFF8589115F048FB15
:10F54000D9E90032490141EAD061534C4001C31A64
:10F5500061EB02029C424FF0000393410AD2C9E9D9
:10F560000001012001F0A8FC041E5ADA21464B4894
:10F5700010F013FA3A238DF8B43004236A21009373
:10F58000474834AB2DAA0FF0AAFF0446002840F0EC
:10F59000E6819DF8D12012F0600300F09F80414A7F
:10F5A000136801331360404B1870FFF719FD129B6D
:10F5B000002B40F0EA814FF09860FEF7CBFDB4E7F6
:10F5C0004FF4803139480FF02EFF129020B10146E0
:10F5D000374810F0E2F985E73649374B264C4B6047
:10F5E00004238B60A368DB693BB101222046984766
:10F5F000129030B112993148EBE76FF05703129334
:10F60000F8E74FF09860FEF7A5FD129010B10146A3
:10F610002B48DEE70F23022221682A4810F0BDF9AB
:10F6200060E7294B4FF00A081868FAF7E3F8274B10
:10F6300006901B68C4F57A750593254B94FBF8F783
:10F640001B6808FB17460493224B3A461B68214669
:10F650000393144B20481B68029395FBF8F308FBB7
:10F660001355CDE90035334610F097F982E700BF16
:10F670004490020077900200C8610200D590020019
:10F6800028980120A818002029ED0000A0180020CB
:10F69000340A0020981700203F420F00A891020072
:10F6A0002863020038590120787701201C74020079
:10F6B000079102005859012091E100002F910200AA
:10F6C00055910200759102006C5901206859012082
:10F6D0006459012034590120BD9102009DF8D06089
:10F6E000120202F4E06216433FF461AF9DF8D3507A
:10F6F0009DF8D2202D0205F4407515430622B5FB76
:10F70000F2F102FB1155A249A8B20C78B6B28442BC
:10F7100027D0551BB5FBF2F002FB10559D480B702E
:10F72000026801320260E5B1ADB2AE4237464FF039
:10F730003E0328BF2F468DF8B4307B0000936A212A
:10F74000954B96482DAA0FF0CAFE0446002840F0BB
:10F750000681BD423FF62BAFF71BBEB2002E3FF431
:10F7600026AFC02E28BFC0263E238DF8B4307300CC
:10F7700000936A21884B89482DAA0FF0B0FEB0464D
:10F780000446002840F0EB80814B834F1B78844D6A
:10F79000199039785A000133A954DBB279782A4498
:10F7A000062B51704CD1199B202B48D81823199A3D
:10F7B000B5F9060003FB02FAB5F90230794A159350
:10F7C000B5F904300AEB02061693B5F90830B5F91D
:10F7D00000B01793B5F90A301893F9F7CBFD7249C9
:10F7E000F9F71CFE6F4A42F80A005846F9F7C2FDC5
:10F7F0006E49F9F713FEF0601898F9F7BBFD6A49F6
:10F80000F9F70CFE00F1004070601798F9F7B2FDAF
:10F810006549F9F703FEB0601698F9F7ABFD634947
:10F82000F9F7FCFD00F1004030611598F9F7A2FDF1
:10F830005E49F9F7F3FD199B7061013319930023B9
:10F840000134A2B2904507F10207A2D8504A1370C2
:10F85000129B002B40F095804FF09860FEF77AFCE9
:10F86000199B002B3FF461AE514A199913680B4460
:10F8700013604C4B189300231E931E9B199A9342BE
:10F8800040F0A8804B4C0FF001FE4B4A2468D2E9AF
:10F890000032002C3FF447AE484CC01A236861EB9D
:10F8A0000201002B41F0D780454A126882428B4109
:10F8B000BFF439AE4FF47A720023FAF70BF8024620
:10F8C0000B46404810F069F80020FFF7FFF8FFF7FB
:10F8D00007FA206838B1152112F04CF841F66A0099
:10F8E00000210FF0FAFD04F0B5F800210A20FFF71F
:10F8F0005BFB68BB01461120FFF756FB40BB242190
:10F900001020FFF751FB18BB80215820FFF74CFB5C
:10F91000F0B92D4B4FF081411868F9F77FFDF9F7E9
:10F9200069FFC1B23F2928BF3F21012938BF01210A
:10F930005B20FFF739FB58B901465C20FFF734FB29
:10F9400030B920215E20FFF72FFB002801F0BC809A
:10F9500001461E4810F021F8012001F069F9129BC0
:10F9600043B94FF09860FEF7F5FB2146184810F0B8
:10F9700014F8DAE52146164810F00FF80BF0D2FB28
:10F98000D1E5199B002B7FF46FAF0BF0CBFBD5E5D6
:10F990007877012034590120509301202863020018
:10F9A0006C7701205C380020C3F59C3B58A08B3A53
:10F9B000405901208C040020A0180020CC580120C0
:10F9C000A804002089930200A0040020BD93020037
:10F9D00055920200914D189B28681968F9F716FC9A
:10F9E000189B2860596883466868F9F70FFC189BD4
:10F9F000686099688246A868F9F708FC884C189BEB
:10FA0000A860D96881462068F9F700FC189B20603F
:10FA1000196980466068F9F7F9FB189B6060074632
:10FA20005969A068F9F7F2FB7E4AA0601C90106843
:10FA300001300228106040F2E387F9F797FC064690
:10FA400001465846F9F79EFD314615905046F9F7A4
:10FA500099FD314616904846F9F794FD31461790C6
:10FA60004046F9F78FFD31461A903846F9F78AFD7E
:10FA70001C9B31461B901846F9F784FD0023694A08
:10FA800014991360C4E90033A360C5E90033AB6087
:10FA90001C900846F9F7BAFB119925900846F9F72A
:10FAA000B5FB109926900846F9F7B0FB13992790FB
:10FAB0000846F9F7ABFB4FF0814128901498F9F70D
:10FAC000ADFC4FF0814107461198F9F7A7FC4FF0C4
:10FAD000814180461098F9F7A1FC4FF082411F90B8
:10FAE0001198F9F79BFC4FF0824129901098F9F793
:10FAF00095FC14992A900846F9F790FC11998346D1
:10FB00000846F9F78BFC109906460846F9F786FC7B
:10FB10001D9013990846F9F781FC119B1A992B90B7
:10FB200003F10040F9F77AFC109904461B98F9F7A5
:10FB300075FC01462046F9F767FB139904461C98AB
:10FB4000F9F76CFC01462046F9F75EFB4FF07C515B
:10FB5000F9F764FC149920901A98F9F75FFC109952
:10FB600004461C98F9F75AFC01462046F9F74EFB6B
:10FB7000139904461B98F9F751FC01462046F9F702
:10FB800043FB4FF07C51F9F749FC149921901B98E5
:10FB9000F9F744FC119904461C98F9F73FFC01461B
:10FBA0002046F9F731FB139904461A98F9F736FC09
:10FBB00001462046F9F72AFB4FF07C51F9F72EFC5D
:10FBC000149922901C98F9F729FC119904461B9866
:10FBD000F9F724FC01462046F9F718FB1099044672
:10FBE0001A98F9F71BFC01462046F9F70DFB4FF078
:10FBF0007C51F9F713FC002123901598F9F7A2FD29
:10FC000090B100211698F9F79DFD68B10021179871
:10FC1000F9F798FD002840F0558105E050380020A4
:10FC2000443800204038002015990846F9F7F6FBC3
:10FC3000169904460846F9F7F1FB01462046F9F704
:10FC4000E5FA179904460846F9F7E8FB014620460D
:10FC5000F9F7DCFA16F0ADF901464FF07E50F9F7EE
:10FC600091FC814601461598F9F7D8FB49460546AF
:10FC70001698F9F7D3FB494604461798F9F7CEFBD7
:10FC80001D9981463846F9F7C9FB294682462798CF
:10FC9000F9F7C4FB01465046F9F7B8FA31468246F7
:10FCA0003846F9F7BBFB01465046F9F7AFFA214653
:10FCB00007462698F9F7B2FB01463846F9F7A4FA49
:10FCC0004FF0814107465846F9F7A8FB2B99824629
:10FCD0004046F9F7A3FB294683462898F9F79EFB8F
:10FCE00001465846F9F790FA119983465046F9F7BC
:10FCF00095FB01465846F9F789FA2146834625982F
:10FD0000F9F78CFB01465846F9F77EFA4146F9F7B8
:10FD10007BFA314683462998F9F780FB014658461D
:10FD2000F9F774FA1D9983462998F9F777FB01468C
:10FD30005846F9F76BFA494683464046F9F76EFB99
:10FD400001465846F9F762FA514680461098F9F78D
:10FD500065FB294682462598F9F760FB0146504627
:10FD6000F9F754FA2B9982461F98F9F757FB014689
:10FD70005046F9F74BFA214682462898F9F74EFB90
:10FD800001465046F9F740FA1F99F9F73DFA314616
:10FD900082462A98F9F742FB01465046F9F736FAAF
:10FDA0001D9982462A98F9F739FB01465046F9F722
:10FDB0002DFA494682461F98F9F730FB0146504616
:10FDC000F9F724FA4FF0814181463046F9F726FBD6
:10FDD0001399F9F723FB294606462698F9F71EFBE7
:10FDE00001463046F9F710FA4FF0814105461D985B
:10FDF000F9F714FB1399F9F711FB01462846F9F7B7
:10FE000005FA214605462798F9F708FB01462846DA
:10FE1000F9F7FAF9394605463846F9F7FFFA414647
:10FE200004464046F9F7FAFA01462046F9F7EEF99A
:10FE3000494604464846F9F7F1FA01462046F9F7E3
:10FE4000E5F9294604462846F9F7E8FA014620462E
:10FE5000F9F7DCF916F0ADF801464FF07E50F9F7EE
:10FE600091FB044601463846F9F7D8FAA949F9F753
:10FE7000D5FA01462098F9F7C7F921462090404667
:10FE8000F9F7CCFAA349F9F7C9FA01462198F9F72D
:10FE9000BBF9214621904846F9F7C0FA9D49F9F788
:10FEA000BDFA01462298F9F7AFF92146229028467B
:10FEB000F9F7B4FA9749F9F7B1FA01462398F9F737
:10FEC000A3F9239094492098F9F7A8FA1499F9F71F
:10FED0009DF9914904462198F9F7A0FA1199F9F78B
:10FEE00095F98D4906462298F9F798FA1099F9F78D
:10FEF0008DF9894907462398F9F790FA1399F9F78C
:10FF000085F9214680462046F9F788FA31460546AC
:10FF10003046F9F783FA01462846F9F777F939466A
:10FF200005463846F9F77AFA01462846F9F76EF998
:10FF3000414605464046F9F771FA01462846F9F769
:10FF400065F916F036F801464FF07E50F9F71AFBC6
:10FF5000054601462046F9F761FA294614903046D5
:10FF6000F9F75CFA294611903846F9F757FA29460D
:10FF700010904046F9F752FA109913900846F9F795
:10FF80004DFA109907461498F9F748FA1399044660
:10FF90001198F9F743FA01462046F9F735F9014679
:10FFA000F9F734F9139981461498F9F737FA10994B
:10FFB00005461198F9F732FA01462846F9F726F96D
:10FFC0000146F9F723F9139905460846F9F726FA89
:10FFD0003946F9F71BF90146F9F718F901464FF0D0
:10FFE0007E50F9F711F9119906460846F9F716FA05
:10FFF0003946F9F70BF90146F9F708F901464FF0D0
:020000040001F9
:100000007E50F9F701F9119907461498F9F706FAA5
:10001000139980461098F9F701FA01464046F9F71E
:10002000F5F80146F9F7F2F839460EF005FF3B49BD
:10003000F9F7F4F94FF07E51834629F00040F9F7C3
:100040009FFB002800F0DC82354B63F31E0931462C
:1000500028460EF0F1FE3149F9F7E0F9314B1D90D9
:100060001B68002B0DDD682B00F0D282D02B0CBF5B
:10007000052115212C4A136801338B4280F0CA8276
:1000800013601A990846F9F7C9F91B9904460846FE
:10009000F9F7C4F901462046F9F7B8F81C99044667
:1000A0000846F9F7BBF901462046F9F7AFF815996C
:1000B00006460846F9F7B2F9169904460846F9F7D4
:1000C000ADF901462046F9F7A1F81799044608460C
:1000D000F9F7A4F901462046F9F798F8804615F09B
:1000E00068FF124B04464FF07E5130461D68F9F709
:1000F00051FB00BB20460E49F9F786F80C4920F069
:1001000000442846F9F78AF901462046F9F742FBF0
:1001100010E000BF0AD7A33DFAED6B3AE12E65422D
:100120000000B442980400203C3800209C040020C9
:10013000C3F51C4120B10FF0A9F9AD4BC3E9000193
:10014000AC4B1A7802F0FF07002A40F0A08214F0AE
:100150003FFDA94B19680846F9F760F982460FF090
:1001600095F904460D4640465146F9F713FB002821
:1001700000F008813046A149F9F70CFB002800F097
:10018000018140F221309E4BD3E90012611A65EBE8
:100190000202814272F10002C0F2F480C3E900451C
:1001A0000FF074F9924B159AC3E90001954B9649EB
:1001B0001D68159801351D60944B1C6801341C6046
:1001C000934B1A60169A5A60179A9A60914B1A6864
:1001D000914B1A800FF046F91F90FDF791F98A496B
:1001E000239016980FF03EF92090FDF789F9864983
:1001F000229017980FF036F90646FDF781F9219005
:100200007D4886490068F9F7BDF985490FF02AF95C
:100210008449824609685846F8F7F6FF80490FF08E
:1002200021F9FDF76DF98049804609684846F8F7DD
:10023000EBFF7B490FF016F9FDF762F978490746A5
:100240001D980FF00FF9FDF75BF97849239A4C6080
:100250000D800A81229B764C4B81219B88828B8169
:100260000023A1F80EA0CB820B83A1F810804F824F
:100270004FF0FF304FF0FF31FDF796FF2388632BDF
:100280000CD940F6D42204F12001201D15F0D5FC34
:100290006323684A2380136801331360644C634D01
:1002A00023885A1C22801C2202FB03440FCD0434F5
:1002B0000FC495E8070084E80700FDF77DFF5E4B5B
:1002C0001B68002B31DD514B5C4D1C682B7833B122
:1002D0005B4814F0CAFA2B780BB1FDF77DFD0A22BA
:1002E000584B01211C60B4FBF2F302FB1343564A46
:1002F0001360524A11704FF4DB514B430021534AB3
:10030000D018D450818047F6122440F2E730504B89
:100310004FF47A721D680023E5FB0401F9F7DAFA5D
:1003200002460B4646480AF06DFC0FF0AFF8494B09
:10033000783041F10001C3E90001344B1C6814F02E
:1003400047FC304A4B01126843EAD063CDE90262B0
:10035000209A214601921F9A009242013E480FF0D6
:100360001CFB0220FDF770FF3C480AF0A7FB3C4B4A
:100370001B78002B00F08E8100233A4A3A480AF09D
:100380000DFC249F394B1A7822B1002203201A70E9
:10039000FDF75AFF364B1A78002A00F081800025BD
:1003A0002F4A1D701278002A7AD0FDF70BFF044601
:1003B000122229460DF1DB0015F059FC2D4BADF84A
:1003C000D64034930F4B1B88ADF8D4302A4B1B78A2
:1003D000002B00F06381294A1288ADF8D820284A02
:1003E00012788DF8DA20134A1288ADF8DC2049E043
:1003F000A0180020D4940120A40400200000104084
:10040000901700204C59012078F1CB424859012027
:10041000C05801204459012054770120C3F51C41E4
:100420000000C8425459012050590120A45801200D
:10043000B04D0120743B002098040020F677012085
:10044000D8170020883B0020843B0020F03B002090
:10045000880400209818002071920200245901207D
:100460004F930120366E010068180020D3940120BC
:10047000D29401204F460105D1940120D05801208B
:10048000D09401200BB1A94B5B88ADF8DE30A84BAE
:100490001D221B78A74834A98DF8E0300FF007F82B
:1004A000A54B1A78A54B1978B9B100211970002A0B
:1004B00000F0F980A24B14221D68A24B0DF1D90067
:1004C0001C7815F0D4FBA04B1D229A4834A9CDE925
:1004D00034358DF8D8400EF0EAFF974B1B78002B8F
:1004E00000F0E180994D2B78002B00F00383984BAE
:1004F0001B78002B00F0D780964CD4E900321343D0
:1005000000F0D1800EF0C2FFD4E90023801A61EB25
:10051000030140F6B833984271F1000115DB834BBB
:10052000D3F80080824B1E78FDF74CFE324603461E
:10053000414689480FF031FA002300222B70002336
:10054000C4E900230122854B1A70002F40F0AB80D4
:10055000794B1B78002B00F0A6807C4B1B78002B7E
:1005600040F0A1807A4D2B78002B00F09C807C4CD1
:100570004FF0FF304FF0FF31FDF716FE2688002EBA
:1005800000F08E80261D2DAD0FCE0FC596E807001A
:10059000D4E90576236985E80700D4E90251B4F867
:1005A00004A0B4F808802091A48B1F93FDF704FEEB
:1005B00000221F9B20998DF8EC206A4ACDE937373D
:1005C0002B0C349236918DF8EA301D221B0A5948C3
:1005D00034A9ADF8E840ADF8D4A0ADF8D68039968E
:1005E0008DF8EB300EF063FF0446002800F08580A4
:1005F000FDF7E8FD214602465B480FF0CEF952E0D8
:1006000048460EF0DBFA5949F8F708FF81461EE527
:100610000B212FE500235649584613600EF022FFA8
:10062000FCF76EFF5249074648460EF01BFFFCF7E9
:1006300067FF4F4906461D980EF014FFFCF760FF58
:10064000DFF830814C4AB8F800404C49C4EBC40391
:10065000D518D7524A4BA8806E801868F8F792FFD9
:10066000F9F7A2F84FF47A730134B4FBF3F203FB09
:100670001244444A80F308001388A871B3F57A7FC6
:1006800038BF0133A8F8004038BF1380F9E40022D6
:100690001A7085E53C480AF011FA72E61A469CE6A3
:1006A000FDF78AFD2E70394D28460EF0FEFE00281B
:1006B0007ED02C69AB6828465B6834A9984720B97E
:1006C00023683498584000F001000028304B6DDD5D
:1006D0001A78002A6CD101221A7000222D4B2E4864
:1006E0001A702E4BC3F800B02D4BC3F800900AF0DF
:1006F000E5F92C480FF051F95EE00C4C134B2560E6
:1007000001251D700EF0C2FE094A124B2468C3E990
:1007100000011378FF2B1CBF5B1913700F4B1D706A
:10072000FDF750FD214602461F4866E7D0580120DC
:10073000F2770120587302004F930120F4770120D3
:10074000783B0020F37701204F460107D194012028
:10075000D0940120A017002093920200D29401208F
:10076000B04D01204F460104CD920200E12E6542BA
:100770000000C84250770120F77701200000404078
:100780006C5901205277012014590120C8610200E0
:100790006B770120D5940120D458012054590120B1
:1007A000505901202D9302000093020000221A707C
:1007B000AC4B1B78002B90D10EF068FE0446AA4883
:1007C0000D460EF072FE50B1A84BD3E900239442BF
:1007D00075EB030380F21C810120FEF777F9642298
:1007E000A34B1D68B5FBF2F302FB1353002B6ED134
:1007F00014F0EEF90446884615989E490EF032FE34
:100800009C491F9016980EF02DFE9A49209017983B
:100810000EF028FE984921901A980EF023FE964972
:100820001A901B980EF01EFE934906461C980EF077
:1008300019FE924A074611685846F8F7E5FC9049B8
:100840000EF010FE8F4A1B9011684846F8F7DCFC4A
:100850008B490EF007FE8A4981461D980EF002FE74
:100860008949824614980EF0FDFD87498346119808
:100870000EF0F8FD84491D9010980EF0F3FD8249AA
:100880001C9013980EF0EEFD80491C9A09684FEAFF
:100890004813CDE90D010C921D9A2946CDE90AB203
:1008A0001B9ACDE9089ACDE906721A9A7848049203
:1008B000219A05960392209A43EAD46302921F9AE2
:1008C00001924FF46172009262010FF066F8684B7A
:1008D0001F68704B1D68B7FBF5F105FB117100290E
:1008E00040F08A806C4BDFF8B4911E784FF461734E
:1008F00006EB860809EB88041322601C5D4315F0A3
:10090000B6F94F2309F82830462363700223A370F9
:1009100001232771A571C7F30727C5F30725604990
:100920001598E3706771E5710EF09CFD7F2800F368
:10093000838010F1800FC0F2818040B2207258494C
:1009400016980EF08FFD7F287BDC10F1800F7ADB8C
:1009500040B26072524917980EF084FD7F2875DC12
:1009600010F1800F74DB40B2A0724E4914980EF063
:1009700079FDFCF7C5FDE072C0F3072020734949FB
:1009800011980EF06FFDFCF7BBFD6073C0F30720FC
:10099000A073444910980EF065FDFCF7B1FDE073BB
:1009A000C0F3072020743F4913980EF05BFDFCF75D
:1009B000A7FD3D4B6074C0F30720A0743B49186845
:1009C000F8F7E0FDF8F7F0FE013680F30800F6B224
:1009D000E074314C052E26700ED9354B1B784BB187
:1009E00078222E4933480EF062FD18B1324A13685E
:1009F00033441360002323701D4A136801331360CE
:100A00001E9B01331E93189B18331893FEF735BFB6
:100A10002A49D1E90023A21A65EB0303B2F5FA7F54
:100A200073F10003FFF6DBAE254BC1E900451878F2
:100A300080F001001870D0E67F207FE76FF07F0024
:100A40007CE77F2085E76FF07F0082E77F208BE7E0
:100A50006FF07F0088E71B4B83424FF00003FEF7E7
:100A600026BF00BFD594012008620200981800201C
:100A70004459012078F1CB42C8CF5F475459012037
:100A80000000C84250590120002474494C590120EB
:100A90004B93020090040020F17701207977012028
:100AA0001086823F00401C466C59012000004040E7
:100AB0004F930120587302003C59012088170020F1
:100AC0006A770120C02709000C480EF0EEFC38B10F
:100AD0004FF40010FDF73EFB4FF09860FDF73AFB36
:100AE00007480EF05AFF40F21B6000210EF0F5FCA3
:100AF0000EF06DFF002F7FF4D6AD33E5C861020024
:100B0000F793020010F00302F0B542D121F0030484
:100B1000264D274E274F0444A04218D101F003036D
:100B2000E018002384423CD120484A405843204BDF
:100B30004FEA70405843204B504080EA10405843E1
:100B40001E4B80EA5030584380EA1040F0BD50F808
:100B5000043B6B434FEA7343734353404FEAF34301
:100B600003EB8303DA19D7E71B68043C73434FEAAE
:100B700073437B4353404FEAF34303EB830303EB9D
:100B80000C02032CA5EB0403EED821F0030404446B
:100B9000C4E70C460022054E054FDFF818C0451883
:100BA000EFE714F8015B45EA0323BBE7512D9ECC28
:100BB0009335871B646B54E66BCAEB8535AEB2C2C6
:100BC000014B1B68184700BFAC04002030B585B04E
:100BD00004460D4610220021684615F048F802230D
:100BE0008DF80230044B2A462146684601930DF0E9
:100BF0008FFC05B030BD00BFC10B010080B50546BC
:100C00000E46174698460AF031FB034615F032FAB5
:100C10000446DFF81890424649F80030394630461D
:100C2000A84754F8090000F07FFE00BF080000004C
:100C3000044608B5EFF31183402383F31288BFF312
:100C40006F8FEFF3108372B606F09CFC204601F024
:100C500023FB03480EF0A1FE10F0FCF8FCE700BFF8
:100C60003C9402002DE9F047058B04462807904686
:100C700011D4022905F0070540F0CC8020460EF083
:100C8000B3FE78B10138218B042811D8DFE800F0D9
:100C9000C2106D85950001290CBF45F0100545F087
:100CA0002005258388F31188BFF36F8FBDE8F08797
:100CB00001F0070AAA4500F0A5800027B9463E4684
:100CC000A368002B00F0BC8041F00801218388F369
:100CD0001188BFF36F8FA168002900F0BA800D68FA
:100CE000002900F0B680334652462046D1F80480F1
:100CF000C047002D76D02B6829461D46F0E701F04D
:100D000007035A1F012A1BD8002221F00701062BD6
:100D1000276889B2C4E9002209D13B4603E0628B0F
:100D2000013262831B68002BF9D141F00201204699
:100D300021830EF059FE00287AD041F0200176E0A0
:100D4000042B0AD121F0070189B2204621830EF03D
:100D50004BFE10B141F020012183218B01F0070AE5
:100D6000AA454FD00027B946AAE7236921F0070119
:100D700041F00601062DD3F8009021832DD1B9F161
:100D8000000F3FD041F00801218388F31188BFF3A1
:100D90006F8F20463949C84729E021F007012369B0
:100DA00041F0040189B2042DD3F804902183E6D0E8
:100DB00000274FF0040A3E4682E721F0070123692D
:100DC00041F0050189B2052DD3F808902183D6D0D2
:100DD00000274FF0050A3E4672E700274FF0060A4B
:100DE0003E466DE72B4687E7B9F1000FD1D1EFF30F
:100DF0001188402383F31288BFF36F8F238B23F076
:100E000008032383258BEA062ED525F010032383C0
:100E100005F007056669218B002EBFF670AF002331
:100E20002768C4E9003321F0070141F00101218363
:100E3000218B4FF0000901F0070AAA457FF440AF6B
:100E4000002F9CD041F00801218388F31188BFF363
:100E50006F8F002FC8D03D68394633465246204632
:100E60000EF0EEFD2F46F4E7AB067FF51BAF25F045
:100E70002003238305F0070500E700BF6DFA01009A
:100E800008B512F0F2FC014B186008BD7059012042
:100E900008B512F0EAFC064A064B1268801AD3E93C
:100EA0000012401842F10002C3E9000208BD00BF71
:100EB00070590120701900202DE9F843814612F085
:100EC000D8FC154EDFF85480D6E90023821A61EB76
:100ED00003030546D8E900C0944570EB030E1446A1
:100EE00038BF64464FF47A7C0F46194638BF014636
:100EF000141BA4FB0C0463EB01010CFB0141F8F78C
:100F0000E9FCB9F1000F05D000220023C6E9005723
:100F1000C8E90023BDE8F883781900207019002083
:100F2000014B0360002070472474020070B5104B21
:100F30000D461C68B4B10F4B196800238B4202DBCD
:100F40006FF0010070BD224612F8106B864202D08D
:100F500014460133F2E7E06813F02FFA28B10020BD
:100F60002C60EFE76FF00C00ECE76FF01200E9E7A0
:100F7000CC0400202474020010B5436888B00293AA
:100F800083680C46CDE9033200230A68C068CDE9C6
:100F90000623054901AA059312F06AF8079808B9D3
:100FA000059B236008B010BD250902002DE9F04122
:100FB0000C4B05461C680E4617467CB100F002F942
:100FC00063682046D3F8108032463B462946C04726
:100FD000044600F001F92046BDE8F0816FF00104FD
:100FE000F9E700BF7459012000230360044B5A68DD
:100FF00012B9C3E90000704710605860704700BF25
:1010000078590120014B1860704700BF74590120C6
:10101000002330B585B0CDE902330546019000F0DC
:10102000D1F8094B1C6844B9284600F06BF8044617
:1010300000F0D2F8204605B030BD636820461B683A
:1010400001A998472468EEE7785901200022024B55
:10105000C3E90022704700BF785901200022024BEB
:10106000C3E90022FFF7F2BF805901202DE9F743C1
:1010700007460C4609B100230B6000261E4DDFF821
:101080007C904D450FD31E4B1D6885B355F8188CC9
:101090003846414601AA183D0FF088FC10B3D6B976
:1010A00014BB2E461EE0D5F800803846414601AA02
:1010B0000FF07CFC50B116B954B92E4606E0002260
:1010C000404631680FF072FC0028F5D11835D8E79A
:1010D000019B2360F1E70022404631680FF066FC77
:1010E0000028DDD1AD69D0E7019B2360D9E7304608
:1010F00003B0BDE8F08300BF246D02003C6D020028
:10110000805901202DE9F04780464FF00047002626
:10111000DFF8A490DFF8A4A03D46294C4C450DD340
:10112000DAF80040002C42D0183CB8F1000F25D16D
:1011300022695ABBA469F5E72F46EDE7B8F1000F25
:1011400003D122694AB91834E8E7002241462068F1
:101150000FF02CFC0028F4D1F5E76368BB4205DDF5
:10116000AF4209D09D42A8BF1D46ECE7EBD19047A6
:10117000002E08BF0646E6E71D46E4E7002241468A
:1011800020680FF013FC0028D2D1D3E76368BB427C
:1011900005DDBD4209D09D42A8BF1D46CAE7C9D1A1
:1011A0009047002E08BF0646C4E71D46C2E7AF427F
:1011B000C2D13046BDE8F0873C6D02008059012065
:1011C000246D02004FF0FF324FF0FF33014809F069
:1011D00069B900BF040A0020014809F0DBB900BF6B
:1011E000040A002038B5094DFFF7ECFF2B783BB916
:1011F000FFF734FF00F05CF8044610B901232B70B0
:101200000024FFF7E9FF204638BD00BFD794012036
:101210002DE9F04F00F108059BB0074689460823E9
:101220004FF00041284607AA0FF030FB002826DBCC
:101230000020089E1EB326F0010A492307AA514642
:1012400028460FF023FB0AF1804B594604462846F6
:101250000FF029FB082380463146284605AA0FF0E7
:1012600015FB00280BDB002C069E02DDB8F1000FF9
:1012700008DC514638460FF054FC0028DADA1BB07F
:10128000BDE8F08F04F168030DEB03040023414631
:1012900004F84C3C054ACDF8009003AB07A8CDE913
:1012A000035B0FF0A7FB0028C4D0E8E7630A020045
:1012B0007FB50125694628460195FFF737FE0446AC
:1012C00068BB284602AA01A90FF04EFB044610B1E4
:1012D00010F10C0F23D1009B03999A68134DB2FBB8
:1012E000F1F2C5E908125A68DB68AA602B656B64E5
:1012F000C3B105F108000EF0DCFF044678B985F8AB
:101300005C0028460FF0B3FB044640B9084E28465F
:101310006E60FFF769FE28466E60FFF773FE204699
:1013200004B070BD6FF01204F9E700BF801900200F
:10133000B004002008B504480EF02FFB03480EF05F
:101340002CFB002008BD00BF659402009A940200A7
:1013500008B50348034A0021121A0FF059FD08BDD1
:10136000F80B002028980120074808B5074A0849CB
:10137000121A0FF04FFDBDE808400648064A07491B
:10138000121A0FF047BD00BF60000020F80B0020CC
:10139000C09C02006000002060000020C09C020091
:1013A00038B505460C4699B1D1E901230F480968C3
:1013B0000EF0F3FAD4E90423E1680D480EF0EDFADB
:1013C000E1690C480EF0E9FAA1690B480EF0E5FA64
:1013D000012D05D1EFF30581084810390EF0DDFA33
:1013E00021462846BDE8384008F006BEC8940200F1
:1013F000F8940200289502003895020067950200D3
:1014000030BFFFF7FDBF00BF2DE9F04105460B4E91
:10141000DFF82C80324606EB0807CC1B2046094932
:1014200014F0FEFBA01942460021083C14F01FFCFA
:10143000C5F8B84007F10800BDE8F08100000000E1
:10144000080000003C6D0200054B5A699B689A42F7
:101450001FBF044A536843F080535360704700BF76
:101460008860012000ED00E010B5204C20480EF00F
:1014700094FAA36A990137D51E480EF08EFA1E2001
:10148000A36ADA0103D51C480EF087FA1F20174C17
:10149000A36ADB0203D519480EF07FFA0220A36A83
:1014A0001C0303D516480EF078FA21200F4CA36ACE
:1014B000590303D513480EF070FA2220A36A9A0349
:1014C00003D511480EF069FA2320084CA36ADB0308
:1014D00003D50E480EF061FA2420A36A6FEA034395
:1014E0006FEA1343A36210BD1D20C9E700ED00E0C1
:1014F0007B95020094950200A8950200C395020016
:10150000EE9502000D960200339602004E96020000
:1015100070B5244C064624480D460EF03EFAA36AE8
:10152000D90435D521480EF038FA1720A36A1A05D8
:1015300003D51F480EF031FA18201A4CA36A9B05F8
:101540000FD51C480EF029FAA16BA36A180407D521
:1015500019480EF022FA1EB1A36A23F40043A362D5
:101560001920104CA36A590503D514480EF015FA3A
:101570001A20A36ADA050DD511480EF00EFA1B20C9
:10158000084A936A43F47F43936200232B7070BD33
:101590001620CBE7A36A9B04F2D50A480EF0FDF9AA
:1015A0001C20EDE700ED00E07A9602009196020023
:1015B000A3960200B7960200D1960200E7960200B9
:1015C000039702001C97020070B5264C0646264879
:1015D0000D460EF0E2F9A36AD80640D523480EF076
:1015E000DCF91120A36A190703D521480EF0D5F9BB
:1015F00012201C4CA36A9A070FD51E480EF0CDF995
:10160000616BA36A1B0607D51B480EF0C6F91EB115
:10161000A36A23F08003A3621320124CA36ADE079F
:1016200003D516480EF0B9F91420A36A9C0603D519
:1016300013480EF0B2F915200A4B9A6AD10658BF2A
:101640009A6A9A6A920642BF5A6A22F400525A6211
:101650009A6A42F0FF029A6200232B7070BD10203C
:10166000C0E700BF00ED00E04C9702006397020066
:10167000A396020097970200B0970200C797020056
:101680001C9702002DE9F0415B4B04465F68002582
:101690008AB0C7F3080685F31188BFF36F8F02F095
:1016A0007F43B3F17F4F06D102F00C03082B13D117
:1016B00052480EF072F900252C464FF00008F31E38
:1016C0008DF80780092B00F28580DFE803F00A79A6
:1016D0007D7583838383838110074CBF0C4601256E
:1016E000EBE74748444E0EF058F98DF80780F36A4F
:1016F0009A0704D543480EF050F900232FE0F36A0F
:10170000002B01DA4048F6E7F36A5B00F5D53F4865
:101710000EF043F97369A26943F480737361BFF3F8
:101720004F8FBFF36F8F736932F8022C23F48073ED
:101730007361BFF34F8FBFF36F8F4DF602739A4201
:1017400008D0B36ADBB24BB301200DF10701FFF7FC
:101750003BFF33E021682E480EF01FF923689DF807
:101760000720C2B902AE04F1200732462068616842
:10177000083403C2BC421646F7D1099AB5B3C2F386
:10178000080121B96FEA52226FEA422209921846F3
:1017900002A9FFF705FE0AB0BDE8F081B36A13F4B1
:1017A0007F4F05D001200DF10701FFF7B1FE05E0E5
:1017B000B36AB3F5803FA0D3FFF756FE0346CEE7EA
:1017C00000200DF10701C2E700200DF10701ECE751
:1017D000104890E7104B17F4F87F1049104818BFD5
:1017E0001946A6F110020EF0D8F886E722F4FF722F
:1017F00022F00102CAE700BF00ED00E015980200E8
:1018000041980200599802007B9802008A980200D1
:10181000AA980200C7980200FC970200E79702000E
:10182000EC980200064B5A6942F010025A615A695C
:1018300042F480625A615A6922F008025A61704784
:1018400000ED00E0EFF30880EFF3098101B5724687
:10185000FFF718FF01BD00BF002080F31488BFF31D
:101860006F8F002080F30A8880F30B880F4880F385
:10187000088806F055FD00200D490860BFF34F8F22
:1018800000F02CF8402080F311880A484FF40061E2
:10189000401880F30988EFF314800221084380F395
:1018A0001488BFF36F8F00F0EFF80000A81D02202E
:1018B00094ED00E068D40120002318460649D1F8D1
:1018C0009020C2F30722934200DB7047C1F89830A2
:1018D000C1F8A0000133F6E700ED00E010B572B6E4
:1018E000002484F31388FFF7E7FF23464FF0FF300F
:1018F0000C4A03F120010133102B42F82100F8D1EA
:1019000000234FF0FF30074A03F160010133102B31
:1019100042F82100F8D162B6BFF34F8FBFF36F8F4B
:1019200010BD00BF00E100E0084B9B6883420BD173
:10193000EFF3058343B1064B5A6842F080525A6078
:101940005A6A22F400425A6209F096BC886001206B
:1019500000ED00E001B512F0D2FFBDE801401949E9
:101960008A684FF030001044EFF3098C80E8F01FD4
:10197000402080F31288BFF36F8F134F4FF0006643
:101980004A698A603E60D2F8B800104C2060D2F8F4
:10199000BC000023C2F8BC3080F3118802F1300093
:1019A00090E8F01F8CF3098802F1000004B50FF0F5
:1019B00042FABDE8044001B512F0A0FFBDE80140C5
:1019C000704700008860012004ED00E08859012084
:1019D0001EF0040F0CBFEFF30880EFF3098081695C
:1019E00011F8021C0229FFD001B572460FF014FA5B
:1019F00001BD00BF00B2002807DB01234109034AF3
:101A000000F01F00834042F82130704700E100E001
:101A100000B200280CDB01220649430900F01F0038
:101A20008240203341F82320BFF34F8FBFF36F8FE5
:101A3000704700BF00E100E0D30748BF002100B2BB
:101A400058BF02310028ACBF00F16040064A4FEA9F
:101A50004113DBB2ABBF00F5614000F00F0080F82E
:101A600000331354704700BF14ED00E0044B054AE7
:101A700023F07F039360BFF34F8FBFF36F8F7047E7
:101A80000000000000ED00E008B5FFF7EFFF074A97
:101A9000D2F8883023F47003C2F88830FFF758FC7E
:101AA000FFF762FC00F04AF808F06EFB00ED00E082
:101AB00042F8203C009B0B4942F81C3C019B21F062
:101AC000010142F8183C029B42F8081C42F8143C01
:101AD0004FF0807342F8043C0023203A0265C0F8BE
:101AE000BC307047FD0B0100044608B50E4B15468F
:101AF0009860D0F8B8200D4B0E461A6012F0FEFE2A
:101B0000D4F8A83083F30B882C4686F3098800208C
:101B1000034B98472046002100220023014C204718
:101B2000470E0200FD0B010088600120885901204A
:101B30001022014B1A61704700ED00E000234020A5
:101B400040F20F1210B5044CE1180133934281F8B2
:101B50000003F9D110BD00BF00E100E008B50EF0B0
:101B60001CFFEFF30583074A103B02EBC30152F859
:101B70003300496888470EF011FFBDE80840FFF7C1
:101B800063BC00BF886302001FB5094C094A2346A5
:101B90000121094800F0FAF800230393074B0121C3
:101BA000E41A01A80193029400F0FAF804B010BD01
:101BB00000F002200000002048740200F80B002012
:101BC00010B50C7A0B6804F01F0223F01F031A43B0
:101BD000CB68640923F01F03054943EA440343F03B
:101BE0000103C1F89800C1F89C20C1F8A03010BDD5
:101BF00000ED00E010B5074BD3F89030C3F3072396
:101C0000013B984202D8FFF7DBFF10BD6FF01500D3
:101C1000FBE700BF00ED00E02DE9F04F0F46144652
:101C200006464FF000084D4D85B0B84580F29280D1
:101C3000D6F80490B9F1000F36D0B9F11F0F40F279
:101C4000878019F01F0F40F08380D6F800A01AF0AB
:101C50001F0F7DD150460FF024F9834609EB0A008F
:101C600001380FF01EF9834572D11BF1160F6FD0AA
:101C70005C456DDDC5F898B0D5F89C10C5F898B0F6
:101C8000D5F8A03021F01F0143F01F0AD6E9003239
:101C90001A44994202F1FF391ED1CA4508D1314692
:101CA0005FFA8BF00FF006F908F101080C36BCE77B
:101CB0003146C5F898B0D5F89C3022F01F0203F0E9
:101CC0001F031343C5F89C30E0B20FF0F3F810F196
:101CD000160F3DD0441CE7E7C5F898B0D5F8A02012
:101CE000013B23F01F0302F01F021343CA45314694
:101CF000E0B2C5F8A030E8D00FF0DCF810F1160F14
:101D000026D0C5F898B0D5F89C209DF808300AF187
:101D1000FF3A62F304038DF80830D5F8A0309DF83F
:101D200008205B0863F347128DF80820D6E90032DB
:101D30001344009323F01F035344A3EB0903013022
:101D400023F01F036946C0B20393FFF753FFBEE7BA
:101D50006FF01504204605B0BDE8F08F00ED00E0FF
:101D60000522044BC3F89420BFF34F8FBFF36F8F4E
:101D7000704700BF00ED00E0BFF35F8F0022024B11
:101D8000C3F89420704700BF00ED00E010B5034C8D
:101D90002278FFF741FF207010BD00BFD8940120CA
:101DA0002DE9F74F294D8A4606464FF00008AB460D
:101DB000274FD0451BDAD6F80490B9F1000F3FD079
:101DC0003168084601910FF06CF80199044609EB5F
:101DD000010001380FF065F884424FF014021D4BEA
:101DE00008D002FB08F36FF015024BF8032003B094
:101DF000BDE8F08F14F1160F2C60F8D01978A142CD
:101E0000F5DD02FB08B0C7F89840C7F89840D7F84E
:101E10009C4000F10801007B64F304000871D7F8CE
:101E2000A0000C79400860F347140C71D7F89C109F
:101E300021F01F016960D7F8A01021F01F0129616E
:101E400008F1010814350C36B3E700BF8C590120A6
:101E500000ED00E0D8940120F0B55249524CD1F881
:101E600090302568C3F307239D4287B000F2968027
:101E70000020FFF781FF4D4BC1F8C030854216D1DD
:101E80004B4C01A82570FFF74BF800250646494F3B
:101E9000AE4213D1002023784249D1F89020C2F3FA
:101EA0000722934274DBFFF75BFF002043E0616889
:101EB00001EB0011FFF784FE0130DFE701992801F3
:101EC00001EB0513DA683A40B2F5800F42D007D82B
:101ED000B2F5801F15D0B2F5001F2ED00135D7E71F
:101EE000B2F1006F43D0B2F1805FF7D15A689B68BE
:101EF0000958013B22F01F00034423F01F03012077
:101F000032E05A689B680958013B22F01F000344E5
:101F10000120844623F01F0340EA4C10CDE9022142
:101F20008DF8100002A920780593FFF763FE0028C2
:101F30002ADA6FF0150007B0F0BD5A689B6809589F
:101F4000013B22F01F0003444FF0020C012023F05C
:101F50001F03E1E75A689B680958013B22F01F0004
:101F60000344022023F01F034FF0000CD4E75A680B
:101F70009B680958013B22F01F0003444FF0030CFB
:101F8000012023F01F03C7E7237801332370A5E75F
:101F9000C1F89830C1F8A00001337EE74FF0FF3060
:101FA000C9E700BF00ED00E054740200AAFF44003E
:101FB000D89401200000F0FF08B502480BF0E6FFBE
:101FC000FEE700BF0F99020008B5024B1B68984757
:101FD000002008BDA059012008B50649064821F097
:101FE0000701C1F1005202F53C320DF07CFC0020EB
:101FF00008BD00BF7B500220A459012070B5416983
:102000000446857A0B4E59B1437ADB0706D4302358
:1020100003FB05639B6A1B689B6898470023636109
:1020200005EB4505214606EB0510BDE8704012F0B2
:1020300032BB00BFA80A00203022024B02FB003056
:10204000704700BFA80A00203021827A064B01FBAE
:102050000233DA6A93F82030801A1B3323F003032B
:10206000B0FBF3F0704700BFA80A002038B5302459
:10207000827A064B04FB02339B6AD3E901240C608D
:102080001568FFF7E1FF04FB005038BDA80A0020E7
:102090002DE9F04385B00546684690461C460391FD
:1020A00012F098FDDDE90067EFF31189402383F317
:1020B0001288BFF36F8FEB8B002B43D0AA8B9A4211
:1020C00025D900220023284608F0B4FA0446F0B1CE
:1020D00089F31188BFF36F8F039B002B43D03246E7
:1020E0003B46684612F09BFD3021A27A264B2046E3
:1020F00001FB02339B6A03A91B681D68DDE900230D
:10210000A847606180BB2046FFF778FF26E0E98B97
:102110004B1EEB8389F31188BFF36F8F95F8203046
:10212000AA8BEC6A1B3323F00303521A02FB03440D
:10213000154B164AEB1A1B115343A37295F8203026
:10214000E372C9E789F31188BFF36F8F23464246D4
:10215000284608F06FFA04460028BDD10024204626
:1021600005B0BDE8F0836361012300252381039B53
:1021700029466382E27A656004F1180013F077FD66
:1021800063692582E360EAE7A80A0020ABAAAAAA4D
:1021900070B530250C4C00B970BD037A4668002B31
:1021A000FAD0013BDBB20372002BF5D1C360436070
:1021B000837A05FB03435B6A13B198473046EAE72D
:1021C000FFF71CFFFAE700BFA80A002008B5244A61
:1021D000244B1A6004F058FC4FF47A612248D0F87E
:1021E0002436C3F30802C3F309434B4382F48072DD
:1021F0001E49883201FB02334FF4FA215B00B3FB26
:10220000F1F201FB12331A49B3F57A3F28BF0132CC
:10221000C1F80429D0F820364FF47A60C3F30802DD
:10222000C3F30943434342F6041082F4807202F27E
:10223000172200FB02334FF47A701B0AB3FBF0F253
:1022400000FB12330020B3F5FA7F4FF0010328BFE3
:102250000132C1F81C27C1F80009C1F8003608BDD9
:102260000020A1071008002000C0FF0010270080F8
:102270000000125048B1054B054A1B68B3FBF2F34E
:102280005843044B43F001031847704710080020DF
:1022900040420F0060700200BFF34F8F0549064BAC
:1022A000CA6802F4E0621343CB60BFF34F8F00BFF4
:1022B000FDE700BF00ED00E00400FA0508B50022CC
:1022C0004FF480214FF0005006F0E2F80A4AD2F8AD
:1022D000183523F00103C2F818354FF0FF32074BD1
:1022E000C3F80026012203F59033C3F80025BFF39D
:1022F0004F8F20BFFDE700BF00F00C5000E01050F2
:1023000030B500240A4D0B4B87B028460393CDE926
:10231000044412F098FA03AB284600934FF480521D
:102320000A23054908F0D0FB204607B030BD00BFA6
:10233000E01900202E99020028A001200146014842
:1023400008F002BCE0190020037830B5012B13D04F
:10235000022B27D07BB90A46184B03F1100453F81F
:10236000045BA34242F8045BF9D11B7813704388E5
:102370004B731B0A8B7330BD0A46104B03F11004DC
:1023800053F8045BA34242F8045BF9D11B78137045
:102390004368C3F307224B731B0CCB731B0A8A736E
:1023A0000B74E8E700F1100350F8042B984241F851
:1023B000042BF9D103780B70DDE700BF37990200D9
:1023C00010B50EF0BAFE12F093FA0B4C18B1D4E827
:1023D000AF3F63B910BD08F055FED4E8AF3F1BB95D
:1023E000BDE8104008F062BE0A209847F8E70A20CE
:1023F000BDE81040184700BFB059012038B5044669
:1024000008480EF07BFD054648B1631EDBB21F2B6A
:1024100096BF054A0021D15C0C300EF0DEFD284647
:1024200038BD00BF980B002048990200034BD3E849
:10243000EF2FC3E8E10F0029F9D17047B05901200F
:102440000F2810B50CD80D280CD90A480EF056FDEF
:10245000044618B104210C300EF0BFFD204610BD1B
:102460001328F2D009B10448F0E70220BDE810407B
:10247000FFF7C4BFC80B0020080B002070B5C6686A
:102480003378B6F8014083B90F21204601F014FDDE
:10249000F378054650B90A4A118831B96FEA0450F9
:1024A0006FEA10501080074A137070BD437201210B
:1024B00001F06EFC2846BDE8704001F027BC00BF6B
:1024C00056770120D994012010B50024084B86B01E
:1024D000039303AB00934FF462724FF0FF3305494F
:1024E0000548CDE9044408F0EFFA204606B010BDD7
:1024F0006899020028B00120C81A002010B5084CC5
:102500000146062294F86F0001F0AAFF38B994F84A
:102510006F000522BDE81040024901F0A1BF10BDC7
:10252000400100201499020010B5012104460C302E
:102530000EF074FD2146BDE810400023014A0078EA
:102540000EF0C7BE6075020010B5012104460C30C4
:102550000EF064FD2146BDE810400723014A0078D3
:102560000EF0B7BE2875020010B5012104460C30EC
:102570000EF054FD2146BDE810400223014A0078C8
:102580000EF0A7BEF87402002DE9F8430C4608F0DF
:1025900079FDE368228A1978022964D0042905D0DC
:1025A0002046FFF7F5FD6FF0150405E0022A08D874
:1025B0002046FFF7EDFD002408F078FD2046BDE839
:1025C000F88358783E2808D1032AF1D0DB78012B14
:1025D00001D00A2B47D1032604E00EF00BFE06467D
:1025E000F0073ED504F10C0528460EF02FFD012121
:1025F00007462846B4F810900EF008FD0221284640
:102600000EF00CFD804600783E2816D1E3681B785A
:10261000012B31D00A2B2FD0022541F27B13194A0E
:1026200019491A480DF0C6F9002383F31188BFF346
:102630006F8F0323184602DF04E00EF0DBFDC107B5
:102640000546EAD5124A0623214698F800000EF006
:1026500040FEAA0712D56369A4F8109013FA87F711
:10266000E760B307A7D521460A480EF04BFC0A499C
:102670000A4812F0BDF89EE70325E3E72046FFF77E
:1026800087FDEEE778990200AC990200C599020037
:10269000C874020098020020E0050020B01B002052
:1026A00070B531480EF043FC044600285AD000F1C2
:1026B0000C0528460EF0BAFC022805D004282FD0BD
:1026C0002046FFF765FD21E0238A032BF8D904217A
:1026D00028460EF0A3FCFF22438806882276228A31
:1026E000C6F30B009A426083EAD10F2101F0E4FBAC
:1026F00005460028E4D001F0FBFB21462076320B92
:1027000028460FF0D5F8284601F000FB174BD3F808
:1027100058313BB3BDE870401549164812F068B80F
:10272000284602210EF07AFC054600783E2812D099
:102730000EF060FD10F002060DD140F6B2430E4AD5
:102740000E490F480DF036F986F31188BFF36F8FED
:102750000323184602DF042321460A4A28780EF094
:10276000B8FDADE770BD00BF980200204001002019
:10277000E0050020B01B002078990200E2990200D9
:10278000C5990200087502002DE9F04788461646F3
:10279000824600286AD00023DFF8D490D9E8EF4FB2
:1027A000C9E8E23F002AF9D1002C5FD02046FFF7AC
:1027B0004BFC0C232F4D274603FB00504388534509
:1027C0000DD0D9E8EF3FC9E8E27F002AF9D1002B0C
:1027D0004CD01F463846BDE8F047FFF7D9BCA642AB
:1027E00008D020460EF085FB328AF16804F10C0017
:1027F0000EF0EAFB2046FFF727FC0C2606FB0050F4
:102800004368ABB1B8F1000F12D12046FFF71CFCB2
:10281000012106FB00504268D2E90003127A03F05E
:102820001F06B1405B09DAB100EB83000EF008FD32
:102830002046FFF709FC0C2606FB00508368002B9E
:10284000C8D02046FFF700FC704305F80080204602
:10285000FFF7FAFB06FB0055A86807F01DFFB9E774
:10286000C94300EB83000EF04BFDE1E7BDE8F087C4
:1028700094020020B459012073B5C5680121B5F850
:10288000010001F019FB044600284CD02B78061DEE
:102890001A2B19D1C378012B2DD14FF4804130462A
:1028A0000EF0CEFC42040FD4D4F88C30694600936D
:1028B000D4F894302046019301F09AFF204602B0EC
:1028C000BDE8704001F022BA2B78A3B940F2E24291
:1028D000B5F803305343C4F88830B5F80530A4F890
:1028E0009030B5F80730A4F892306FF4805130463C
:1028F0000EF006FD13E0D6E8AF3FDB04F5D52B78EC
:10290000202BF2D194F89830002BEED0013B84F8C4
:102910009830064A002304F1400008F03FF92046B1
:1029200001F086FCCAE702B070BD00BF5A62020027
:10293000054BD3E8AF2F02F00B02D3E8EF1FC3E83B
:10294000E02F0028F9D170471402002010B5C1E92A
:1029500000239DF808300C460B72FFF775FB0C2224
:10296000024B02FB00335C6010BD00BFB459012074
:10297000F8B502460B4610480EF0C0FA0446C0B146
:1029800004210C300EF00FFB2046FFF75DFB0C27F7
:1029900000260A4D07FB005046802046FFF754FBF7
:1029A00007FB005086602046FFF74EFB07FB0055F3
:1029B0006E602046F8BD00BF680B0020B4590120AE
:1029C0000138C0B202289ABF014B185C0020704742
:1029D0006B9A0200034B0146D3F87C01826892682F
:1029E000104700BF40010020042101480EF028BC20
:1029F0001402002000487047CD7D020001490248C2
:102A000011F0F6BED0050020C81A002070B50546AA
:102A10000C4659B94FF0FF304FF0FF31FFF7A8FFD8
:102A2000044618B96FF06805284670BD2046FFF7C8
:102A30000BFB0C22154BA61802FB003330465D80C1
:102A40000EF004FB03280BD9032130460EF0CDFA1B
:102A50000580238A0121033B837030460EF0CDFAB6
:102A600040F635439D4208D12046FFF7B3FF0546A7
:102A700048B12046FFF78CFBD6E72146044811F009
:102A8000FFFDFFF7BBFF0025CEE700BFB4590120D3
:102A9000A00200202DE9F043064617460C4689B0F7
:102AA00069B94FF0FF304FF0FF31FFF761FF044687
:102AB00058B96FF06805284609B0BDE8F083887AF8
:102AC000FFF7BAFA314B834259D10DF104080122C4
:102AD0000021404611F0EDFD2046FFF7B5FA0C232A
:102AE000DFF8AC9003FB0090C0F8088020460EF0A1
:102AF00034FA01463046FFF789FF054618B12046F3
:102B0000FFF746FBD7E700234046224A07F0FEFDC9
:102B1000804690B14FF4FD731F4A204920480CF0C5
:102B200049FF424631461F480CF044FF85F31188A7
:102B3000BFF36F8F0323184602DF2046FFF784FAA6
:102B40000C23584319F80060AEB12046093EFFF748
:102B50001FFB092E0CD8DFE806F0150B0B08050B40
:102B60000B0B0B126FF00B05A5E76FF00C05A2E73E
:102B70006FF004059FE7002FC1D03C609BE76FF02A
:102B8000150598E76FF06E0595E700BF680B00200C
:102B9000B4590120B4C4040078990200109A0200CC
:102BA000C5990200199A02002DE9FF410026544BF5
:102BB000B0F80180198848F47042914204BF1E8029
:102BC000504B00F1040408BF1E78C3780546012B62
:102BD00008BF4D4B204614BF002793F86F700EF0CE
:102BE000A8FA2146A8B1012702A80EF097FAD5F855
:102BF0001130CDF80130B5F81530ADF80530EB786F
:102C0000012B1CD0132140460EF045FC04B0BDE85A
:102C1000F08138460EF040FD034600682F7902909F
:102C20009A889B796868ADF80C208DF80E30A288E0
:102C3000A3790090ADF804208DF80630DFE702A8F4
:102C4000FFF75CFC04460028DCD00346B5F8012001
:102C500023F8702B9DF80E200298BDF80C10206709
:102C60009A7140F2E2429980B5F81730534300223E
:102C7000C4F88830B5F81930A4F89030B5F81B3096
:102C8000A4F89230EB786272204A012BC4F8A82095
:102C900002F14702C4F8AC204FF4A472E370A4F828
:102CA000B0201CD18DF80070BDF804209DF80630CE
:102CB0000098A4F87B2084F87D30C4F8770000F0F9
:102CC000A3FD237A1049C3EBC3035A18CB58C4F8A9
:102CD0007E309388A4F88230937984F88430072179
:102CE000204601F055F826B101212046667201F018
:102CF0004FF8204601F02EF9204601F007F885E74D
:102D000056770120D99401204001002001011B00C9
:102D100000B5C36889B01A7832B13C2A32D109B003
:102D20005DF804EB0EF05DBB8DF80020B3F80120D8
:102D3000ADF80120DA788DF80320B3F80B20ADF858
:102D40001720B3F80D20ADF81920B3F80F20ADF817
:102D50001B205A7C8DF81D20586801901A899B7A97
:102D6000ADF808208DF80A30084B68461A689B8831
:102D7000CDF80B20ADF80F30CDF81120ADF815309F
:102D8000FFF712FF09B05DF804FB00BF28990200AD
:102D9000F7B5002240F603401146FFF77BFE0446DC
:102DA000002853D1FFF7C4FD214641F2030001AAD8
:102DB000FFF770FE0446002848D1019AC04DD16843
:102DC00005F17803D1F80100D1F8051003C31046CE
:102DD000FFF7DEF9214641F2010001AAFFF75AFE92
:102DE000044698BB0198C3685A7885F870205A88C1
:102DF000A5F872201A7985F87120B3F80720A5F894
:102E00007420B3F80530A5F87630FFF7C1F92146F4
:102E100041F2020001AAFFF73DFE0446B0B9019F4E
:102E200005F18006FA68531C413234461868596827
:102E3000083303C493422646F7D13846FFF7A8F972
:102E400095F87C305B0604D46FF01204204603B082
:102E5000F0BD002142F2030001AAFFF71BFE044669
:102E60000028F3D1019B974EDA68D2F80100D2F81E
:102E7000051003C61846FFF78BF9214642F20200FF
:102E800001AAFFF707FE04460028DFD1019CE36892
:102E9000B3F8012091B249B1D97839B1A5F8082128
:102EA000DA78114606F12C0011F003FC2046FFF7FA
:102EB0006FF91F2395F87C60A5F8283116F02006DD
:102EC00019D14FF0FF304FF0FF31FFF751FD0446AD
:102ED000002800F0F28002210C300EF06FF8012380
:102EE000214603704670324640F66D40FFF7D2FD32
:102EF00004460028AAD195F89C301F0712D500215E
:102F000042F21C0001AAFFF7C5FD044600289DD12E
:102F10000198C368D3F80120D3F80530C5E93823F8
:102F2000FFF736F94FF0FF304FF0FF31FFF720FD8C
:102F30000446002800F0C18008210C300EF03EF855
:102F400095F8D820214612F0020F14BF2F230F232B
:102F5000960695F8D92048BF43F0400312F0090FB8
:102F60004FF0000218BF43F400630370C3F307235C
:102F700043708270C270027142718271C27142F2FA
:102F80000100FFF787FD044600287FF45FAF95F846
:102F90007C30B5F8081198067BD4C9B941F2050018
:102FA00001AAFFF777FD044600287FF44FAFB5F87C
:102FB0000831019C4BB9E368B3F80120A5F808215A
:102FC0009A884148114611F074FB2046FFF7E0F85B
:102FD0004FF0FF304FF0FF31FFF7CAFC04460028E6
:102FE0006BD008210C300DF0E9FF1023037088230B
:102FF000437002230022C370202321468270027195
:1030000042718271C37140F60140FFF743FD0446EF
:1030100000287FF41BAF014601AA4FF60140FFF7DD
:1030200039FD044620BB0198FFF7B2F821464FF660
:10303000024001AAFFF72EFD0446C8B90198C368F3
:10304000B3F80130A5F8C130FFF7A2F895F8C13008
:103050005A070DD521464FF6034001AAFFF71AFD86
:1030600030B90198C3685B7885F8C030FFF790F8F5
:10307000EB799BB900F010FB044600287FF4E6AE24
:1030800001F0B4FA044600287FF4E0AEFFF7ACFC90
:10309000DCE600299CD16FF00404D7E62E78002EE0
:1030A000E8D195F8C1309B0624D54FF0FF304FF0A2
:1030B000FF31FFF75DFC044640B96FF06804C5E6D8
:1030C00040010020180200204C02002006210C3094
:1030D0000DF074FFD5F8013021460360074B3246EE
:1030E0009B8883804FF60640FFF7D4FC04460028F7
:1030F000C0D0ABE66FF08504A8E600BF4101002018
:1031000010B5FFF745FE034B1B6813B1BDE8104037
:10311000184710BDD859012073B5254D0646D5F87E
:103120007C0111F04AF900283BD06FF0020105F153
:10313000D4000EF0E5F801210EF082F810EA010447
:1031400032D11C4B1E600A4605F59C7011F0B1FA95
:1031500005F5B07011F088FA174811F074FB6FF0A4
:1031600007034FF4805215491348009407F0ACFC54
:103170001349114807F04CFDD5F87C0111498368CB
:103180001B689847044648B926B902B0BDE87040AC
:10319000FFF7FEBD05F1C40007F090FC204602B029
:1031A00070BD6FF01204F9E76FF07704F6E700BF27
:1031B00040010020D8590120B01B0020B0B30120ED
:1031C0005E9A02008925010038B5044603210C30BF
:1031D0000DF024FFE3680578197840F63543B0F820
:1031E000010098420AD02246FFF7CEFA35B10448D2
:1031F00007F052FABDE83840FFF700BC38BD00BF09
:103200007802002038B507F03DFF284DD5F8603131
:10321000002B48D00022002305F59C7007F076FAB9
:10322000002840D10022002305F5B07007F002FA13
:10323000044668B940F6C2431D4A1E491E480CF0B8
:10324000B9FB84F31188BFF36F8F0323184602DFA5
:10325000D5F8540120B1FEF79BFF0023C5F8543187
:1032600020460DF07AFEC5F854012046FFF7B2FB68
:1032700098B1124807F010FA2046FEF7E5FE0C223E
:103280000F4B1F2102FB003022464088FFF77CFADB
:103290002046FEF77DFFFFF7B1FBFFF7AFFBBDE870
:1032A000384007F003BF00F065FEF8E7400100205A
:1032B00078990200679A0200C599020078020020FE
:1032C000B459012038B5042104460C300DF0A6FE97
:1032D0004578017822464088FFF756FA35B1044810
:1032E00007F0DAF9BDE83840FFF788BB38BD00BF0A
:1032F00078020020F8B506460024094DEF79E3B2C4
:103300009F4202D86FF0010007E0294630460EF0D8
:10331000BBF90735631C08B12046F8BD1C46EEE733
:103320004001002070B5144E06223146044612F0CA
:10333000AAFCE0B14FF0FF304FF0FF31FFF718FB70
:103340000546B0B1062221460C300DF03DFE0022AC
:10335000294642F20500FFF79DFB48B93346226833
:1033600043F86929A288B280012283F868200020EE
:1033700070BD6FF06800FBE7A901002037B5044677
:103380000D4689B1284618490EF07EF960B9174AF2
:103390002968C4EBC4041151A318AA889A80AA7999
:1033A0009A71002003B030BD68460DF0A9FE0028D8
:1033B000F8D16846FFF79EFF0028F5DA0B4A00981F
:1033C000C4EBC40410519DF80610BDF80400A31806
:1033D00098809971002DE4D012592A609A88AA80A9
:1033E0009B79AB71DDE700BF1B9902004001002013
:1033F00070B5044611B16FF0150070BDF0B12249EF
:103400000EF042F9D0B92046FFF774FF002835DAF4
:10341000237863B91D4AD37983BB20681060A179F2
:10342000A088917101219080D1711846E5E7012BA8
:10343000E1D1A37903F0C003C02BDCD1134DEB79AC
:10344000012B1ED005F1D403D3E8AF3FDB0707D42F
:10345000002CD0D020460C490EF016F90028CAD115
:10346000EE792146731C3046EB71FFF787FF08B9F0
:103470003046C2E7EB79013BEB71BEE76FF07700B6
:10348000BBE76FF00B00B8E71B990200400100207A
:103490002DE9F3410446D8B1002141F2090001AA07
:1034A000FFF7F8FA054698B9019E0622D6F80C8077
:1034B000104908F10107384612F0E5FB28B1062251
:1034C00038460D4912F0DFFB30B93046FEF760FE9A
:1034D000002002B0BDE8F081D8F801303046C4F8D1
:1034E0000130BB882570A4F80530FEF751FE01209D
:1034F000EFE700BF289902002299020007B568464D
:10350000FFF7C6FF044BD87118B169460020FFF7DA
:1035100035FF03B05DF804FB40010020F0B5294DF4
:1035200089B0EE79002E46D195F8C230DB0722D55E
:103530006A4631464FF60940FFF7ACFAD8B9DDF8D4
:1035400000C0DCF80C406378012B1E4628BF012622
:1035500073B1A31C02AA12341746186859680833BD
:1035600003C7A3423A46F7D1186838609B88BB80EE
:103570006046FEF70DFEEE71002416260127EB795A
:10358000E0B2834202D8B3B1002012E008AB06FBE0
:10359000003353F8182C33F8143C6946CDF8012059
:1035A000ADF805308DF80070FFF7E8FE0134002813
:1035B000E5D009B0F0BD0021084609B0BDE8F040F3
:1035C000FFF716BF400100202DE9F0410D461746D8
:1035D0001C460646002856D0002B54D00A03037818
:1035E00008D56D074FD40EF064F8002849D10123A7
:1035F00023700CE0A9072CD026480FB1AA0608D4E6
:10360000C3EBC302825C012A12D002B922700020EF
:1036100037E090F8D820510638D5C3EBC302825C5E
:10362000012A05D002B92270237843F00203DFE7B4
:103630004FF00108072111FB0381014430460EF0D1
:1036400030F8F0B984F80080002FE0D0AB06DED56A
:10365000EAE76A0711D50F49C3EBC3028E5C012E5E
:1036600008D1072212FB036319440EF01AF840B97F
:103670002670EBE7002EE9D1FAE70EF01AF80123E5
:103680002370BDE8F0816FF01500FAE76FF0850058
:10369000F7E700BF4001002010B50A4CE3790BB1F9
:1036A000002010BDFFF72AFF0028FAD1E379002B94
:1036B000F6D1FFF733FF0028F3D1601CBDE81040BE
:1036C000FFF730BE40010020F8B5456806466905A1
:1036D00035D4046914B115F0030330D0194F307894
:1036E000FB7983422BD9C0EBC0000722164938442E
:1036F00012F0C9FAA8B115F0030306D197F87020AB
:10370000082A02D8B2689F2A19D915F0300F09D0BB
:10371000ACB1EA060AD405F46035B5F5603018BFDF
:103720000120F8BDEB0601D4002CF4D1D6E9022328
:103730009A4204D81F2A02D9B3F5804FEBD9002052
:10374000EFE700BF400100201B990200F7B5CDE96B
:103750000001694642F2080016461D469DF8207099
:103760000DF0D4FF044648B95FB90B4BD3E8EF1F07
:1037700041F00401C3E8E21F002AF7D1204603B05C
:10378000F0BD694642F20900CDE900650DF0BEFFCB
:103790000028EAD00446F1E768010020F8B50446A5
:1037A00014F8097B154B05460E460722204614499E
:1037B00083F86F7012F067FA70B93846114900F05B
:1037C0000BFE044610B96FF00B00F8BD052100F0A8
:1037D000DFFA00203460F8E7214638460EF00AF997
:1037E00040B92146287800F0F7FD04460028EAD0C9
:1037F0000621ECE76FF01500E7E700BF400100206D
:103800001B990200149902000048704758010020DB
:103810002DE9F04F9A460023D0F810B0864EBBEB4E
:10382000030489B00546304618BF012403930DF008
:103830006AFF0F464107914640F1E0802846FFF7B6
:1038400043FF60B96FF015043846002340F20111C0
:10385000994540F0DC80204609B0BDE8F08F28464D
:103860000DF03EFF80460028ECD0A6F1AC000DF034
:103870004AFFC205C0F3002300F1C380CDE9053340
:10388000CDF81B30AB686868ADF81030EB68ADF868
:1038900012300DF029FF8DF81D00D6E8EF3F23F41C
:1038A0008073C6E8E23F002AF7D12A780DF11503AC
:1038B00006F8BC2C06F8652C69682246A6F1BC0007
:1038C000FFF782FE04460028BED1A6F1B303BBF188
:1038D000000F11D02A69116846F8B31C91889980AD
:1038E00092799A716B689E0744D1980502D4BAF117
:1038F000000F53D002230BE0504A116846F8B31C66
:103900009188927999809A716B689C07EDD05B469B
:103910008DF814304FF0FF304FF0FF31FFF728F8EB
:103920000446002870D00F2204A90C300DF04CFB87
:103930002146002242F20600FFF7ACF804460028B8
:1039400082D1BBF1000F2DD06B68990736D10121D0
:103950003B480DF04AFF039E0446002836D0002E57
:103960003FF472AF3046002100F012FA304600F00A
:10397000CDF969E713F0100F0CBF012304238DF874
:1039800014302B691A68CDF816209A88ADF81A20E1
:103990009B798DF81C304FF00008BBE703238DF8AE
:1039A0001430F8E7524649463846129BCDF800805D
:1039B000FFF7CCFE04460028C6D045E7204803A9FF
:1039C000FFF7ECFE04460028C1D03DE716B13046B3
:1039D00000F09CF96A681B4812F0030218BF01222C
:1039E00009210DF0EDFE42460A210DF0E9FE6A685C
:1039F0000C21C2F380020DF0E3FE25E76FF00A040C
:103A000022E76FF077041FE76FF068041CE7028875
:103A10008A4204D1426812B11278D20702D401332B
:103A2000083015E70849094810F013FF0023084A39
:103A3000064807F0E7F80EE7140200201B99020081
:103A400058010020680100203D180200700100208C
:103A50001C4E0E0010B518480DF0EDFE17480DF085
:103A600052FE0346DA05C0F3002023D513480DF0BB
:103A70004AFE830515D512490722124812F003F9B0
:103A800003461149087E93B90522104900F0E8FC6D
:103A9000044630B10021417200F07AF9204600F06E
:103AA00035F9BDE81040002103480DF09EBE062206
:103AB0002131EBE710BD00BF580100206801002054
:103AC0001B990200610100204001002014990200AE
:103AD00070B505460B4B1C6844B154F81C3C1C3CAB
:103AE00013B12846697A9847E469F5E7064C074E12
:103AF000B44200D370BD236813B12846697A984751
:103B00002034F5E7345A0120E46C0200046D020011
:103B100010B50446FEF798FA044901EB001120465F
:103B20000DF048FBBDE81040FEF768BFDC590120EE
:103B3000002270B50446D1E901560748C1E90122C7
:103B400010F09EFD3DB1314620462B46BDE8704049
:103B50006FF06D02184770BD8C0A002010B4827A95
:103B60000346072A16D10433D3E8EF2F42F48061CD
:103B7000C3E8E41F002CF7D151050BD4D3E8AF3FC5
:103B8000DA0307D4044B93F8D8301B0702D510BCD6
:103B90000DF0A7BC10BC70474001002070B5054671
:103BA000002200230E4806F0B1FDB8B90D4B1C6889
:103BB00034B154F8143C1C3C03B19847E469F7E76E
:103BC000094C0A4EB44204D32846BDE8704006F0C2
:103BD00075BFA36803B198472034F3E770BD00BFF9
:103BE000500A0020345A0120E46C0200046D0200E7
:103BF0002DE9F843044640270025DFF85080EFF315
:103C0000118387F31288BFF36F8FE16929B983F3BA
:103C10001188BFF36F8FBDE8F883206A0A6881427C
:103C200008BF2262E26183F31188BFF36F8FD1E98D
:103C300001694046C1E9015510F022FD1EB1002284
:103C400049462046B047FEF7D9FED8E78C0A002047
:103C50000448B0F8083100F58670002B08BF00203A
:103C6000704700BF4001002030B5044612F002FA50
:103C70000D460D4A0D498DB00858D2F8C81088423B
:103C800005D120460DB0BDE83040FFF7B1BF243468
:103C90002146104610F0ACFD1DB1204601A910F0E0
:103CA000B7FD0DB030BD00BF302B00200800000074
:103CB00038B5002204468A4202D10024204638BD8D
:103CC000012004F1D403D3E8EF5F002D04D1C3E851
:103CD000EC0FBCF1000FF6D102D0D8340244EAE771
:103CE000002CEAD0D4220021204611F0C0FF04F1BC
:103CF0004000044910F0ADFD034904F1240010F028
:103D00005BFDDBE70D4501006318020008B5D43008
:103D1000D0E8EF3F013BC0E8E23F002AF8D13BB9D1
:103D2000044806F0B9FCBDE80840034806F0C6BEEA
:103D300008BD00BF500A00200006002010B5044650
:103D40000DF004FE07F09EF9104B04F1C802D3F801
:103D50002C1149B9C4F8C810D3F8301189B9C3E996
:103D60004B2207F0A3F906E08A4208D107F09EF93A
:103D70002046FFF7CBFFBDE81040FEF73FBE0968C5
:103D8000E7E70A60C3F83021EBE700BF40010020FD
:103D900070B5837A04468B4267D08172F3B90DF017
:103DA000D5FDA37A012B1CD0072B5ED100212F4813
:103DB00007F0A8FD0023C4E90D33E378012B54D1AB
:103DC000A37804F14000012B04BF032384F898304A
:103DD000274A0023BDE8704006F0E0BE827A012A3F
:103DE00008D1244D05F58676616961BBBDE8704058
:103DF000FEF704BE072AD9D0002A36D1013B072B93
:103E000033D8DFE803F004171B1B1B17323200F115
:103E10004005284610F029FD20460121FFF724FF28
:103E200020460DF03CFD2846BDE8704000220023EE
:103E300006F0E8BE437A0BB1FFF74AFE2046BDE824
:103E40007040FFF763BFA2690B68914208BFA3618E
:103E500020466361FFF76CFEB5F80831002B14BFF4
:103E60003046002006F018FCBEE770BD10060020AA
:103E70005A62020040010020F8B5074609480D4685
:103E800016460DF063FD044650B183781F4203D1FE
:103E9000BDE8F840FFF73ABF3146A8472046F7E7AC
:103EA000F8BD00BF981C0020002201200149FFF747
:103EB000E3BF00BF5D3B010038B505460B480C462B
:103EC0000DF044FD034670B1827A012A02D0073A10
:103ED000012A06D81A88AA4202D19A78144203D13C
:103EE0001846FFF713FF0023184638BD981C002022
:103EF000034BC01A034BC0105843C0B2704700BFF9
:103F0000981C002013DA4B6870B51C461443054614
:103F10000E460AD012F0AEF80B4908580B49D1F8FA
:103F2000C810884204BF002213460949002D14BF5F
:103F3000284608460CF0E2FF044618B1711D0C300B
:103F40000DF031F8204670BD08000000302B002035
:103F5000A80A002010B50446054806F0AFFD20462B
:103F600000F0F8FB2046BDE81040FFF7B1BD00BFF0
:103F7000F005002000232DE9F04F87B0039305934F
:103F8000A64BDA8B32B1A64DD5F82C4134B907B027
:103F9000BDE8F08F1B68002BF5D1F8E754F8C8395D
:103FA00003B1C83B00269F4901E01C461346B5F803
:103FB0000821002A00F03081D5F814214AB904F113
:103FC000C806002BE3D0D3F8C820002AEDD0C83AA9
:103FD000EBE70A68002AF2D0D4F8B420002AEED029
:103FE000D4F8B820002AEAD0D4F8BC20002AE6D0C1
:103FF000A37A072B64D120469047002860D004F1B3
:10400000CC03D3E8AF3F022B5ADC20460DF09EFCD8
:1040100004460028BBD0A37A072B40F0F48020464A
:10402000D4F8B430B5F8081104AA98470746002818
:1040300000F0C980B5F80821049B9A4206D30146D6
:10404000D4F8B860204605AB03AAB047DDE9039A6F
:10405000059B01933B8A002B00F0D88038460DF079
:10406000BFF88046002840F0D480B5F80831DFF86A
:10407000B8B1002B14BF584600200022002306F0E0
:1040800045FB78B900220023664806F0D3FA0646BD
:1040900000283BD1B5F80831002B18BF5E463046EA
:1040A00006F0FAFA6FF00B053846FEF771F8B9F131
:1040B000000F00F084802A4620460199C8477EE020
:1040C000D4F8C83004F1C802C6B9D5F83011C5F823
:1040D0002C318A4201D1C5F8303100232046C4F882
:1040E000C830D4F8BC309847002894D0A37A072B66
:1040F00040F089802046FFF721FE8CE73360D5F839
:1041000030319A4208BFC5F83061E6E7019BC0F83C
:1041100004908360B5F808B10022DA454FF000033F
:104120004FF000013D4898BF1FFA8AFBFDF7B0FF32
:10413000814650B1FDF788FF3C4B5A4603EB001314
:10414000394648460DF011F88146B5F8083194F823
:10415000D0709A458CBF4FF00108023784F8D080A8
:1041600098BFFFB204F1CC08D8E8EF3F0133C8E8AC
:10417000E23F002AF8D100233360A3693BBBC4E9C6
:104180000566A378012B25D0D8E8EF3F013BC8E8AE
:10419000E23F002AF8D1314604F114000DF064FB2F
:1041A0004846FDF7F5FF20463146FFF7C1FCB5F85C
:1041B00008311D48002B08BF002006F06DFA1321BE
:1041C00020460DF0D7FB2046FFF7A0FDDFE61E607E
:1041D000A661D6E709F10C0A042150460CF005FF50
:1041E000238807F0FD0743EA07330380B9F810304E
:1041F0000221043B438050460CF0FFFE4846FEF788
:10420000E9FB0028C0D1FEF7F9FBDCE76FF0790588
:104210004AE76FF0040547E79368FFDE380B00209C
:10422000400100208C0A00204C020020DC590120B3
:1042300040F2E2432DE9F041D0F888600446B6FB35
:10424000F3F6031DB6B2D3E8AF2F920413D5B0F83E
:104250008C20B2420FD8B0F88E20B2420BD3D0E9F6
:104260002412914207D1D3E8EF1F21F40051C3E893
:10427000E21F002AF7D1114B1D6865B155F80C7C7F
:104280001C3D37B131462046B4F89230B4F8902046
:10429000B847ED69F1E70A4DDFF82880454501D3BD
:1042A000BDE8F0812F6937B131462046B4F892302D
:1042B000B4F89020B8472035F0E700BF345A012009
:1042C000E46C0200046D0200F8B50F4B05461C6853
:1042D0005CB11C3C00F1AA06A36913B13146284623
:1042E0009847E4690CB11C3CF6E7084C084E05F110
:1042F000AA07B44200D3F8BDA36913B139462846D2
:1043000098472034F5E700BF345A0120E46C0200DE
:10431000046D0200F8B50F4B05461C685CB11C3CEF
:1043200000F1A806636913B1314628469847E4694D
:104330000CB11C3CF6E7084C084E05F1A807B44246
:1043400000D3F8BD636913B1394628469847203435
:10435000F5E700BF345A0120E46C0200046D02004E
:104360002DE9F041074608460D460DF06EF8064669
:1043700018B900263046BDE8F081144B1C6884B1A2
:1043800054F8103C1C3C0BB9E469F8E72946384660
:1043900098470028EDD028460DF057F80028F3D1B3
:1043A000E7E70B4CDFF82C804445E3D2E3680BB918
:1043B0002034F9E72946384698470028D9D02846BE
:1043C0000DF043F80028F3D1D3E700BF345A0120A1
:1043D000E46C0200046D020038B505460C460E4838
:1043E0000121FFF765FCB0B1057223680367A3885C
:1043F000A0F87430A37980F8763001238370074BDE
:10440000C0F8B430064BC0F8B830064BC0F8BC302A
:10441000054BC0F88C3038BD981C0020794601004F
:104420004D180200411802001800280070B505461A
:104430000A480E460DF08AFA044620B18378012B13
:1044400004D0FFF763FC0024204670BD32462946A5
:104450000DF0B0FA0028F7D12046F2E7981C0020B2
:10446000F8B505460E480E4617460DF06FFA04469D
:1044700020B18378012B03D0FFF748FC00240DE026
:1044800036B1324629460DF095FA08B92046F3E7D1
:10449000A37ABB42FAD1237AAB42F7D12046F8BDCA
:1044A000981C002038B5044608460D460CF0CDFF98
:1044B00038B3154B93F8D830990707D4E37873B124
:1044C00029462046BDE8384000F092B994F899306A
:1044D0009A07F3D5231DD3E8AF3F5B04EED42946FA
:1044E00020460DF0CBFA58B92B88A4F88C306B8895
:1044F000A4F88E30AB88A4F89430EB88A4F89630FA
:1045000038BD6FF01500FBE740010020F7B510F84B
:10451000363C0446A0F140060BBB30460DF02AFBAA
:104520002E4B1D684DB155F8183C1C3D1BB1304653
:1045300014F8371C9847ED69F4E7294D294FBD421F
:1045400005D3304603B0BDE8F040FFF7DFBB6B6832
:104550001BB1304614F8371C98472035EFE710F8A8
:104560003E3C012B24D1A0F13C05D5E8EF3F23F4DC
:104570000052C5E8E12F0029F7D19B041AD5E36C5E
:1045800069460093636D30460193FFF78BFF38B99E
:10459000D5E8EF3F23F48053C5E8E23F002AF7D186
:1045A000D5E8EF3F43F40063C5E8E23F002AF7D1C6
:1045B00003B0F0BD6B460C4A1068516803C36946EE
:1045C0003046FFF76FFF0028EAD1D5E8EF3F43F40C
:1045D0008053C5E8E23F002AE2D0F6E7345A0120D2
:1045E000E46C0200046D02004C70020070B50C48CF
:1045F00010F03AF800240B4D094E2946304601349C
:1046000010F03EF8062C05F10C05F6D10EF02EF850
:104610000EF04BFC044608B90DF0B6FB204670BD09
:104620008C0A0020EC590120044B186818B9044A80
:104630005A600B6070476FF00B0070473C5A0120C6
:104640009C75020070B5044652EA03000AD011F0CE
:1046500011FD074D074ED5F8C8503058854204BFAC
:10466000002213462046BDE870400431FFF74CBCE1
:10467000302B0020080000002DE9F8430E4690463C
:10468000D0F8C0404CB14C3C236B63B104F130090D
:10469000484610F00AF8054658B9FEF7AFF900256C
:1046A0002846BDE8F8832068C0300DF059FAE46C64
:1046B000E8E70CF095FD0028F1D128460CF04DFC00
:1046C000236D05469BB9A38C078A403B9BB23F2BC9
:1046D00003D8238D9F4228BF1F46042105F10C00FB
:1046E0000CF083FC0780A38C043743802765236D7F
:1046F0002A8A9E420FD3934216D0A38C403B9BB292
:104700003F2B21D92068C0300DF02AFA236B13B15A
:1047100020460DF006FA236D9E422CBF00269E1BFC
:10472000C8F800302665BBE700220023484605F0A4
:1047300081FFFDF72DFDA38CA3F140023F2AE1D8B4
:10474000034AAA61EB61DDE700221346F9E700BFE7
:10475000B11C0200F7B504460026234D234FBD428D
:1047600001D303B0F0BD298820460DF098FA6B689C
:10477000019001A920469847002830DB019B2A8838
:104780009A829A8403F11002D2E8EF1FC2E8E06F28
:104790000028F9D1DE641E659E60A16B03F108025A
:1047A000F9B9C4E90D221C60DE6003F130000FF09E
:1047B0005BFF019843681B6803B19847019B103366
:1047C000D3E8EF1F41F00101C3E8E21F002AF7D14F
:1047D00001984368DB6913B100F11001984708356F
:1047E000BDE70A60A263DEE7CC6C0200E46C020065
:1047F00070B5124B0C46197805460131C9B2012932
:1048000038BF01210822122019700DF010FA064657
:1048100088B108210C300CF0D1FB2288314602808F
:1048200062884280A2888280E288C2802846BDE8F1
:1048300070400DF04ABA6FF00B0070BDDA940120A1
:1048400023281FD81A2804D8431E182B0ED9062057
:104850007047A0F11B03082B1ED8DFE803F0051DED
:104860001B231D19251D05000320704701230F4A36
:1048700083401A40C2B90E4A1A40002A14BF0120D0
:104880000620704700F07F03522B05D100207047AF
:10489000012070470520704710F0400F0CBF062024
:1048A000002070470420704702207047AAAA8A029D
:1048B0005455450170B50E46438D418B01328B42F4
:1048C00028BF0B469A4205461FD83046FFF7B8FF6F
:1048D000022812D0042810D011F0CCFB144B195828
:1048E000144BD3F8C830994212D0134B1B685A1A94
:1048F00018BF4FF0FF32134601E000230F4A00219A
:104900000F48FFF79FFE044620B90024204670BDE3
:104910000022F0E7FDF798FB18220A4B012102FB69
:10492000003304F10C009D600CF048FB0670EDE7CD
:1049300008000000302B0020285B01201C4E0E00D8
:10494000D80A0020985A0120011F01480FF089BDA4
:1049500004090020F8B50F4A074600230E480E460A
:104960000CF0CCFA044690B100F10C050921284660
:104970000CF019FB2046FDF767FB1822074B0121BD
:1049800002FB003328469F600CF018FB067020469F
:10499000F8BD00BF1C4E0E00D80A0020985A012016
:1049A00008B5EFF31181402383F31288BFF36F8FB3
:1049B000002303600C4B5A689AB9C3E9000081F3E5
:1049C0001188BFF36F8F094806F078F8002807DADE
:1049D000002383F31188BFF36F8F0323184602DF90
:1049E00008BD10605860EAE7905A01204806002090
:1049F00010B5044600F15403D3E8EF1F41F0010164
:104A0000C3E8E21F002AF7D1201F0DF023FB04F1B9
:104A10007C0004490FF01DFF2068BDE8104001F044
:104A200045BB00BFA526020070B503788AB00446D6
:104A30000E4607AD032B20D8DFE803F002191B1D3B
:104A400011492846F8F769FB059563781E21049300
:104A5000A37830460393E3780C4A029323790193B9
:104A600063790093A37909F0B1FA0AB070BD0849DF
:104A7000E7E70849E5E70849E3E70A212846074A46
:104A800009F0A4FAE0E700BF6E9A0200979A0200CC
:104A9000759A02007C9A0200869A0200909A02009F
:104AA0002DE9FF414FF000084FF4205305460E4614
:104AB000006802A9144617688DF80880ADF80A301E
:104AC0000CF0D0FAA0B142F60103286803A98DF8D2
:104AD0000C80ADF80E300CF0C5FA48B123691BB15B
:104AE0005A88B24200D25E80012004B0BDE8F08155
:104AF000616828680CF0B6FA10B100232361F3E76F
:104B0000E368A0681A786AB1B7F82AC0798B038A7B
:104B10008C4594BFC3EB0C03C3EB0103934201DA52
:104B20000020E2E704210C300CF048FA20610680F6
:104B3000236929465E80074B019400933846002381
:104B4000A2680DF0CAFA0028EADB2069003818BF15
:104B50000120CAE7BB2002002DE9F347176805468C
:104B60008946006851681446D7F804A00CF07AFA18
:104B7000804600284BD19522294650460EF048F831
:104B80000646207540B1E3681B780BB184F81480A9
:104B9000002002B0BDE8F087294650460EF05AF9D1
:104BA00010B908232375F3E7A06826750CF0D9F92E
:104BB00002210C300CF002FA164B2061A0F8009094
:104BC00000930194334629463846A2680DF085FAD1
:104BD000002807DA10F1FF0F32BF0E204042C0B2AA
:104BE0002075D5E72369002BD2D0A0680DF0D7F847
:104BF0007B8B7A8D9A4294BFC0EB0200C0EB03001E
:104C0000E3681B78984294BF00200120C1E701208F
:104C1000BFE700BFAF1D0200F7B5002304460E46F4
:104C200000226946284805F03BFB0546D0B911F043
:104C300021FA264B009F1A58254B29461A60381D29
:104C40002C2211F014F83C60009C0022C4E90155AC
:104C5000C4E90A5500231F4801A9019505F020FB6E
:104C6000054620B16FF00B05284603B0F0BD019B4F
:104C70000146B822184610F0FAFF174A82606030E9
:104C80000FF0F2FC019B5833D3E8EF2FC3E8E15F4C
:104C90000029F9D1019B1C60A36A019F1BB904F193
:104CA0000C000FF0E1FCA26A07F1B003C7F8B020D6
:104CB000E26AA36202B9E3621722019B5A855A8312
:104CC00004333360D0E700BFC408002008000000B0
:104CD000285B012004090020200600202DE9F74F61
:104CE000064608460C46FDF7AFF918234343DFF8A4
:104CF0009480054608EB0302D2F808A0E06806F1AC
:104D00005801D1E8AF1FC90738D5E168097811719A
:104D1000002248F803200378D22B0ED133682146B5
:104D200018680EF0BFF840B101902046FDF730FA48
:104D3000019B184603B0BDE8F08F04F10C000CF0A5
:104D400085F918235D43002307461A46214608EBE0
:104D50000509301DB4F810B0C9F808600CF07DFFEB
:104D600003460028E5D06269A4F810B012FA87F76C
:104D7000E760C9F808A048F80500DAE76FF0150306
:104D8000D7E700BF985A01202DE9F74F0646EFF309
:104D90001187402383F31288BFF36F8F404C204666
:104DA0000CF0F3FF23680546009387F31188BFF3E7
:104DB0006F8F00285ED0FDF747F9182202FB00F341
:104DC0003849C81851F803B003690021D0E90247F7
:104DD000019390F80480B0F806A010F048FFA87A7C
:104DE000FDF72AF96969814651B16A7AD00705D47D
:104DF000D9F82820284612689268904700226A61F4
:104E0000294648460FF047FCB8F1000F22D00CB3FA
:104E10002368FBB11B68EBB1BBF1000F1AD1201D59
:104E20000DF040FB4046FFF70BFD052812D8DFE8E8
:104E300000F024031124110304F15803D3E8AF3F19
:104E4000DA0707D5E36D2BB10023174A04F1800080
:104E500005F0D8FE009B6BB1314600200FF0C8FC76
:104E6000002807DA002383F31188BFF36F8F032331
:104E7000184602DF03B0BDE8F08F54F8583B1D68B8
:104E8000D4E8AF3FDB07E5D5002FE3D0002403E0F3
:104E900028460199B8470134A3B25345F8D3D9E75E
:104EA000905A0120985A01201C4E0E00F8B50B8A2A
:104EB00004460D460768002B39D0012105F10C008E
:104EC0000CF0ACF8BB7A0646072B30D154F8043C02
:104ED0006BB3002301781748043C10F8337000EBE3
:104EE000C3028F4208D1298A53789778994213D206
:104EF000012F1CD1042317E001330C2BEDD1084600
:104F0000FFF79EFC98B1052811D081B1062300223D
:104F100020460DF006FB0AE05368294620469847D4
:104F2000012F034603D110B131780029EFD10020C1
:104F3000F8BD00BFC47502002DE9F0410E8A044699
:104F4000043EF6B2022E08468CB001D0102E64D179
:104F500004210C300CF062F80DF108080588478830
:104F6000011D324640460CF0ABF8002857D09DB3E7
:104F7000002687B3BD422FD84FF42053404601A9E5
:104F80008DF80460ADF806300CF06CF840BB1422CC
:104F9000002107A810F06BFE11212046FFF7DAFC74
:104FA0000990002837D001210C30CDE907480CF0DA
:104FB00005F800230A90394603701A4A0B932846D5
:104FC00007AB0CF03DFF0A9B1B78FBB90998FDF776
:104FD000DFF80A2301E03D4601232A4610210EE0B6
:104FE00042F60103404607A98DF81C60ADF81E305B
:104FF0000CF038F80028CAD010232A46194620465B
:105000000DF08FFA00200CB0BDE8F0812046099920
:105010000DF079FAF6E71120F5E70420F3E70E200A
:10502000F1E700BFA14A01002DE9F04303680446FF
:105030000D4685B0012118680DF0CFFE40B904F18E
:1050400058000DF00AF9B0BB122005B0BDE8F0839E
:1050500010220021684610F00AFE21212046FFF7A9
:1050600079FC029048B34FF00108DFF854900094A7
:1050700005F10C072B8A012B04D8204602990DF06C
:1050800042FA18E038460BF0D9FF6B464A46014613
:1050900006468DF80C800CF0D3FE9DF80C30002BEA
:1050A000E8D00298FDF774F83246202120469DF89A
:1050B0000C300DF036FA0020C7E71120C5E700BF1D
:1050C000D12202002DE9F043036804460D4685B065
:1050D000012118680DF081FE40B904F158000DF06F
:1050E000BCF8B0BB122005B0BDE8F083102200214F
:1050F000684610F0BCFD0F212046FFF72BFC029004
:1051000048B34FF00108DFF85490009405F10C0704
:105110002B8A012B04D8204602990DF0F4F918E0EF
:1051200038460BF08BFF6B464A46014606468DF823
:105130000C800CF085FE9DF80C30002BE8D0029816
:10514000FDF726F832460E2120469DF80C300DF072
:10515000E8F90020C7E71120C5E700BF712202006F
:10516000F0B51D46036804460E4685B00121186857
:1051700017460DF032FE38B904F158000DF06DF805
:1051800048BB122005B0F0BD65B31022002168466F
:1051900010F06DFD39462046FFF7DCFB029018B396
:1051A000BDF828302946ADF80430012328468DF893
:1051B0000C300E4A6B4600940CF042FE9DF80C3009
:1051C0005BB10298FCF7E4FF2A46314620469DF881
:1051D0000C300DF0A6F90020D4E7204602990DF01E
:1051E00092F9F8E70120CDE71120CBE77122020008
:1051F0002DE9F0410E8A0446043EF6B2022E08461E
:105200008CB001D0102E76D104210C300BF006FFAB
:105210000DF1040805884788011D324640460BF011
:105220004FFF002869D085B377B3BD422DD8012147
:1052300060680DF0D2FD064678BB42F602038DF899
:10524000000069464046ADF802300BF00BFF20B37A
:1052500042F60303404606A98DF81860ADF81A30EF
:105260000BF000FFC8B1012D03D14FF6FF739F4231
:1052700013D004F158000CF0F0FF002814BF0020F8
:1052800012200CB0BDE8F0813D4601232A460821DA
:1052900020460DF046F90020F3E7182200210DEB1F
:1052A000020010F0E4FC09212046FFF753FB0890B0
:1052B000F8B101210C30CDE906480BF07FFE002348
:1052C000099003700A2339468DF82C30284606AB26
:1052D0000B4A0CF0B5FD9DF82C302BB10898FCF76B
:1052E00057FF9DF82C30D1E7204608990DF00BF9B7
:1052F000D1E71120C5E70420C3E70E20C1E700BFB6
:10530000594B01002DE9F0430F460446062187B0B2
:1053100007F10C000BF082FE0588B0F8028082884D
:10532000D7F80C90C5B10023B8F1000F13D0A845F1
:1053300012D38DF800308DF804304FF420536846B6
:1053400001A9ADF80220ADF806300BF08BFE064641
:1053500060B10A2301E0454601232A460621204682
:105360000DF0DFF8002007B0BDE8F08301461422FD
:1053700001A83F7C10F07BFC07212046FFF7EAFAEA
:105380000290D8B10A2341468DF81530284601AB6A
:105390000B4ACDE9036901948DF814700CF050FDAF
:1053A0009DF815302BB10298FCF7F2FE9DF81530F0
:1053B000D3E7204602990DF0A6F8D3E71120D2E7F3
:1053C000571E02007FB5CB6804461D885E8885B1F4
:1053D00076B1AE420DD310220021684610F047FC92
:1053E00005212046FFF7B6FA019058B9112007E0D1
:1053F000354601232A46042120460DF092F800206C
:1054000004B070BD6B4631462846084A00940CF043
:1054100017FD029B23B90198FCF7BAFE0A23E9E7BE
:10542000204601990DF06FF8E9E700BF9D1F0200CB
:10543000F0B51E4603680D460039044618BF012129
:1054400087B0186817460DF0C8FC40B904F1580041
:105450000CF003FF002844D0002007B0F0BD002E60
:1054600041D018220021684610F001FC47BB236898
:1054700031461B68304600930023ADF812300C9B78
:105480001A4A0393BDF834308DF80850ADF8103047
:1054900001238DF814306B460CF0D2FC9DF81430CB
:1054A000C3B1002FD8D00198FCF772FE9DF81430DC
:1054B000002DD1D03246294620460DF032F8CBE7F8
:1054C000002239462046FFF7F5F901900028CED199
:1054D0001120C2E701990029BED020460DF013F833
:1054E000BAE71220B9E70120B7E700BFCF1D0200DD
:1054F00007B50B460021024610F0BCFD01910F4993
:1055000009580F480068884204D00E48D0F8C800F7
:10551000884201D10022134601A90B4804F0C0FEC5
:10552000014648B9019B1022184610F0A0FB034623
:10553000184603B05DF804FB0023F9E708000000FB
:10554000285B0120302B00202409002010B50446E0
:10555000806818B1FCF71CFE0023A3602146BDE85B
:10556000104001480EF07DBF240900202DE9F347CB
:10557000044680300E4617461D460FF076F9E06D62
:1055800030B920460DF079F8002002B0BDE8F08770
:10559000124B4FF00008984205D12068C4F85C8097
:1055A0000CF039FFF0E7D0F80490C0F80480E06D0B
:1055B000D0F80CA0FFF7CAFF2068C4F85C800CF09C
:1055C0002AFFB9F1000FDFD02068CDF800A03B46DC
:1055D000324629460068C847D6E700BF2C5B012049
:1055E000F7B550F8044C0546002C55D000F1AC013D
:1055F00004F128000CF018FE2E1F05F15C070022B4
:105600000023384605F016F8024658BBAB6D2BB1A7
:1056100001466FF067033046FFF7A8FF002345F807
:10562000043C05F15403D3E8EF1F21F00101C3E866
:10563000E21F002AF7D1A36A73BB04F10C06002213
:105640000023304604F0F6FF78B9666886B9214633
:10565000124826600EF005FF286803B0BDE8F04050
:1056600000F054BDFCF794FDC9E7FCF791FDE6E7B7
:10567000A26833689642636008BFA36077683FB151
:10568000F3686FF067010093002320681A46B8475B
:105690003046FFF75BFFD8E703B0F0BDC408002039
:1056A000F8B51D460F461646FCF7CEFC1823044CF1
:1056B00003FB00400123C0E90376C3800575F8BDF4
:1056C000985A012008B530B9074908480DF084F808
:1056D00038B1074808BD054A12F8011C0CF06AF9F8
:1056E000F6E70020F6E700BF1B990200555B01209A
:1056F000545B012010B5074C2378834207D1601C0E
:105700000DF06AF8002814BF2046002010BD0020CC
:10571000FCE700BF5C77012010B54A1C0C4638B18D
:1057200009780CF047F908B1204610BD0020FCE7CD
:10573000104602490DF050F8F5E700BF1B99020032
:105740002DE9F8431E46BDF8203081460F46D1F8BA
:105750000C80002B3DD1731E012B3DD8012E4146FC
:10576000157818BF1588FFF7D7FF044680B915B91B
:105770003046BDE8F8834146FFF7CEFF044670B3DC
:1057800009F1700101300DF03AF899F808302370F2
:10579000D8F810308BB92581B8F80A30AB4203D065
:1057A000414638460DF032F8002DE1D10D49601C1C
:1057B0000DF025F825702581DAE72A463946484656
:1057C00098470028D5DB01380128E4D96FF00D0097
:1057D000CFE76FF00600CCE76FF00C00C9E76FF081
:1057E0001000C6E71B990200024608B507490130C0
:1057F0000DF005F800230C3202F8043CD2E8EF1F4C
:10580000C2E8E03F0028F9D108BD00BF1B990200A3
:105810002DE9F04180460F4616461D46FFF76AFF08
:10582000044648B90B49FFF765FF044680B1394685
:1058300000F8018B0CF0E3FF228963891AB92BB9B8
:105840002681658104E0964238BF26819D42F8D8C2
:10585000BDE8F0811B9902002DE9F041234B15466C
:10586000826807469A4202D1C468638933BB01202B
:10587000BDE8F081FEF74AFA0021E3686181002B60
:10588000F5D038469847F2E705F170084146287A86
:105890000BF0FFFD68B9164B9C4202D128460DF073
:1058A0006DF8304613490CF0AAFF002323702381C2
:1058B000E2E7414630460CF0A2FFDDE72389002BEA
:1058C000DAD0264616F8011B284632460CF072F84C
:1058D0000028D9D131462078FEF7A8FD0028CBD08A
:1058E000837A072BC6D1FEF711FAC0E741570100B2
:1058F000700600201B99020010B504461048D0E83D
:10590000EF3F23F00203C0E8E23F002AF7D1D0E8DE
:10591000AF3FDA0704D500220023303805F072F9D2
:1059200020460CF019FF50B12046FFF7CBFE30B1F6
:10593000037ADB0703D5BDE810400DF09CB810BD1D
:10594000301E0020012110B514480CF04DFFC30794
:1059500023D4022111480CF047FF084007D1104919
:10596000104A0B88104CA24211D300B10B800F4992
:105970000F480EF06EFF40F2391200230C48FCF77E
:10598000DDFCBDE810400B490B480EF062BF5068CB
:10599000083203449BB20120E5E710BD645B01209F
:1059A00068770120046D0200246D0200E55B0100B0
:1059B000801D0020B15D0100001E002003462DE97E
:1059C000F04148B1008A38B901244FF0140C114954
:1059D000DFF844E0714501D3BDE8F081D1E90076FC
:1059E000BB4204D30CFB0672143A93420ED93444E2
:1059F000A2B214460831EDE70CFB0578434507D009
:105A000001356219B54292B2F6D1F2E70025F8E706
:105A10001046E1E7046D0200246D02002DE9F74F06
:105A200099464FF6FF73BDF830500746002D08BF6A
:105A30001D46244B90461B88009183423CD203B004
:105A4000BDE8F08F73682344BB4232D29CB2083663
:105A50001D4B9E42F6D3F2E74046895801930BF066
:105A600001FB019B90B101340AF1010AA4B27368F1
:105A70005345ECD9009B9C42E1D8BC423168F2D33B
:105A80000BFB0AF28B18B8F1000FE5D1B9F1000F4A
:105A90000BD1013D1846ADB221460E9A0D9B984799
:105AA000002DCCD00028DED1C9E7DA689145DAD1E3
:105AB000EFE74FF0000ADAE701244FF0140B034E32
:105AC000C6E700BF68770120246D0200046D020064
:105AD000002110B5E4B0182205A8CDE90011CDE9E8
:105AE000021110F0C4F84FF41053ADF810308023B9
:105AF0001022ADF812304FF480631D4C6946CDE999
:105B000006340DEB020062AB06F084FC014660BB7C
:105B10004FF4AE720BA810F0AAF8224662990BA8B7
:105B20000FF089FA08BB4FF6FF710120114A0BAB49
:105B30000DF063F81022104904AB0BA80FF092FA95
:105B40000446629806F016FC7CB908220A4B03F161
:105B50001001187811F8014D013A03F8014B087053
:105B6000F7D1082105480CF03FFE64B010BD00BF1E
:105B70000002C003D3290200701D0020301E002047
:105B80002DE9F04114490646A1F1300014461D46A6
:105B9000BDF818700EF07CFE104BD3E8AF3F19072C
:105BA00001D4FFF795FF3046FFF78CFD50B1037A23
:105BB000DA0707D50C30D0E8AF3FDB0702D402216B
:105BC0000CF012FE10233A46069329462046BDE803
:105BD000F041034B0CF032BEB01D0020301E0020FF
:105BE000701D0020034BD3E8AF3F1B0701D4FFF724
:105BF0006FBF7047301E0020002307B50193FFF7E9
:105C0000DDFE411C89B20846034A01AB0CF0F5FFEA
:105C1000019803B05DF804FB9D2702002DE9F843CD
:105C2000894651680746B1F81280154618F0940865
:105C30003BD102220DF00AF8002839D000211E487D
:105C4000AE8AFFF755FC0236044660B11B4B324664
:105C50004360C5601D2138460CF0E3FC064638B9A8
:105C60002046FFF773FC6FF00B052846BDE8F8836C
:105C7000012342464146FFF713FDA98A06F10C00B5
:105C800002310BF09BF920F8029BAA8A29690FF0D8
:105C9000C7FF21463846A6600CF041FD05460028A6
:105CA000E3D02046FFF752FCDFE74FF0FF35DCE79B
:105CB0006FF01505D9E700BF1C4E0E00A3270200A8
:105CC00030B504460D468BB0364BD3E8AF3F5A078C
:105CD00061D510B1837A072B60D168680590FFF712
:105CE0006DFE2A68ADF818003AB305A902912E4955
:105CF00000230191012100914FF6FF710593FFF7F9
:105D00008DFE059B1BB96FF001000BB030BD6B60C1
:105D1000059B04A9186800238DF8103042F6030390
:105D2000ADF812300BF09EF970B90598C3689B79F5
:105D30009B0605D46FF01500E7E70028E8D1E2E7FD
:105D40000CF014FFADF81800BDF818003CB10123A9
:105D500001462A462046AB75FFF760FFD5E76FF096
:105D60007F0307930223ADF8203042F60213ADF80B
:105D7000123005ABAC7502930C4B4FF6FF710193DB
:105D8000012304AA0093234609958DF81040FFF7DC
:105D900045FE0798B9E76FF00A00B6E76FF07F009D
:105DA000B3E700BF14020020D1270200B15F010059
:105DB000034613B550F8082CA0F12001019200F120
:105DC0003004D4E8EF2F22F00102C4E8E02F0028CD
:105DD000F7D10D4A002043F81C2C0C4A23F8080C7C
:105DE00043F8182C01AA43F8102C042223F8060CBF
:105DF00023F80C2CFFF764FF18B9022120460CF0A1
:105E0000F3FC02B010BD00BF60760200F95801003B
:105E100070B5274B1568826804469A4245D1C6681A
:105E20003389002B41D03246284612F8011B0BF073
:105E3000C1FD002839D04FF49572214628460CF058
:105E4000E7FE032831D0314620460CF0DFFC194B29
:105E50009E422AD1287A05F17001FFF74BFC0446D7
:105E600018B303890BB94389FBB12846FEF740F804
:105E70002389114A618922F8203002EB800359807E
:105E800018230E490E4C03FB001300B202EB8002F4
:105E90001A61042200EB40005C600A4C01EBC00177
:105EA00028469C609A82FFF70BFF012070BD00BF5F
:105EB0004157010070060020587701203C5B01200B
:105EC00060760200032B020030B504460D468BB00D
:105ED000344BD3E8AF3F5A075DD510B1837A072B17
:105EE0005CD168680590FFF769FD2A68ADF8180075
:105EF0003AB305A902912C49002301910121009197
:105F00004FF6FF710593FFF789FD059B1BB96FF0F5
:105F100001000BB030BD6B60059B04A9186800231D
:105F20008DF8103042F60303ADF812300BF09AF8FA
:105F300070B90598C3689B79DB0605D46FF015002E
:105F4000E7E70028E8D1E2E70CF010FEADF8180012
:105F5000BDF818002CB101462A4620460CF008FF77
:105F6000D7E76FF07F0342F6021207930123ADF8E3
:105F7000122005AA02920D4AADF82030CDE9003278
:105F80004FF6FF71234604AA09958DF81040FFF7DC
:105F900045FD0798BDE76FF00A00BAE76FF07F0094
:105FA000B7E700BF14020020D1270200B15F010053
:105FB000F8B51446394B826807469A4201D0012051
:105FC000F8BDC668364B9E424FD03289A389711CFA
:105FD0009A42F4D13078FEF729FA05460028EED02F
:105FE000837A072B05D0FDF791FEE8E7FDF78EFEDB
:105FF000EBE7736923B13946984708B92846F2E7B9
:106000007B8A13F09407F9D1A389022B14D1338929
:1060100013F0020604D12846FDF778FEA660CEE70D
:1060200028462269A188FFF7F9FD0646A8B922692A
:10603000937D01339375EEE7012B04D02846FDF7DD
:1060400065FEA760BBE7338913F00106E3D028465D
:106050002269A1880CF08CFE06462846FDF756FE04
:10606000002EA660ABDA0020AAE70E4D0E492846A6
:106070000CF0B2FB0028A8D10722294615F8010C24
:10608000FEF7EEF90028B1D1236929461A6915F8FF
:10609000010C53881288FFF7BBFB96E741570100BC
:1060A000700600205D7701201B99020007B5009063
:1060B00001206B464FF6FF71034A8DF804000CF087
:1060C0009CFD03B05DF804FB115E0100F8B50E4BBA
:1060D00005461B680E461746A3B11C6804B1043C74
:1060E00053F8043C1BB13A463146284698474CB118
:1060F000234664681B681CB1043C002BF3D1F7E70E
:10610000002BF0D1F8BD00BF685B012070B50446DC
:1061100003464FF6FF7101200D4A0CF06EFD20463C
:10612000FFF7D0FA054688B104F170063146207AAF
:106130000BF0AFF920B92846BDE87040FFF754BB1B
:106140003146681CBDE870400CF059BB70BD00BF03
:1061500059580100044B186818B9044A5A600B607A
:1061600070476FF00B007047705B0120647702008E
:1061700010B5094C0A44914200D110BD11F8013B01
:1061800058400309E35C0001C0B243401809205C99
:106190001B01DBB25840EEE7BA9A0200142870B532
:1061A00003460C4612D80B4A12F81010D4E9000529
:1061B000A0FB010602EB430201FB056100235278BC
:1061C000F3F738FBC4E90001002070BD6FF0150043
:1061D000FBE700BFCA9A0200002330B585B00393E5
:1061E000CDE901334B798DF80C300B7913F0200495
:1061F00011D08A797F2A08BFFF228DF80D20C3F3C2
:10620000040203F01F03072B8DF80E2005D96FF051
:10621000150005B030BDFF22EFE70A78023A082AE0
:10622000F5D801A050F822F04D620100C9620100CA
:10623000CD620100D1620100D5620100D962010086
:106240000F620100DD6201005362010007228DF838
:1062500004204A78042A04D0052AD8D101228DF8D6
:1062600005204A88002A3BD0C2F30D00920B012A78
:1062700014BF01224FF47A7210FB02F07D2280B22B
:10628000B0FBF2F2013A92B2B2F5A07FBFD27C2805
:10629000BDD90120ADF806201D4A00FA03F392F89B
:1062A0006850DBB244B38C797F2C1BD12B4382F82E
:1062B00068300B7992F8691003F01F0300FA03F3BA
:1062C0000B4382F8693013E00622C0E70522BEE7DF
:1062D0000422BCE70322BAE70222B8E70122B6E7AC
:1062E0004F22D6E725EA03058DF8080082F86850AA
:1062F00001A80DF07BFF8CE72B4382F868300B7907
:1063000003F01F03984092F8693023EA0003D8E7AE
:10631000C0020020002210B50E4904460E480EF0BF
:106320009FFC002003F090F8024678B90121D520A7
:10633000FBF782FB0948C36813B904300CF0B9FDC0
:106340002046BDE8104006490AF0CBBA6FF00400C1
:1063500010BD00BF0565010038030020C002002009
:10636000AF2E020010B50B4C94F8523023B1BDE8AB
:106370001040094803F030BA03F078F940B16FF0EB
:106380000403E36304F12000BDE810400CF091BD6C
:1063900010BD00BFC00200209D630100F8B5037866
:1063A000002B40F09580524C636C94F86870254641
:1063B0001F4207D1236C002B3FD14E48BDE8F84067
:1063C0000CF077BD018994F8B800226F94F86960E9
:1063D000A0B90121DBB20B420BD00F4208D016EA64
:1063E000010CB2F9000023D000EBD07040101080F7
:1063F0000232490089B2B942EDD9DBE7334015D00A
:1064000002EB41019142D5D0B2F9003003EBD373D6
:106410005B1022F8023BF5E732F91360002EB8BF9B
:1064200022F8130001338B42F6DBC3E71846FAE784
:106430000028B8BFA2F800C0DAE7A36DB4F8642062
:1064400033B12D492D489847012820D0022832D059
:10645000B4F86430B4F860209A422CD90133A4F81F
:10646000643094F8B830B3B9236F94F86A2003EB22
:106470004203236794F86A10206F03F0B5F850B117
:106480006FF004031B48E3630CF013FD03E094F882
:10649000B830002BEED0636D1BB9BDE8F840FFF7B4
:1064A00061BFD5E8EF3F5A1EC5E8E12F0029F8D1BA
:1064B000012BF2DCF8BD636D002B3FF47EAF94F846
:1064C000B830002B7FF479AF0D480EF0D5FB74E7A0
:1064D000022B09D103F0CAF80028EBD06FF00403B7
:1064E0000348C363203069E7052BE3D165E700BFAC
:1064F000C0020020E002002000030020E862020049
:1065000038030020074BD3E8EF2F511CC3E8E01FEE
:106510000028F8D10AB9FFF725BF6FF00F02DA6340
:10652000704700BFC00200202DE9FF410F464FF029
:10653000FF334FF0FF32704804F0E8F87E68731EB6
:10654000FE2B08D96FF015046B480CF0B2FC204606
:1065500004B0BDE8F0810024254626FA04F3DA07EA
:1065600006D502F0B7FFE040C307EBD50135EDB229
:106570000134082CF1D1002DE4D03B7C083B062BE4
:10658000E0D801A252F823F0C3650100456501007F
:10659000C765010045650100A5650100456501006D
:1065A000CB6501000221012D7A7C10D0002AC9D1CF
:1065B0000020524B83F8B8003046514B02F090FF58
:1065C0002CE00021EFE70121EDE70321EBE7082AAA
:1065D000B8D8DFE802F00505050505050505050045
:1065E0003B68002BE4D05C68002CE1D118680138CE
:1065F0007F28DDD88DF808208DF809401B683F4AB8
:106600001B01013BADF80A300123304682F8B83057
:106610008DF80C3002AA3A4B02F092FF0446002893
:1066200092D13A686B0012B1928902FB0333FA6887
:106630009A425DD3314E86F86A50B86896F8B83001
:10664000B0463067002B42D03B689D890135A9B226
:1066500002F0CAFF044600287FF476AFBC46294DFD
:10666000BCE80F000FC5DCF80030F4632B603B681A
:10667000002B3AD00FCB2F1D87E80F00736D3764C6
:10668000A6F864408BB3D8E8EF3FC8E8E24F002A91
:10669000F9D196F8B820E2B9736D1F3342F10002C8
:1066A0005B0943EAC2635209CDE9003205F12800D3
:1066B0000022002305F0EEF84FF0FF324FF0FF33D9
:1066C000114804F023F800B1F063F46B3CE729466D
:1066D000BEE702F0CBFF0028EED06FF00403A5F177
:1066E0003000F3630CF0E5FBE6E7FFF73BFEE3E782
:1066F0006FF00B0428E700BFC4020020C002002096
:106700009D63010000030020E00200202DE9F04716
:1067100005690C4695F8A130D0F80490D1F81080A6
:106720008CB003F0FF06002B40F08E8091F82420FF
:1067300091F82630012A0BD1012B81F8252081F810
:1067400027200E6210D06FF015000CB0BDE8F08766
:10675000022184F8251001218B4284F8271026623B
:10676000F1D1022AEFD110266169B14201D001298D
:10677000E9D1A369002BE6D1D8F8000010B198F850
:10678000040070B995F8A030990708D528460DF097
:106790000FFC95F8A0306FF3410385F8A03000207E
:1067A000D3E71028CFD1013AD2F1000A4AEB020A0E
:1067B000B1421ABF9E4601264FF0010E05AF09F106
:1067C000040CBCE80F000FC79CE8070087E807002F
:1067D000204BE6618DF814A08DF815E00193D8F8F0
:1067E000003039460293236801A803936368049339
:1067F00002F09AFB04460028A5D195F8A0309B072B
:1068000008D528460DF0D4FB95F8A03064F3410379
:1068100085F8A0302846D9F8002005A90DF0A6FB80
:10682000A8B9B8F8063095F8A0206B63D8F80830FE
:1068300022F003022B6399F82430003B18BF012398
:1068400043F002031343A8E76FF00F007DE76FF0FA
:1068500004007AE70048E80137B504460022012128
:10686000D020FBF7E9F8636800211D6A01AA2846D9
:106870000CF029FE002819DB019B2A681979186899
:1068800000F046FD002811DB3023042208490948A6
:106890000DF037FE30230422074908480DF031FE81
:1068A0000020246900F00EFAE061002003B030BD42
:1068B000845C01201C070020C45B0120E806002046
:1068C00070B503460069032943D8DFE801F0020CE4
:1068D000020C90F8A13023B1012380F8A2300DF012
:1068E000C9FB002070BD90F8A020920702D46FF081
:1068F0000400F7E790F8A12002F0FF06002AF0D18B
:1069000080F8A2601C69012384F8A13094F8A030BB
:1069100013F0010512D0104BE66263620323A362F9
:1069200094F8A030DB07DCD5E06904F1200109F020
:10693000BDF80028D5DA84F8A160D8E7204602F037
:10694000D7FA0028CDD020460CF0E3FA84F8A15005
:10695000CDE76FF01500C5E7272F0200F7B50678E1
:106960000546464C46B994F8A2204368002A39D11E
:10697000002B6DD103B0F0BD00220023206B01A9D4
:1069800003F08EFC00280BDA94F8A2206B68002A32
:106990004FD1002B5DD10123384884F8A23011E09B
:1069A000019F0022002301A904F138000DF0BCFD75
:1069B00000280ADA206B01990DF053FD01232046CF
:1069C00084F8A2300DF056FBD4E7626B3946C2F36F
:1069D0004F0220460DF006FB6B6894F8A2200028B9
:1069E000C4D0D4E7D3B1002600220023244801A953
:1069F00003F0F4FC0028BDDB0199206B0DF031FDA4
:106A000094F8A1303BB100231C4884F8A1300CF06D
:106A100080FA0028AEDB002EBDD1ABE794F8A130A0
:106A2000002BA7D00023154884F8A1300CF071FA90
:106A3000A0E7002BD8D194F8A130002BABD00023D5
:106A40000E4884F8A1300CF064FA0028A3DA91E72C
:106A50000026002200230A4801A903F0BFFC0028F9
:106A600099DB00220023074801A90DF05DFD0028F5
:106A7000D1DA0199206B0DF0F4FC8CE7B006002010
:106A8000E80600201C0700200122024BC3F8042462
:106A9000704700BF002008E0084B70B5C31A0D46D0
:106AA00007499B1004465943402206480CF05AFA05
:106AB0002B4601462046BDE870401847585D01202E
:106AC000B76DDBB6A8610200402373B50B4C009391
:106AD000041B0B460D460A49A41061430646094AA9
:106AE00009480CF06BFA011E05DA30462B4602B05D
:106AF000BDE87040184702B070BD00BF585D01206E
:106B0000B76DDBB627300200A8610200F8B500229D
:106B10000121054640F20510FAF78EFF0F4801F0FB
:106B200019FB0446B8B90CF087FF2F690C493846A9
:106B300008F0A9FF031E09DB01263E642D69084900
:106B400005F11C0008F09FFF031E02DA1C462046D8
:106B5000F8BDEE64FBE76FF00404F8E7A56C0100F4
:106B6000E077020030B589B004460D4614220021BA
:106B700003A80FF07CF801ABCDE9013301230493A6
:106B800005ABCDE9053329462046074A01AB0CF099
:106B900043FA002805DB43F60952002301A803F05D
:106BA000B5FD09B030BD00BF3930020010B5EFF3BC
:106BB0001184402383F31288BFF36F8F074A136851
:106BC00023F00201DB07116002D401200CF02EFF3C
:106BD00084F31188BFF36F8F10BD00BFA85D012043
:106BE0000C22104B014602FB0033002030B4D3E9E5
:106BF0000E529863EFF31180402484F31288BFF3A0
:106C00006F8F1C6C04F0C00444F002041C6480F319
:106C10001188BFF36F8F1DB12B4630BC0248184757
:106C200030BC7047585D0120A861020010B4EFF33A
:106C30001182402383F31288BFF36F8F16480168D7
:106C400041F002040460C80707D482F31188BFF33F
:106C50006F8F012010BC01F06DBA1049D1F80C14EF
:106C6000C903F2D5EFF3118083F31288BFF36F8F5E
:106C70000B490B6C03F0C00343F002030B6480F379
:106C80001188BFF36F8F82F31188BFF36F8F0020DD
:106C900010BCFFF7A5BF00BFA85D012000E01050A9
:106CA000585D0120022808D0042808D1044B186C34
:106CB00010F0070003D1FFF793BF0120FBE77047F7
:106CC000585D0120C3B21C20014A03FB002070471D
:106CD000585D01202DE9F041012207463449D1E8F1
:106CE000EF3FC1E8E02F0028F9D133B931493248EC
:106CF0004B60CB608A6008F0D9FE7B1E012B28D840
:106D0000012F06D12D4BD3F8503403F00303012B90
:106D10001FD00DF0EDFD0546E8B9294B1B78D3B126
:106D200004220646254BC3F80823244CDFF8948040
:106D3000D4F84C24D4F84C34D20315D503F0030313
:106D4000012B01D0012F0FD165B386F31188BFF35A
:106D50006F8FBDE8F081EFF31186402383F3128833
:106D6000BFF36F8F0125E0E7BDB130460AF084F82C
:106D7000D4F8403413F0FF03DAD1D4F80821002A04
:106D8000D6D0C4F80831D4F8083120220123C4F841
:106D90004034C8F8A0212361CAE7002120200DF06B
:106DA00061FEE5E70422054BC3F80423D1E700BFE9
:106DB000545D0120445D0120745D012000E010500D
:106DC0002398012000E100E00023024A0020C1E9ED
:106DD000002370470050160000487047FC770200FF
:106DE000024B0B6001231360704700BF0478020060
:106DF00008B50122054811460DF05BFC01F0F4F9DD
:106E0000034B044A0020C3F80C2508BDAC5D0120EB
:106E100000B004508000008038B542F201030F4DED
:106E20001446C5F80035A1B10EF0FAFEBFF35F8F2E
:106E3000D5F81834DB0706D4C4F308041CB10123C9
:106E4000AB60BFF35F8F4FF40052044BC3F80025D3
:106E500038BDFF210EF00BFFE8E700BF00B0045083
:106E6000F0B51D4B054698420F46144687B030D802
:106E7000C0F5B21303F580539A422AD8FAB14FF005
:106E8000FF324FF0FF33154803F040FC0CF0D7FD04
:106E90000646B8B101238DF81430114B4FF4FA5067
:106EA000009302AB04940193CDE9027501F0A4F9BB
:106EB000684601F0A7F90446084803F0EDFB2046B8
:106EC00007B0F0BD224639462846FFF7A5FF3446F5
:106ED000F2E76FF01504F2E7FF4F1600AC5D0120FA
:106EE000C930020010461A46084B10B5994209D81D
:106EF000C1F5B21404F58054A24203D80EF090FEFE
:106F0000002010BD6FF01500FBE700BFFF4F16001B
:106F100070B546680546B068C0B10CF0CBFF0146BD
:106F2000A0B9B06801F0B8FB0446A8B902460C4904
:106F3000B0680CF0A9FF22460121DB20FAF77CFDA6
:106F40002246012140F20D10FAF776FD2846BDE8F1
:106F50007040044909F0C5BC6FF0040070BD00BF6B
:106F6000E5700100D53102002DE9F04340F206350D
:106F70004768D00648BF4FF0030C3B7C02EA05058A
:106F800058BFC2F3401C87B001F01F06B5F5837FE0
:106F9000144646EA43168DF803C046D00DD8062D98
:106FA00045D005D8A5B1022D12D06FF0150039E0FB
:106FB000B5F5807FF9D101250AE040F20222954221
:106FC00037D0B5F5407F36D0B5F5007FEDD104253B
:106FD0000123220303FA01F12FD57B685960B868B9
:106FE00080BB5F2E06F01F034FEA561173D83C4A50
:106FF00052F8212084F4803102EB8302D2F88030F1
:10700000C1F30041C4F3404423F4706344EA4104F3
:1070100023F00F031C4344EA8C0444EA0524C2F81D
:107020008040002007B0BDE8F0830925D0E708259F
:10703000CEE70625CCE70525CAE7630344BF7B6896
:107040009960CCE731460DF102020CF020FF14F4F8
:10705000403F80460CD13146B8680CF031FFB8F1A2
:10706000000FDED19DF80210B86801F04DFBD8E7A3
:107070004FF0000901ABCDE90199CDE90439CDF814
:107080000C903146B86803AA0CF045FE4845C8DBB1
:1070900014F4003314D09DF8033084F48034C4F326
:1070A00000448DF80E308DF80C508DF80D404B4695
:1070B0003146B86803AA01F075FA0028CFDAB0E7C4
:1070C000CDE904330DF1030303933146B86803AAF5
:1070D0000CF021FEF1E7203350F82330FFDE00BF33
:1070E0000C7802004209022A034670B503D0012A37
:1070F00018D0CAB170BD0E4E326951680029F9D05E
:10710000012503F01F030C689D400029F2D08A6816
:107110002A4002D030464B6898473CB1236821464C
:107120001C46F2E7034EE7E7034EE5E72346F6E7A2
:1071300008620200E8610200C8610200F0B544681C
:107140001646A068227C01F01F0587B045EA42156B
:1071500000286CD0B6F5001F04D129460CF004FFBE
:10716000002055E06268607CB6F5800F50624FF0F9
:10717000000001AA0190506039D1B3F1007F14BF23
:10718000052304238DF804300023CDE90423039361
:10719000E3680DF1030723FA01F111F0010139D180
:1071A000B6F1A07F36D105F01F035F2D4FEA5510D1
:1071B00003F120033ED8214A52F8202052F8233010
:1071C000DB0727D43A462946A0680CF060FE16304B
:1071D00018D002972946A06803AA0CF09CFD00284D
:1071E00016DB01222946A0680CF06CFEB8E7B3F16B
:1071F000C06F05D0B3F1007F14BF01230223C1E7A4
:107200000323BFE73946A06801F088FA0028E0DAD6
:1072100007B0F0BD3A462946A0680CF038FE0028B9
:10722000D8D19DF80310A06801F06EFAD2E76FF094
:107230008500EDE751F82330FFDE00BF0C78020037
:1072400010B50B4C20460DF0B8F870B12269A1685A
:107250001368204623F0020313600B684FF42022CA
:107260000121984700EAE07010BD6FF01200FBE7C3
:10727000C8610200044B054A01219362044AC820F8
:107280001A600022FAF7D8BB585E0120D40700200C
:1072900000800C50054B064A01219362054A4FF4C9
:1072A00082701A600022FAF7C7BB00BFEC5D0120B4
:1072B000940700200040105038B504464568AB697B
:1072C00098470121E8690CF061F8234629462A69AC
:1072D000A86A0DF01BF8002805DB2046BDE8384001
:1072E000024909F0FEBA6FF0040038BDAB34020069
:1072F000036803F01F025F2B02604FEA53129ABF2C
:10730000024B53F822000020704700BFAC78020007
:107310002DE9F04F1646804640F2FF19DFF868A1CC
:10732000DFF868B185B000EB8101414503D1002051
:1073300005B0BDE8F08FD8F80020C2F3C323082BB6
:10734000C2F3080400F29D804C4508BF4FF0FF34A3
:10735000B2F1B05F1AF803704FEA12630ED2152B28
:1073600010D8DFE803F012191F22252B220F0F0F70
:107370000F3A670F0F0F0F0F0F0F6A6D382B62D088
:107380004E2B0FD06FF08500D2E7C6F80446621C82
:107390006CD108F10408C8E7C6F80C46631CF8D0A5
:1073A00000256CE0C6F81046F1E7C6F80846F5E798
:1073B000651CC6F80046ECD0002504E0C6F804467B
:1073C000601CE6D0012503A80394FFF791FF01227A
:1073D000039B02FA03F3836008E0C6F80046002F1F
:1073E000DCD1631CD5D0002508272A46D8F8003008
:1073F000039403F40040002818BF002203A818BF1C
:10740000012501930092FFF773FF039C019B00EBA2
:107410008400D0F88040C3F3412C009A3B0243EA39
:107420008C03134304EA0B04234343EA4503C0F8E7
:107430008030AEE7C6F80446D1E7C6F84045BFE75E
:10744000C6F84445AAE703A80394FFF751FF039B3E
:10745000621C00EB8300D0F8803023F0E04343F05F
:107460008043C0F8803094D0012508E0012503A8AE
:107470000394FFF73DFF039B05FA03F343602A469D
:10748000B4E76FF0150053E76D9B0200F0F0FCFFCE
:1074900070B40D4CD4E90065901B63EB0501400905
:1074A00040EAC1604101891945EBD065C4E9001586
:1074B000002400250549C1E90023054BC3E9004527
:1074C00070BC04F0EFB800BF581E0020401E002022
:1074D000501E002008B500220121E420FAF7ACFA82
:1074E000164A0020D2F8183723F44033C2F8183770
:1074F00001F080FA002820DB0120114901F006FB91
:1075000000281ADB01F050FA0E4B20F01F00C3E9EF
:1075100000010D4B0022C3E900014FF0FF304FF096
:10752000FF310A4BC3E90001094B0A49187A01F0FF
:107530004BFA67220020084B1A6008BD00200E504D
:107540000C080020581E0020381E0020401E00207D
:107550000408002091740100345F012008B501F097
:1075600023FA064AD2E90032C01A054B61EB020148
:10757000C3E90001400940EAC16008BD581E00206F
:10758000501E002010B501F013FB0120FFF79AFBFD
:1075900008F0E3FABDE81040054B064A1B684FF4BB
:1075A0007A70B3FBF2F35843034B43F001031847DF
:1075B0001008002040420F0070700200F7B5224B07
:1075C0000146224F187A224BD7E90056D3E900230F
:1075D0009E4208BF954211D1B1F1806F0ED2490190
:1075E000012938BF012101224D1946F10006C7E9E2
:1075F000005603B0BDE8F04001F066BB154BDFF864
:1076000058C0D3E90043DCE9002CA41843EB0C0C70
:107610004FF0200E22466346C1FB0E23954276EBC7
:107620000301C7E900230DD2291B66EB0C04C8290E
:1076300074F10004B4BF01210021009101F00CFBA2
:1076400003B0F0BD0021F8E704080020481E002028
:10765000401E0020581E0020501E002002460B46EF
:10766000014802F01FBF00BFEC090020014802F0F2
:1076700091BF00BFEC0900201FB500240A2201942D
:107680000294CDF80B400091014601A80EF01DFBBD
:10769000009A01A9074808F080F9074808F07DF929
:1076A00084F31188BFF36F8F0323184602DF04B001
:1076B00010BD00BFAE9B0200C598020070B5064623
:1076C00088B00D46264827490DF076F803A8E9F75B
:1076D00067F825480CF071FE00283AD0234B01A82A
:1076E0000193E9F795F8002836D14FF0FF304FF0BD
:1076F000FF31FFF7B3FF044638B90820E9F762F815
:1077000030B1FFF7B3FF6FF08504204608B070BDBD
:1077100017491848E9F706F8044610B1FFF7A6FF25
:10772000F3E741F64C5302A80293EAF7B5FC0028B0
:10773000E7D1012368468DF80030F3F730F90028CF
:10774000DFD1FFF793FF33690B481D60FAF76EFE38
:10775000DBE76FF01204D8E76FF01504D5E700BF40
:107760003C5F01201B390200286202007178010091
:10777000601E0020897801004578010030B52C4852
:1077800085B0E8F753FF044600284CD10125E9F7FE
:1077900027F8E9F731F8F2F7C0F8F2F7C0F8F2F796
:1077A000C0F80221204601AA8DF80450E8F76CFFCA
:1077B000031E37DB08230721204601AAADF8043059
:1077C000E8F762FF031E2DDB4FF0D913019340F25F
:1077D00003230321204601AAADF80830E8F754FF3F
:1077E000031E1FDB0421204601AA8DF80450E8F790
:1077F0004BFF031E16DB1F230621204601AAADF80E
:107800000430E8F741FF031E0CDB40F6522293429E
:107810000CDD84F31188BFF36F8F0423184602DF59
:107820006FF00B031C46204605B030BD2346F9E738
:1078300079760100014902480CF0DABF3C5F012073
:10784000B8280020094B93F8DE30042B02D18107C1
:1078500009D47047022B02D1020704D47047082BC9
:1078600003D1830601D5FFF7E5BF7047FB940120E4
:1078700010B403460A46034881680C68194623463B
:1078800010BC18472862020070B5334C94F8DE3003
:10789000EBB194F8DE30042B3AD120783E2828D181
:1078A000A678B31E5E425E4163780233DE2B3DD87C
:1078B000002200233146FAF7C3FD0546D8B9BEB110
:1078C000002384F8DE30BDE87040FFF7B3BF4FF00F
:1078D000FF304FF0FF31FFF7C1FE48B9204604F1F9
:1078E000DE0100F063FB0546FFF7C0FE002DD0D09F
:1078F00070BD0026D8E762780232174905F10C0006
:1079000009F062FB154B29461B6815489847D7E7D5
:10791000022B14D1002200230820FAF76FFD054640
:107920000028E5D062880432DE2AE6D9002383F3FA
:107930001188BFF36F8F0423184602DFC0E7082BBE
:10794000BED1002200232020FAF758FD62880546A8
:107950000028E8D1CCE700BFFB940120385F01206C
:1079600048620200F7B5C04D06462B78002B40F068
:10797000158304238DF80730BC4B04881F68B7B10A
:107980000DF106030DF10702691CB84701280ED05E
:107990009DF80630002B40F074819DF807300E22D0
:1079A000AB7001236A70EB70AC80A87172E1B4F522
:1079B000105F4FEA94230AD2002B4ED0013B072BD5
:1079C00008D8DFE803F00907367A070707C13F2B1D
:1079D00000F00882012055E0304640F2064230F9BE
:1079E000033B93420FD040F21D4293421ED0012030
:1079F00040F206439C4200F0448140F21D439C4209
:107A000000F03F813EE0EAF7EBF842F264039C426B
:107A100040F29B8242F285039C4233D842F26703D4
:107A20009C4200F2A48242F26603E8E7EAF758F9C2
:107A3000EBE7304640F6634230F9033B934230D0E7
:107A40000DDC40F6034293421FD040F62D42934294
:107A50001ED040F60142934212D0012011E140F6BF
:107A60007B42934220D040F67C429342F5D19DF870
:107A700007307F4902338DF80730F2F72FFF01E01E
:107A8000E8F70EFF0128E8D087E7F1F73DFFF9E7B7
:107A90009DF80730764903338DF80730F2F74FFD34
:107AA000F0E7E8F70FFFEDE79DF807307049043382
:107AB0008DF80730F2F703FFE4E73388A3F580532E
:107AC000013B082BC9D801A252F823F0F17A01003A
:107AD000037B0100177B01005B7A01005B7A0100E8
:107AE0005B7A01005B7A01005B7A0100377B010061
:107AF0009DF807305E4808338DF80730F2F70DFD2A
:107B0000C0E79DF807305A4840338DF807300BF036
:107B100006FF002041E700229DF8073008338DF86A
:107B20000730534B1A605A60EB7A23F0600343F03E
:107B30006003EB72EDE79DF807304D4806338DF892
:107B40000730F2F73CFD9DE7304642F2320130F853
:107B5000033B1AB28A4279DCB2F5005F42F264025A
:107B600008DC94423FF479AF40F2FF8142F2850392
:107B7000012051E7A3F50053013B312BF1D801A1BE
:107B800051F823F0757C01009F7C0100B17C01005D
:107B9000637B0100C37C0100C97C0100CF7C010034
:107BA000E17C0100E77C0100ED7C0100637B0100CA
:107BB000637B0100637B0100637B0100637B010049
:107BC000637B0100637B0100637B0100637B010039
:107BD000637B0100F97C01000B7D0100117D010038
:107BE000237D0100637B0100357D0100477D01009D
:107BF000597D0100637B0100637B0100637B010011
:107C0000637B0100637B0100797D01008B7D0100B6
:107C10009D7D0100637B0100637B0100637B0100AC
:107C2000637B0100637B0100637B0100637B0100D8
:107C3000637B0100637B0100637B0100A37D010086
:107C4000B57D0100C77D0100CD7D010042F24B03EF
:107C50009A4200F0BE8042F27C039A4249D042F23E
:107C600064039C427EE700BFDA9501204C5F01204F
:107C7000E1950120E8F730FE42F264039C427FF474
:107C8000C4AE0F236B700423AB700123E8702B711B
:107C9000A5F80540012300202B7003B0F0BD9DF82E
:107CA0000730C04803338DF80730E9F78FFFE3E76B
:107CB0009DF80730BB4808338DF80730F2F78DFD8B
:107CC000DAE7F2F798FCD7E7EAF7E6F8D4E79DF8A9
:107CD0000730B44801338DF80730F2F75CFCCBE78E
:107CE000F2F7A8FDC8E7F2F780FDC5E7EAF72EF93D
:107CF000C2E7F2F75DFEBFE79DF80730A9490733F9
:107D00008DF80730F2F784FCB6E7F2F756FDB3E7DB
:107D10009DF80730A34910338DF80730F2F746FC81
:107D2000AAE79DF807309F4808338DF80730F2F72F
:107D300000FCA1E79DF807309A4902338DF807301F
:107D4000F2F79DFD98E79DF80730964902338DF8CC
:107D50000730F2F7A5FD8FE79DF8073008338DF85F
:107D600007308F23EB71C023EB7242F264039C4215
:107D700040F0E580002084E79DF807308949023310
:107D80008DF80730F2F765FC76E79DF807308548F7
:107D900004338DF80730E9F76DFF6DE7E9F752FF1F
:107DA0006AE79DF807307F4808338DF80730F2F70F
:107DB0007FFC61E79DF807307A4904338DF807307E
:107DC000F2F786FC58E7E9F75FFF55E7F2F7BDFCED
:107DD00052E79DF80730734802338DF80730F2F709
:107DE000C9FB49E730464FF60C5230F8033B93424B
:107DF00044D84FF60252934206D803F2FF3292B2B1
:107E00000A2A1DD901204CE0A3F57D43033B092B31
:107E1000F8D801A252F823F0157F0100057E010079
:107E20001B7F0100057E0100057E0100057E01002B
:107E3000217F0100057E0100057E0100277F0100F2
:107E4000A3F57C43013B0A2BDCD801A252F823F0B6
:107E5000937E0100AF7E0100057E0100057E0100DA
:107E6000057E0100FD7E0100057E0100057E01000A
:107E7000D97E0100EB7E0100037F01004FF6145212
:107E8000934253D04FF616529342BBD1EAF70CF906
:107E900007E09DF8073043480C338DF80730F1F7C1
:107EA00042FD4FF6025224F008039342A8E5002059
:107EB0009DF8073040338DF807303A4B1880EB7946
:107EC00023F0230343F02303EB712B7A23F0070302
:107ED00043F007032B72E4E79DF80730314817336E
:107EE0008DF80730F1F73BFDDBE79DF807302D48B3
:107EF00020338DF80730F1F756FDD2E7F1F72DFD6D
:107F0000CFE79DF80730274801338DF80730F1F7A8
:107F100067FDC6E7F2F743FDC3E7EAF7BDF8C0E740
:107F2000F1F774FDBDE7F2F723FDBAE79DF80730DE
:107F30001C4904338DF80730F1F76CFDB1E703D924
:107F400042F28503002067E5002042F219039C42BB
:107F500018D842F20C039C427FF64AADA4F50053B8
:107F60000D3B41F241229BB206E00120EDE7A4F572
:107F70000153283B0C4A9BB222FA03F3DB077FF53F
:107F800081AD7EE642F232039C423FF47AAEA4F524
:107F90000153033B012B3FF675AD72E64FF0FF3006
:107FA0007BE600BFE19501202F80402038B5094CC9
:107FB0000D4623781BB9BDE83840F1F732BEA278F0
:107FC000611C02320DF02CFE0020042320702B7067
:107FD00038BD00BFDA95012070B505460E46084C45
:107FE00020460CF0EAF938B1A36829462046B2B21F
:107FF0001B68BDE8704018476FF0120070BD00BFED
:10800000286202004FF40071014803F039BE00BF3E
:10801000229601201FB500240A2201940294CDF873
:108020000B400091014601A80DF04FFE009A01A9F6
:10803000074807F0B2FC074807F0AFFC84F311884B
:10804000BFF36F8F0323184602DF04B010BD00BFDB
:10805000DF9B0200C5980200322337B50125ADF839
:10806000043000231C216846134A8DF80630ADF811
:1080700000508DF80230F0F777FE0446C8B90AF0D8
:10808000E2FF80B2EFF780FA29460C48F4F740FE91
:10809000044670B901462A468520F9F7CDFC2A46E8
:1080A0002146E520F9F7C8FC2A4621468A20F9F73F
:1080B000C3FC204603B030BD15800100545F012091
:1080C000014902480CF094BBB85F0120B828002099
:1080D00008B500F0A3FF044B044AD3F8181511604B
:1080E0000122C3F8182508BD00B00450B45F012078
:1080F00008B500F0AFFF034B1A68034BC3F818250F
:1081000008BD00BFB45F012000B0045028B10228B0
:1081100006D10420034B1B681847024B1B68FBE782
:10812000704700BFC85F0120014B02201B68184741
:10813000C85F012028B1012807D100200349EFF7CB
:1081400033B9034B02201B68184770470D810100AB
:10815000C85F0120014B186000207047C85F0120F4
:1081600010B51D48D0E8AF3F23B9062904D804292B
:1081700026D839B1002010BD0729FBD1443802F0C0
:108180008BFAF7E750F8203CA0F14404D3E9002033
:108190009047012808D0114B984203D00223206455
:1081A00084F838300E48E6E742F210736363032325
:1081B00084F8383004F1280384F82D00E363F1E7F4
:1081C00000F8173C074BA0F11C0140F8103C443864
:1081D000007FF4F7DEFDCDE7106001201F6466022A
:1081E00004600120FF3F420F0122002101480CF0F2
:1081F00060BA00BFCC5F0120014B1862704700BF1E
:10820000CC5F012038B54FF0FF3105464FF0FF300D
:10821000FFF724FA29492A48F0F7E8FC0446FFF75B
:1082200025FA002C47DB40F20113264C0022A385DF
:10823000236A65626433236342F2107363636FF0F1
:10824000730384F82820236404F14405D5E8EF3F44
:10825000C5E8E12F0029F9D14FF0FF314FF0FF3091
:10826000FFF7FCF904F12801207FF4F792FDFFF7F6
:10827000FDF900232046144A02F048FA00282B4654
:1082800006DA0122D3E8EF1FC3E8E02F0028F9D176
:108290004FF0FF314FF0FF30FFF7E0F9207FF4F7A8
:1082A0005AFDFFF7E3F9D5E8AF3F13B1054802F0F7
:1082B00053FA206C38BD6FF00B00FBE7E85F01203C
:1082C00061810100CC5F01200E720B00064BD3F8D8
:1082D00040231C2A05D1D3F84403431E5842584179
:1082E00070470020704700BF00C0FF0003689A0776
:1082F0000CD50368DB070DD50922074BC3F80C2505
:108300000F22C3F8042501221A60FEE7034B036025
:10831000EF3B0360704700BF00801050F000FA5040
:1083200008B50123404A4148C2F80038404AD2F813
:1083300040231C2A04BF3F4AC2F80C34FFF7D6FF83
:108340000830FFF7D3FF0830FFF7D0FF0830FFF702
:10835000CDFF00F5F470FFF7C9FF374AD2F88C3033
:1083600043F44063C2F88C300022D30003F57F034E
:1083700003F54043D3F8001401310AD0D3F80014B8
:1083800039B1D3F800140132D3F80434402A0B6019
:10839000EBD1254BD3F84024002A41D0FFF796FFBC
:1083A00048B1234BD3F83423244B9A429EBF1E4B33
:1083B000234AC3F84026FFF789FF18B1214B224A10
:1083C000C3F8AC27FFF782FF48B13422164BC3F83D
:1083D0002426D3F83C2622F40022C3F83C261B4B6B
:1083E0001549D3F80026D20744BF6FF00102C3F845
:1083F0000026174BD3F8182522F00302C3F81825DE
:10840000D3F8182542F00302C3F81825D1F88C20C0
:1084100042F44062C1F88C200022C3F8A02508BDB8
:10842000C822C3F84024B9E70000125000C50D501F
:1084300000C0FF000030055000ED00E0001D0A18EC
:1084400040E0A91E00A0085078000A0400E0105087
:1084500000B004500D4B0001034452B1D3F808257D
:108460000A43C3F80825D3F80C251143C3F80C15AB
:108470007047D3F8082522EA0102C3F80825D3F88B
:108480000C2522EA0102C3F80C25704700F00C50BD
:10849000014B0BF01BBB00BF55840100036803F0C8
:1084A0001F025F2B02604FEA53129ABF024B53F830
:1084B00022000020704700BF84790200034A43096C
:1084C000D35C00F01F001844C0B27047FE9B02004E
:1084D000F0B50646002487B0114F019117F8012B23
:1084E00006AB03EBD20313F8143C02F00702D340AF
:1084F00013F0010306D10134032CEFD100231846F9
:1085000007B0F0BD074A03AD07CA85E8070055F874
:1085100024100A6A46F824200A62002AEBD0EEE70B
:108520000E9C0200646D0200F7B504460846FFF792
:10853000C5FF06B204EB4606B38A0D46DB072BD512
:1085400020460BF0C5FB294620460BF031FB58B105
:1085500020460BF043FB0022276800B207EB8003A4
:10856000C3F81025C3F81025294620460BF05FFB01
:10857000002101A8B1820195FFF790FF019B00EB5C
:108580008300D0F88020064B134043F00203C0F86C
:108590008030084603B0F0BD6FF01500FAE700BF69
:1085A000F0F0FCFF2DE9F043044685B0084616467E
:1085B0001D46FFF783FF0F46804636B320460BF07B
:1085C00002FB18B920460BF0F3FA28BB0FFA88F922
:1085D00004EB4909B9F8143013F01C0F02D073787A
:1085E000012B19D001238DF80F3000233846CDE937
:1085F0000063721CB31C0DF10F010BF081FAB9F886
:10860000143043F00303A9F81430002D40D039464C
:1086100020460BF0D8FA20B96FF0150005B0BDE880
:10862000F0830022297823684FEA810C03EB810351
:10863000C3F81025C3F810250FFA88F204EB4202A4
:10864000938A23F4604323F0200393826E78FEB173
:108650002468A8786444D4F810550E4B36042B4097
:10866000C4F8103541F6F07306F4403603EA0713F8
:108670000005D4F81055334300F4801003432B4316
:10868000C4F81035938A43EA413343F020039382C0
:108690000020C3E70FE0ECFF70B590F8744005468A
:1086A00090F8756044BB4622214614300DF0DFFA85
:1086B0002146134A2B6852F836608E4212D10024AC
:1086C00040F20D10C3F84441D3F844210D4A9342BF
:1086D00008BFDB20F9F78EF90123204685F87430B6
:1086E0002B6670BDCAB2920002F58070442A04BFA6
:1086F0001C501A580131E0E76FF07700F1E700BF36
:108700009079020000A00D5090F87500024B03EB29
:1087100080000BF0C2B900BF1408002010B5064B52
:1087200090F875000C4603EB80000BF09CF90028D4
:10873000A4BF2070002010BD140800202DE9F04FC8
:10874000814659F8043B8BB0D3F8141390F8754068
:1087500000936C4BC9B241F40031804653F8342089
:1087600000980BF08EFA810305463AD50023CDE937
:1087700007330993634B07A803EBC4035B681946EF
:108780000193FFF7A5FE042303EBC40303934FF00B
:10879000000B5D4B0DF11C0A0293029A594912F825
:1087A000013B0292039A02EBD3028A5C03F00703B7
:1087B00022FA03F3DA071AD40BF1010BBBF1030F12
:1087C0000AF1040AE9D14FF40031002200980BF0BD
:1087D00058FA019907A8FFF77BFE0028D7D125F4A6
:1087E00000350124002D75D10BB0BDE8F08F474B4B
:1087F0005B440493DAF800100029DDD091FAA1F16E
:10880000B1FA81F1049B1C7841EA44142046FFF739
:1088100055FE08EB4000878AC808BB080593012372
:108820001AF8002001F0070103FA01F122EA01021F
:108830000AF8002006A80694FFF730FE069A059B6A
:10884000203250F82220C7F382065B073746C2F376
:10885000014223D54846D6B221463A460BF0C8F924
:1088600006A80694FFF71AFE069B203350F8233023
:10887000C3F301439E4207D1002120460BF089F942
:10888000314620460BF085F906A80694FFF706FE50
:108890000122069B02FA03F30362ABE7022A0DD121
:1088A000032120460BF075F906F00503012BEBD1EF
:1088B0003A46214648460BF09BF9E5E7022120465F
:1088C00005920BF066F9032EF2D0059A032ADBD14C
:1088D000022EECE795FAA5F3B3FA83F3009904FAB4
:1088E00003F225EA020503F5A27251F8222008EBF3
:1088F00043034846B3F86410C2F301420BF078F921
:1089000070E700BF907902000E9C02000E9C0200EE
:108910000123034A03FA00F093680343936070470E
:10892000B00300200123044A03FA00F0936823EA0D
:1089300000039360704700BFB003002073B5044686
:108940000191EFF31186402383F31288BFF36F8FF9
:108950000B4D019B6A6801A8134001930BF083F84B
:10896000002807DB01226B68824023EA02036B6068
:108970002070002086F31188BFF36F8F02B070BDA6
:10898000B0030020074B027AD3F8101521F0010143
:108990000A43C3F810250268C3F8A4264268C3F846
:1089A000AC26704700200E504FF0FF326FF040436E
:1089B00030B5044CD4E90001824273EB0105F9D3D0
:1089C00030BD00BF40270E5030B50C25074B1C189A
:1089D00094F8544005FB0433C3E9031218750123CE
:1089E000034A8340C2F8243330BD00BFB0030020E7
:1089F00000200E50F0B53D4D85B02C78002C6FD185
:108A00003B4A01AB07CA83E807003A491846D1F848
:108A1000102522F00202C1F81025FFF7B3FF07234B
:108A2000672202F001012144013BCCB24FEA52021D
:108A3000F7D1052C57D119464FF0010C2B4E0024CD
:108A40006720CFB204E00CFA02F220EA02000134FF
:108A500090FAA0F25FFA84FEBE45B2FA82F2F2D337
:108A60000131327505292A4482F8547006F10C064A
:108A7000E5D10121002420489A0801FA02F212F0FF
:108A8000670F18BF1C500433302BF5D1E420F8F7E2
:108A9000B1FF184B1949D3F8102503F5C07322F024
:108AA0000202C3F8902340F6FF72C3F8A821002207
:108AB0001A60A3F5807004338B420260F8D1012460
:108AC0000C4B0F4A1C660F4B5D201B68B3FBF2F387
:108AD00058430D4B2343984700202C7005B0F0BD40
:108AE0006FF07700FAE76FF08B00F7E7B003002034
:108AF000706D020000200E5000210E50B0210E506B
:108B000040420F00100800208070020038B5254B4D
:108B10000C46D3F8102595073DD4D3F8102542F024
:108B20000202C3F81025C0B1D3F8482712F00102A1
:108B300002BFD3F8481741F00101C3F84817194B99
:108B4000D3F84017D3F844174900F9D42AB9D3F819
:108B5000482722F00102C3F84827134B134A1B6829
:108B60001049B3FBF2F303EB4313BBB1D1F8402739
:108B7000D1F8445715F080450BD14FF0FF31204616
:108B8000FFF7DCFE002803DB2078FFF7C1FE284654
:108B900038BD013BE9E76FF07700F9E76FF073004C
:108BA000F6E700BF00200E501008002040420F00E2
:108BB0002DE9F047264D67232E4656F8044F4FF017
:108BC0000009E4434FF00108224F04F06704C7F89E
:108BD00028335FFA89F1DCB9E420F8F719FF1D4B5F
:108BE000D3F8482722F00102C3F84827D3F810250C
:108BF00022F00102C3F81025D3F8102522F002025A
:108C0000C3F8102501225A669A662C70BDE8F087D9
:108C1000AB6808FA01FA0AEA030313F0670F02D0FF
:108C20000846FFF77FFE6B68DB4303F0670313EA38
:108C30000A0F09D0002207EB0113C3F82C25E30724
:108C400002D530460AF029FF640809F10109C0E79E
:108C5000B003002000200E5070B51D461446184A7F
:108C60009DF81060131893F8543000B20C3302EBE7
:108C7000C30142F833404D60C5F31301AEB10201A8
:108C8000104E02F1A04202F562228000C2F8204597
:108C90000644C2F82415336833B1FFF785FEA042BD
:108CA000A94101D20023336070BD030103F1A04349
:108CB00003F56223C3F82045C3F82415F4E700BF89
:108CC000B003002000210E50F0B50E4D2B1893F884
:108CD000543000010C3355F8334005EBC3077E6870
:108CE000641800F1A04021F0004146F1000641EA7D
:108CF000C27100F5622045F833407E60C0F8281547
:108D0000F0BD00BFB0030020F7B5284B284CD3F8C6
:108D10002C6304F188070EB903B0F0BD96FAA6F0F3
:108D20000123B0FA80F08340DA43224926EA0306A1
:108D3000231893F85450830019440C2303FB054374
:108D4000DB6873B3D7E8EF3F03EA020CC7E8EECF66
:108D5000BEF1000FF6D1C340DB0719D5020102F1C5
:108D6000A04202F56222D2F82435D2F82025D1F8AB
:108D700000C0BCF1000FCED04FF0000CC1F800C015
:108D80000C2101FB054529690091E9688847C2E784
:108D900005F10C0304EBC30C54F83320DCF8043069
:108DA000E5E70A68002AB6D00B60B4E700200E5051
:108DB000B003002000210E502DE9F0410B7E4A68DF
:108DC0007BBB5F2A4FEA521469D8384D02F01F026C
:108DD00055F82460012404FA02F2B2604C685F2C5A
:108DE00004F01F024FEA54165BD855F82640304E67
:108DF00004EB8204D4F88020324042F00302C4F82D
:108E000080208C685F2C04F01F024FEA541748D86A
:108E100055F8273003EB8203D3F880203240C3F8A3
:108E200080204B7E33B9D1E901420368C3F8404545
:108E3000C3F844254A780C78D1F8108091F80CE0FA
:108E400091F80DC04F7ED1E901650368097D52009C
:108E5000C3F8201502F0020204F001010A43C3F82E
:108E60008085C3F80825C3F818E5C3F81CC51FB9E9
:108E7000C3F84065C3F8445500230468C4F80031C2
:108E8000D4F80021C4F30830C4F80431D4F8043114
:108E9000F8F7B0FD0323C4F80433BDE8F0819B600C
:108EA000FFDE203253F82230FAE700BFA07902003B
:108EB000F0F0FCFF5F2800F01F034FEA50110DD8BF
:108EC000094A52F8212002EB8302D2F88010074BA6
:108ED0000B4043F00203C2F8803070470022203379
:108EE00052F82330FFDE00BFA0790200F0F0FCFF53
:108EF000437D2BB1437D012B11D06FF00F007047E4
:108F000002234375012302680376C2F34341C2F38F
:108F10000432934001F14002024941F8223000201E
:108F2000704700BF00E100E02DE9F0473A4C4FF0F8
:108F3000FF360022A446D0F804A094F8008003680D
:108F400008FB0AF5B3FBF5F5B3FBF5F7D0F808908D
:108F50004F4545D3D0F80CE0774537D8B7FBF8F745
:108F6000BA458CBFAAEB0707A7EB0A07BE4224D875
:108F70000135B3FBF5F34B4502F1010704D23A4644
:108F8000082A15D00234D6E77345F8D84FF0000E02
:108F9000B3FBF8F347689F428CBFFB1ADB1B9E4272
:108FA0002AD90D6065780132082A0D712FD11E462D
:108FB000013608D16FF0150006E00D601FBB0CEB09
:108FC000420253780B710020BDE8F0870135B3FBF6
:108FD000F5F3994502F10107D1D89E45D6D2CEE7E7
:108FE0004FF0000E03680135B3FBF5F38768BB4211
:108FF00002D3C768BB42CBD90132BEF1000FBFD04C
:1090000063780B71BCE73E464FF0010EEAE702348D
:10901000002BD8D01E468EE7119C0200EFF3118181
:10902000402383F31288BFF36F8F084A137801330C
:10903000DBB2012B137005BF054A00206FF07700EB
:10904000136381F31188BFF36F8F7047229801205B
:1090500000E01050EFF31182402383F31288BFF336
:109060006F8F084B18780138C0B2187038B90121D9
:10907000054B596382F31188BFF36F8F70476FF010
:109080000F00F7E72298012000E0105010B5184BB0
:10909000D3F80443E1040AD5D3F830213AB10022D1
:1090A000C3F83021D3F83031124B1B689847A20423
:1090B0000BD50F4BD3F834213AB10020C3F834015B
:1090C000D3F834310C4B1B68984763040ED5084B1A
:1090D000D3F8382152B10022C3F83821D3F83831FF
:1090E000054B0120BDE810401B68184710BD00BFAC
:1090F00000E010501860012014600120044B40EA89
:109100000120C3F80005D3F80024D207FBD570472F
:1091100000B0045080F08003032BA0F1800203D83C
:10912000054B53F82200704707289ABF034B53F8AA
:1091300020004FF0FF307047AC790200BC7902008C
:1091400030B50B4B012493F86250002208232042D3
:1091500003D0254208D00132D2B2013B4FEA440489
:10916000F5D118460A7030BD6FF01500FBE700BF5F
:109170001C600120054B93F86000431E012B03D9AE
:10918000043818BF01207047002070471C60012080
:10919000002010B5154A1649C2F8000591F8614043
:1091A000D2F8043381F860400C6823F033030CB12B
:1091B00043F02303C2F81C01D2F81C41C2F8180185
:1091C000D2F81841C2F80801D2F8082191F86520B8
:1091D000D00791F8662048BF43F08003D207034AC6
:1091E00048BF43F04003C2F8003310BD00500D509B
:1091F0001C60012070B5002301264FF0FF340D4A9A
:1092000092F8621018B90BB182F8621070BD90FA32
:10921000A0F3B3FA83F306FA03F5043342F83340BC
:1092200002EBC3035C6020EA0500012321EA05018B
:10923000E8E700BF1C60012073B50023044601AAC3
:109240000E464FF4807101930AF0B9FF4FF48A7112
:1092500020460AF0B4FF4FF48271054620460AF01A
:10926000AEFF20B11EB115B1144BD3F8343601AAAC
:109270004FF4847120460AF0A2FF4FF48671204615
:109280000AF09DFF4FF4887120460AF098FF0C4BBE
:10929000234083B14FF48E75294601AA20460AF077
:1092A0008EFF291F0835204689B2ADB20AF087FF2C
:1092B000B5F5AE7FF0D1019802B070BD00500D50F1
:1092C000C0FF3F002DE9F0410146477A90F8048045
:1092D000857A007AFFF71EFF421C03D16FF015005C
:1092E000BDE8F0811E4C2E1DB8F1010F44F8360088
:1092F00033D13846FFF70EFF431CEFD004EBC60610
:1093000070604B780A781B03120202F4E06203F4E7
:10931000805348881343134A02EA004213438A7970
:109320000020120702F0E04213434A79D20202F40D
:10933000006213430A79D20392B213432A0102F165
:10934000502202F55022C2F81835012294F86230FA
:10935000AA40134384F86230C2E74FF0FF30CDE7F4
:109360001C6001200000FF01F0B50025344C059E73
:1093700084F8655084F86650A5602561266084F8FD
:109380006300A5832F4CC4F8F015C4F8F42516B378
:109390002322C4F8002300254FF0010C284F294E4A
:1093A0000CFA05F2024005F1510417D1210106EB38
:1093B00004147250626006EB0514D4F818150135D8
:1093C00021F4006141EAC222082DC4F8182507F1F2
:1093D0000807E5D1F0BDC4F80063DCE7D7E908125F
:1093E000B1F1FF3F28D05FEA113E05BF4FEA511EA1
:1093F00001F01F01A1F5805141EA0E2114BF41F097
:10940000004141F080414FEA041E46F80E10511C05
:1094100014D0110B05BF510902F01F02A2F58052B2
:1094200042EA012214BF42F0004242F0804206EBC1
:10943000041462601A46BEE70021E4E70022F6E762
:109440001C60012000500D5070B51F4D95F8604014
:10945000002C36D10126FF2085F86060FFF7CAFE98
:109460001A4B1B49C3F80041D3F80021C3F804414B
:10947000D3F80421C3F81041D3F81021C3F81441E4
:10948000D3F814311C239A0806FA02F212F0330FB3
:109490001FBFA3F1AF22A2F57202146012681A1F57
:1094A000920806FA02F212F0330F1CBF5C505A58B1
:1094B00008335C2BE7D1D520F8F79CFA0020286010
:1094C00070BD6FF07700FBE71C60012000500D506D
:1094D000FC500D50014B93F8620070471C60012056
:1094E0002DE9FF4105460F4616469846FFF742FE16
:1094F000F8B928460DF10F01FFF722FE0446A0B986
:109500000D4B3246C3F8F805331E18BF0123394608
:109510002846CDF80080FFF727FF084B9DF80F2065
:1095200083F86420022283F86020204604B0BDE85E
:10953000F0816FF00F04F8E700500D501C6001201F
:109540002DE9FF4707469946FFF714FE8A46144661
:10955000064600283DD138460DF10F01FFF7F0FD1A
:10956000054638BB63889DF80F803BB3B8F1010F07
:1095700032D8B9F1000F2FD02278637812B1B3FA44
:1095800083F6760951463846CDF80090FFF7ECFE99
:109590006388134A0BB143F48053C2F8F835114B7A
:1095A00083F86480227983F8686083F86720042256
:1095B00083F86020284604B0BDE8F08722786378FD
:1095C000002ADFD0002BDDD1B8F1010F04D801262D
:1095D000D8E76FF00F05EDE76FF08505EAE700BF0C
:1095E00000500D501C60012030B51E4A044613691E
:1095F00073BB00F06043B3F1005F2CD192F864506C
:10960000B1FBF5F305FB131040BB0BB2002B25DDBE
:1096100092F86030052B06D8032B0CD8022B0FD004
:109620006FF0760030BD062BFAD10F4B4D00C3F81A
:109630002C46C3F8305693683BB1C2E90441F1E7C8
:109640008D420BD1C2E90245ECE7C2E90241E9E7EC
:109650006FF07700E6E76FF00C00E3E76FF00600CD
:10966000E0E700BF1C60012000500D502DE9F341E0
:10967000564CA368002B00F0A58094F86020022AC5
:1096800006D0042A37D06FF0760002B0BDE8F08132
:1096900001204F4AC2F80005E168256881404DB1BC
:1096A000032584F86050C2F82C36C2F830161060DA
:1096B0000020EAE7C2F82C36C2F83016106000210C
:1096C0000120FFF7B9FD0028F9D00123404C414D9E
:1096D000636029460220FFF7AFFD0028F9D0002380
:1096E000C4F80831D4F80821C4F80C31D4F80C219E
:1096F000C4F80035DCE70120354AC2F800052168CE
:1097000039B1052184F86010E168C2F82C36814037
:10971000CBE794F86410A58B019103EB4503490056
:109720000093C2F82C36C2F83016106000210120D8
:10973000FFF782FD0028F9D094F8683063BB01235D
:10974000234D6B6069460220FFF776FD0028F9D0B3
:109750000023C5F80831D5F80821C5F80C31D5F833
:109760000C21A18B94F864200A44E16892B28A42E9
:10977000A28321BF174AA383D2E90201C2E90001F3
:109780004FF0000224BF23611846114B38BF6FF021
:109790000F00C3F8002578E74FF0010800260C4FB2
:1097A000D7F8F455EDB208FA05F5013DB542C6D932
:1097B000C7F8048000210420FFF73EFD0028F9D0FF
:1097C0000136F3E76FF00B005FE700BF1C6001207C
:1097D00000500D502460012070B50246FFF7CAFC0E
:1097E000002854D12B4E2C4C96F86030726086F8CD
:1097F0006130072386F860300123C4F80035D4F8BF
:109800000453C4F80003E3603AB125F0C00545F005
:1098100033050020C4F8005370BD00211020FFF76D
:109820000BFD0028F9D00023C4F80431D4F804312A
:109830001A4BC4F82C360423C4F8303601232360B5
:1098400000210120FFF7F8FC0028F9D00123124C79
:10985000A36000212020FFF7EFFC0028F9D00023AF
:10986000C4F80431D4F80421C4F80831D4F808212C
:10987000C4F8003596F8612086F86020C4F81C31E1
:10988000D4F81C21C4F81831D4F81831C1E76FF0AE
:109890000F00C1E71C60012000500D503460012012
:1098A0007FB533206549FFF7C7FC10F0100F054660
:1098B000624E0BD01022624BC3F80823B218C3F8D3
:1098C0002C260422C3F8302601221A605D4CAA0619
:1098D00094F8603010D5072B07D0594BD3F83436A5
:1098E000C3F34E03E36000232361554BD3F80433E5
:1098F000DB0601D5FFF74CFCA8071AD50023A168A9
:1099000094F860200291E168062A8DF80430ADF8E1
:109910000C101AD0072A39D0032A0AD1484AC2F8B3
:109920000035C2F80035022384F86030236801A8AE
:109930009847E90752D594F86030033B042B4DD883
:10994000DFE803F05D4C2B44610094F8673023B1ED
:10995000236913B101223A4B1A60236801A8984782
:10996000394B93E80300002386E803002361A368D2
:10997000002BDED1324AC2F80035C2F8003504238C
:1099800084F8603005238DF80430CFE7FFF700FC42
:1099900002238DF804306368C9E7042301A88DF819
:1099A000043023689847264BD3F8F825D20444BFE7
:1099B00001225A600623216984F8603031B163695D
:1099C0001F4A5B00C2F82C16C2F8303623692BB947
:1099D000032301A88DF804302368984794F8603079
:1099E000072B0AD0164B1948D3F80433002118402E
:1099F000FFF722FC012685094DB904B070BD012294
:109A00000F4B5A60EAE701220D4B9A60E6E795FAA0
:109A1000A5F3B3FA83F306FA03F225EA02055A081E
:109A2000DB4303F001038DF809308DF804602368EF
:109A30008DF8082001A89847DEE700BF24600120C8
:109A400000500D501C6001202C600120C0FF3F0021
:109A500070B5817B29BB02685F2A02F01F034FEAC1
:109A6000521420D8124E134D56F8242040F60C0400
:109A700002EB8302D2F880302B402343C2F88030BF
:109A800042685F2A02F01F034FEA52100BD856F8C3
:109A9000202002EB8302D2F880302B402343C2F80F
:109AA0008030012070BD203351F82330FFDE00BF2D
:109AB000DC790200F0F0FCFF00210268094BC16074
:109AC000C2F80833D2F8003223F0FF5323F4BC531A
:109AD000C2F800320123C2F8001580F8263080F861
:109AE000281070472264F81F00232DE9F04780F802
:109AF00027304B6805460E461746046833B1CB68DD
:109B000003F06043B3F1005F40F046813378023BDD
:109B1000012B06D8336903F06043B3F1005F40F0D6
:109B20003B819F4BC4F8083395F8282002F0FF03CF
:109B30003AB16FF00F08EB68C4F804334046BDE853
:109B4000F08717F0140F0CBF0122002285F828209F
:109B5000327885F82420727885F82520F2682A6109
:109B600072686A613269AA61B2682F62EA61C7F3FA
:109B7000001285F829207278C4F88825C4F8383195
:109B8000D4F83821C4F82831D4F82821C4F8143185
:109B9000D4F81421C4F80431D4F8043117F00103C7
:109BA00018BF0123C4F84C3717F0020318BF012374
:109BB000C4F814373378032B00F28180DFE803F018
:109BC0005E764A024FF48073C4F80032D5E904236C
:109BD000C4F83C27C4F84037012323654FF00061E7
:109BE00020460AF052FB0028F8D1D5E90623C4F834
:109BF0003C27C4F840374FF48063EB604FF0000817
:109C000017F008096A680FD13378032B0CD0012BA9
:109C10006CD1A362002A55D072686B6822B9002B00
:109C200000F09880012363606B68002B00F0928045
:109C3000780744BF0023EB6079065EBFEB6843F012
:109C40000203EB60EB6843F02003EB60EB68C4F8C1
:109C5000043373E7D5E90423C4F83C27C4F840373C
:109C6000D5E90623C4F80427C4F808374FF4845311
:109C7000C4F80032012323610223BEE7B906D5E907
:109C80000423C4F83C27C4F840374BBF4FF480731B
:109C90004FF40073C4F80032C4F800324CBF4FF4E4
:109CA00080630223EB6001232361A7E7D5E9042346
:109CB000C4F80427C4F808374FF48053D8E76FF08E
:109CC00015089DE76A6902B963604FF0010A40F226
:109CD000024940F2224120460AF0D7FA820648BFE4
:109CE000C4F804A010EA090FF3D095E70123236517
:109CF000002A91D16A6912B140F2024A06E063601B
:109D0000FAE70123236163604FF0000919EA0A0FA3
:109D100082D140F2224120460AF0B7FA10F0200F1B
:109D20008146F3D04FF4804120460AF0AEFAD4F8D1
:109D300000320028E5D013F4007103D101228946D6
:109D400022616260DB05E1D54FF4806120460AF0B4
:109D50009CFAD9E70022D4F8C434C4F8C43485F896
:109D600028206BB19A0756BF03F001086FF00D0869
:109D7000A8F18C0813F0040F18BF6FF00A08DDE695
:109D80007B063FF5DBAE2046291D0AF03CFA002891
:109D900008BF6FF08B08D1E66FF00C08CEE600BF6D
:109DA0002264F81F70B50568022186B00446284673
:109DB0000AF06BFA2021064628460AF066FAD0B16E
:109DC000D6B9E3684FF48041C5F808330223E36055
:109DD000E3682846C5F804330AF057FA18B1D5F8F5
:109DE00000329B0502D401232B616B60012384F8B0
:109DF000273006B070BD8EB3236A5E060AD494F88D
:109E000027303BB92846211D0AF0FDF980F00100FA
:109E100084F82700236A13F0040337D1C5F83831DA
:109E2000D5F83821C5F83431D5F8343194F82930D3
:109E300013B194F82730F3B100230122C5F80032A2
:109E4000E3602E4BC5F30431C5F808338A40C5F3EF
:109E500043432B49603341F823200CE04FF48061E9
:109E600028460AF012FA94F82430002B2FD194F8E7
:109E70002930002BE1D0A38CADF804302369049382
:109E800063690293A3690593E3690393D5F8C43426
:109E90009807C5F8C4342AD459072AD4DA072AD433
:109EA00094F827309B00DBB28DF8003094F829300D
:109EB0000BB984F82830236A5B0703D594F8273060
:109EC000002B96D0D4E901316846984791E74FF4CA
:109ED0000073C5F800322223E360084BC5F808334D
:109EE000E368C5F8043301232B652B6181E7012367
:109EF000DAE70223D8E70323D6E700BF2264F81F7E
:109F000000E100E0036803F01F025F2B02604FEAEC
:109F100053129ABF024B53F822000020704700BF33
:109F2000E8790200F7B506460AF01FFA08460AF07B
:109F30001CFA01A80196FFF7E5FF0C4640F60D015B
:109F4000019B2C4D00EB8300D0F8803001942B4016
:109F50000B43C0F8803001A8FFF7D4FF019B012715
:109F600000EB8300D0F880302B400B43C0F88030EA
:109F7000042009F076FD092501A80194FFF7C2FF2E
:109F8000019AC368D340DB0714D401A80196FFF7F8
:109F9000B9FF019B013D07FA03F38360042009F038
:109FA00060FD30460AF0E1F9042009F05AFD15F091
:109FB000FF05E1D101A80194FFF7A4FF0123019A55
:109FC00093408360042009F04CFD20460AF0CDF94F
:109FD000042009F046FD01A80194FFF793FF019AC0
:109FE000C368D34013F0010F0CBF6FF08B0000204B
:109FF00003B0F0BDF0F0FCFF38B5EFF3118540235E
:10A0000083F31288BFF36F8F064B9C680AF0E8F960
:10A0100085F31188BFF36F8F2046BDE83840F7F70E
:10A0200083BC00BF8860012038B50A4B53F820403C
:10A03000013053F82050A54200D838BD606830B1D7
:10A04000037EDB0701D40AF0A0F90834F3E72368A4
:10A050009847FAE7F4790200012270B5294B0320F2
:10A0600086B01A70FFF7E0FF0AF08BFE0420FFF7BE
:10A07000DBFF254C254D2646AE4204F1300410D3BB
:10A0800001F000F8204C224EAC4226D301F00EF82D
:10A09000F4F7F6FF1F4A137B23F00103137306B096
:10A0A00070BD54F80C3C059354F8103C049354F8DC
:10A0B000143C039354F8183C029354F81C3C01934D
:10A0C00054F8203C009354E90A2354E90C0100F0B1
:10A0D000AFFD54F8303C5E65CDE7D4E90A23B3F117
:10A0E000FF3F08BFB2F1FF3F05D052EA03012068ED
:10A0F00003D101F097F83034C6E73146183001F04B
:10A1000041FAF8E723980120006C0200006C02007D
:10A11000FB490200682A0020C82370B5144E86B09F
:10A1200003FB0066134B012205930F23CDE9033295
:10A130000023CDE9013314234FF4A0720E4D0F49D3
:10A1400003FB0055044602FB00110D4B3046009501
:10A1500000F06EFD737B2C7423F004037373094BC2
:10A16000013403EBC423EE606B6006B070BD00BF2A
:10A17000A0290020219C02008860012068DC0120C9
:10A18000D344020068D40120BFB50020FFF74CFF84
:10A19000294B03F5006282F3088883F30A88E023E1
:10A1A000264C002584F822302023E3772576657637
:10A1B000A57684F82050636A214F43F4E02363625C
:10A1C00084F82350F7F72EFBF7F7B2FC4FF0FF337C
:10A1D000A362E362F7F740FEF7F7D6FC194800F0F8
:10A1E000BDFD0120FFF720FF0220174CFFF71CFFE9
:10A1F00000F090FF154B16495C61164B4FF48042FE
:10A20000059301232046CDE90353CDE901553B4693
:10A21000009500F00DFD0646627B204622F0040208
:10A2200062730AF0A7FB2846FFF776FF3A463146ED
:10A230002046F7F759FC00BF68D4012000ED00E08C
:10A2400059A00100182C0020682A002088600120F5
:10A25000A8DD0120269C020038B5064C064DAC4214
:10A2600001D3002038BD2046D4E901120AF0BBF822
:10A270001434F4E74409002044090020002038B5D4
:10A28000054C064DAC4200D338BD20460AF0CFF84D
:10A290000028F9DB2034F5E7C40800204409002039
:10A2A00073B50C46EFF31181402585F31288BFF397
:10A2B0006F8FC5685DB125602B68C360836901330A
:10A2C0008361002081F31188BFF36F8F11E052EAA0
:10A2D000030603D16FF00B002560F3E7CDE90023FF
:10A2E0000246083000F014FE18B9034B9B681B6946
:10A2F000236002B070BD00BF886001202DE9F341EA
:10A3000004460E469DF8200004F10808EFF311877B
:10A31000402181F31288BFF36F8F256AE1688D4277
:10A3200047D22568AC4218D0BDB128460AF0DCF807
:10A3300005F118000AF020FC3146A26828690BF0EC
:10A340006FFC00232846C5F8C0300AF013FB4046D6
:10A35000394600F071FE002038E0A268D8B13146DD
:10A36000E0690BF05DFCE369A26813446269E36194
:10A37000934201D12369E361236A102101332362EF
:10A3800004F124000AF0D7FC0028E0D187F31188FB
:10A39000BFF36F8F1AE0A1692369994208BF63690F
:10A3A000314608BFA361A069801AA0610BF038FC98
:10A3B000E2E752EA03010CD00749404689680E6182
:10A3C000CDE900233946224600F0A2FD02B0BDE8E7
:10A3D000F0816FF02200D9E788600120F7B50446CC
:10A3E000084604F10807EFF31186402181F3128833
:10A3F000BFF36F8F216A00293AD0A268A1690BF0E0
:10A400000FFCA369A268256813446269A3619342A3
:10A4100004BF2369A361236AAC4203F1FF332362C3
:10A4200034D02846002D32D00AF05EF805F118002D
:10A430000AF0A2FBA2682969E0690BF0F1FBE3696D
:10A44000A268284613446269E361934204BF23690A
:10A45000E361236A013323620024C5F8C0400AF097
:10A4600089FA3846314600F0E7FD204603B0F0BDDA
:10A4700052EA030110D00A4989680861CDE9002336
:10A4800031462246384600F043FDEFE7002086F3D0
:10A490001188BFF36F8FE9E76FF02200F7E700BF85
:10A4A000886001202DE9F341044617461E46EFF36C
:10A4B0001188402383F31288BFF36F8FC368334A38
:10A4C0007BB180689168884219D057EA060318D199
:10A4D00088F31188BFF36F8F6FF00F0002B0BDE8F3
:10A4E000F081916891F90E100133E3609368216166
:10A4F000A36088F31188BFF36F8F0020EEE7216916
:10A50000F2E791F90E1090F90E306FF07E02994249
:10A51000A8BF19469142B8BF11468B422DDD0AF003
:10A520000AF8054622464146CDE90076184800F073
:10A53000EFFC0028E1D0EFF31186402383F312886B
:10A54000BFF36F8FA068D0B1236821699C420AD005
:10A550004BB193F90E309942A8BF19466FF07E03B4
:10A560009942B8BF194609F0E6FF40B131460848A4
:10A5700000F062FD6FF00A00B0E70025D2E7002D81
:10A58000F4D186F31188BFF36F8FF3E78860012061
:10A5900024980120F8B583680546002B40D0234A53
:10A5A000926893423FD1C368012B03D9013BC3603A
:10A5B0000020F8BDEFF31187402383F31288BFF327
:10A5C0006F8F0169806809F0B6FF2C68A54207D13A
:10A5D0000023C5E9023387F31188BFF36F8FE7E7E4
:10A5E000002CF5D0D4E90032002613605A60637B5A
:10A5F000C4E9006623F002036373A66004F1180047
:10A600000AF0BAFAAC6094F90E3020462B61C4F817
:10A61000C0600AF0AFF93946054800F00DFDC7E704
:10A620006FF01500C5E74FF0FF30C2E788600120EA
:10A630002498012037B51146EFF31185402282F3AB
:10A640001288BFF36F8F04689CB12368426823F0BF
:10A6500003039442036008BF43600121204609F0D0
:10A66000F7FF044685F31188BFF36F8F204603B0D0
:10A6700030BD51EA0302F5D000F10802CDE9001324
:10A680001046294600F044FC0028EFD1014B9B689E
:10A690001C69EBE78860012070B5EFF31186402359
:10A6A00083F31288BFF36F8F0468A0421BD0D4B12C
:10A6B000D4E90032002513605A60637BC4E9005579
:10A6C00023F002036373A56004F118000AF054FA42
:10A6D0002046C4F8C0500AF04DF93146BDE870403C
:10A6E000094800F0A9BCD0E902329A4218BF0133F0
:10A6F0000221836010300AF01EFB0028EDD186F3A2
:10A700001188BFF36F8F70BD2498012013B5EFF34C
:10A710001181402484F31288BFF36F8F846844B1A1
:10A72000013C846081F31188BFF36F8F002002B079
:10A7300010BD52EA030406D181F31188BFF36F8F75
:10A740006FF00F00F3E7CDE900230246014800F067
:10A75000DFFBECE7249801202DE9F8430546EFF3F1
:10A760001188402383F31288BFF36F8F00266FF0A8
:10A770000A0937462C68A54216D0ACB1D4E900329C
:10A7800013605A60637BC4E9007723F002036373AC
:10A79000A76004F118000AF0EFF92046C4F8C09051
:10A7A0000AF0E8F80126E5E700230221AB6005F195
:10A7B00010000AF0C0FA30B92EB988F31188BFF33F
:10A7C0006F8FBDE8F8834146BDE8F843014800F0CB
:10A7D00033BC00BF2498012007B5074B4FF48052CB
:10A7E000009306494FF0FF33054800F06DF9002053
:10A7F00003B05DF804FB00BF0C7A0200A81D022024
:10A80000302B00202DE9FF41044640274E4EEFF348
:10A81000118887F31288BFF36F8FD4F8CC50F5B945
:10A82000022104F1E40009F054FF002868D004F18B
:10A83000DC050022012128460AF042F90028F8D15F
:10A8400000234FF0FF3202934FF0FF334146CDE932
:10A8500000233E4804F1D40200F0B0FDD7E7D4F85D
:10A86000D0202B689542C4F8CC3008BFC4F8D03053
:10A87000D4F8E43043F00203C4F8E430EB6823F08A
:10A88000040343F00103EB606B6888F31188BFF3A6
:10A890006F8F28469847EFF3118887F31288BFF32C
:10A8A0006F8FEB68D80623F0010236D4EA60EB68BC
:10A8B0009A0716D5306823F00203EB6088B10021B7
:10A8C000036870B14268954235D1036869BB72680C
:10A8D0003360824200D17360002340F8083BFFF7E9
:10A8E000DBFED4F8E43023F00203C4F8E43088F34C
:10A8F0001188BFF36F8FDB0589D400F013FC86E766
:10A90000D4F8E430D9069BD5C4F8E40088F3118864
:10A91000BFF36F8F04B0BDE8F08123F01103EB604B
:10A9200005F11000FFF7B8FEC1E70B6073688342C2
:10A9300008BF7160D0E723B11A6801461846134674
:10A94000BFE71A46F9E700BFAC6001202498012058
:10A9500070B5C3680546C3F340069B070C460DD58A
:10A960000122002104F1080009F0A3FE0023236066
:10A97000054B65605A681AB9C3E90044304670BD9A
:10A9800014605C60FAE700BFAC600120F8B5C368F2
:10A9900004469A070F46C3F340062ED45B071CD427
:10A9A0000B680BB983680B60E368DD0742BFA368DF
:10A9B00002263B603D6858BF0126002D3CD0204B4D
:10A9C0009A68D5F8C8309A420AD0D5F8E430D8074A
:10A9D000C3F3800214D46FF0120600233B6025E01D
:10A9E00009F086FFD5F8E4300028F0D1D907C3F389
:10A9F000C002F0D552B15B0708D46FF00F06ECE748
:10AA0000002AFAD1C3F3C003002BF6D10023236040
:10AA1000D5F8D03063B9C5E93344284609F074FE4F
:10AA2000E36843F00403E3603B68A3603046F8BD8D
:10AA30001C60C5F8D040F0E76FF01506CDE700BF09
:10AA400088600120F8B5C368064603F00503002BB3
:10AA50000C4614BF012700271CD085680122002165
:10AA600004F1100009F025FE2046134909F0A4FE68
:10AA7000E36843F01003E360F3685B0712D53368C3
:10AA800023606BB9D5F8D03033B9C5E933442846D3
:10AA900009F03AFE3846F8BD1C60C5F8D040F6E72C
:10AAA0003460F4E7D5F8CC302360D5F8D030C5F861
:10AAB000CC40002BEBD1F0E7E9460200014601480B
:10AAC00009F096BE302B0020F0B50446002089B076
:10AAD000C4E933000E9D04F1D400C4E9350004F14B
:10AAE000DC00C4E9370055B32879002840F2011092
:10AAF00008BF0120C4F8E40000204FF0FF364FF0FB
:10AB0000FF37CDE90330CDE90100CDE906672046E6
:10AB10000C4B009400F0F6F855B1296811B12046AD
:10AB200000F076F86B791BB1237B43F001032373AC
:10AB3000204600F077FBC4F8C84009B0F0BD012002
:10AB4000D8E700BF05A8010037B501900846EFF32C
:10AB50001184402181F31288BFF36F8FC16811F017
:10AB60001E0F16D153EA020508D101A9FFF70EFF07
:10AB700084F31188BFF36F8F03B030BD41F008013B
:10AB8000C160019910308161034900F0FBFC012094
:10AB9000EEE70020ECE700BF7D47020001460148D8
:10ABA000FFF7D2BF302B0020F7B50C4616461D46E6
:10ABB0000190EFF31187402383F31288BFF36F8F67
:10ABC000084609F092FD55EA060309D1204601A97D
:10ABD000FFF7DCFE87F31188BFF36F8F03B0F0BD82
:10ABE000E368324643F00803E360019B0449A36233
:10ABF00004F110002B4600F0C5FC0120EAE700BF7D
:10AC00007D47020001460148FFF7CEBF302B0020F0
:10AC100010B5044608B9054B9C681F2204F1880052
:10AC20000BF053F8002084F8A70010BD88600120C5
:10AC30002DE9F04F984685B000F15803C0E916336E
:10AC4000129B002503730423D61D26F007064373C9
:10AC5000119B01EB060A0F46C0E906555146856077
:10AC60008373C5730446DDF838B0DDF84C90F6F711
:10AC7000CBFB109B073020F00700C4E92A76C4F80C
:10AC8000B00002930F9BAAEB0006CDE900B3324659
:10AC9000434639462046F6F70BFF0F9BC4E91D8B50
:10ACA000E367109B656584F87050C4F88030EFF35B
:10ACB0001183402282F31288BFF36F8F104F3A6ADC
:10ACC0003C62C4F8842083F31188BFF36F8FB9F11D
:10ACD000000F11D01F22494604F188000AF0F5FF49
:10ACE00084F8A750BB680BB1D3F8B4303046C4F831
:10ACF000B43005B0BDE8F08F84F88890F2E700BF6B
:10AD000088600120F0B5002587B00595109DDDE92C
:10AD1000127604950F9D044603950E9D02950D9D98
:10AD200001950C9D0095FFF783FFB6F1FF3F08BF2B
:10AD3000B7F1FF3F05D056EA070305D1204600F0E2
:10AD400071FA204607B0F0BD3A46334604F11800C8
:10AD5000014900F017FCF4E7FB49020040F201133F
:10AD600083810023C0E92A33C0F8B430014B9860D6
:10AD7000704700BF886001206FF00A01094A93689C
:10AD8000C3F8C0100849C3F8BC004B6843F08053B7
:10AD90004B60002383F31188BFF36F8F9368D3F860
:10ADA000C00070478860012000ED00E070B590F9A8
:10ADB0000D20437B002A36DBD90634D11B4C63F0CF
:10ADC0007F032246437352F8183FE169934207D14B
:10ADD000C0E900210860E06111E09942F8D01B68E9
:10ADE000002BF5D090F90E5093F90E60B542F4D0D7
:10ADF000AE42F2DD5968C0E9003108605860A569CB
:10AE0000954200D005B9E568A3685A7BD20604D103
:10AE1000DA897F2A01D9AA6932B1AB4202D0284629
:10AE200000F00EFB656170BD6361FCE78860012086
:10AE300038B590F90D200146002A437B04DA03F06F
:10AE40007F03437309F05CFD0D4D2A4652F8184FFD
:10AE5000AB68944200D004B9EC688B4207D05A7BAF
:10AE6000D20604D1DA897F2A01D9A2692AB1A34284
:10AE700002D0204600F0E4FA23466B6138BD00BFE3
:10AE800088600120B3F1FF3F08BFB2F1FF3F03D05C
:10AE90000249183000F076BB704700BFFB49020042
:10AEA00038B5194CA168E0690B68814214BF1A4695
:10AEB000002249680B605960A368E1692AB9134A06
:10AEC000C3E900210B60E3610CE093F90E0092F9F5
:10AED0000E50A84214D0854212DD5168C3E900210A
:10AEE0000B605360A569094B9D4200D005B9E56828
:10AEF000A3689D4202D0284600F0A2FA656138BDE1
:10AF00009142DCD01268D9E788600120A06001205E
:10AF1000F8B5DDE906670D4B0C46986811460C4AFA
:10AF20001060EFF31182402282F31288BFF36F8F1B
:10AF30009D68284609F0F6FC284632463B46FFF756
:10AF4000A1FF2046BDE8F840FFF716BF886001204A
:10AF5000B4600120F8B50446EFF31187402383F372
:10AF60001288BFF36F8F437B49B203F01F02002AA0
:10AF70000CBF0126002639D103F07F032D4D43730A
:10AF800009F0BEFC2A46437B817363F07F03437361
:10AF900052F8183F934227D1E869C4E900200460C1
:10AFA000EC610FE09842F8D01B68002BF5D093F9C4
:10AFB0000EC06145F6D08C45F4DD5968C4E9003116
:10AFC0000C605C60AC69944200D004B9EC68AB687A
:10AFD0009C4202D0204600F033FA6C6187F311885E
:10AFE000BFF36F8F3046F8BDE869DEE79B071ED5DB
:10AFF000856809F085FC81732B689D4209D16B68D7
:10B00000C4E900531C606C60E8E76A689342F6D0BC
:10B010001B68002BF3D093F90E209142F5D08A42A1
:10B02000F3DD5A68C4E9003214605C60D6E78173CE
:10B03000D4E700BF8860012049B9EFF3058030B93B
:10B04000054B5A699B689A4201D0FFF795BE81F380
:10B050001188BFF36F8F704788600120034648B99D
:10B06000EFF3058232B9064A51699268914201D0E4
:10B07000FFF782BE83F31188BFF36F8F704700BF65
:10B0800088600120EFF31181402383F31288BFF31E
:10B090006F8F054B9A68D37B013BD37381F3118883
:10B0A000BFF36F8F704700BF8860012070B5EFF36A
:10B0B0001186402383F31288BFF36F8F144DAB6862
:10B0C000DA7B0132DA732A4652F8184F944200D0E4
:10B0D00004B9EC685A7BD20604D1DA897F2A01D9F7
:10B0E000A2692AB1A34202D0204600F0A9F9234662
:10B0F0006B6186F31188BFF36F8FEFF311804023EC
:10B1000083F31288BFF36F8FBDE87040FFF7A6BFCF
:10B1100088600120024B03F11802C3E90622704740
:10B120008860012070B5EFF31186402383F3128805
:10B13000BFF36F8F1B4CA168E0690B68814214BF9D
:10B140001A46002249680B605960A368E1692AB970
:10B15000154AC3E900210B60E3610CE093F90E008E
:10B1600092F90E50A84218D0854216DD5168C3E905
:10B1700000210B605360A5690B4B9D4200D005B9BF
:10B18000E568A3689D4202D0284600F059F9656140
:10B190003046BDE87040FFF7EFBD8A42D8D0126854
:10B1A000D5E700BF88600120A0600120F8B550EA13
:10B1B000010306460C4603D1FFF7B4FF0020F8BD9B
:10B1C000EFF31187402383F31288BFF36F8F124D83
:10B1D000124BA8681860FFF72BFEA868234632467A
:10B1E0000F49183000F0CEF9AA680446537B384660
:10B1F00043F004035373FFF7BFFDAB68D3E90A23A1
:10B20000B3F1004F08BF002AD8D109F0DDFC201AA5
:10B2100020EAE070D3E700BF88600120B46001201D
:10B22000FB49020038B50446EFF31185402383F350
:10B230001288BFF36F8F437B5B070FD5183009F07F
:10B240009BFC637B204623F004036373FFF7AEFD92
:10B250002946BDE838400448FFF7EEBE85F3118863
:10B26000BFF36F8F38BD00BF24980120014B986851
:10B27000704700BF886001202DE9F8430446077B32
:10B28000EFF31185402383F31288BFF36F8F437B65
:10B29000190705D585F31188BFF36F8FBDE8F883D3
:10B2A000D90943F0080260D14273A36813B1204664
:10B2B00009F02EFB04F1180009F05EFCA66D04F104
:10B2C0005808B04511D04FF0000976B1304609F06A
:10B2D0001FFB06F1180009F04FFC3046C6F8C0907D
:10B2E000FFF764FDA66DB045EFD1DFF8C480D8F854
:10B2F00008309C4241D1EFF30589B9F1000918BF2C
:10B300004FF00109D8F818602A4A964200D00EB9C9
:10B31000D8F80C60B34202D0304600F091F82046D5
:10B32000C8F8146005F08CFD204600F0DBF8B9F198
:10B33000000F02D02048FFF711FDD8F808309C42DA
:10B3400031D1EFF3058373BB227BD20718D4284693
:10B35000FFF712FDFB07A1D5002383F31188BFF38C
:10B360006F8F0423184602DF98E703F07F0343F052
:10B370000803437309F0C4FA97E74FF00009C1E7E7
:10B3800085F31188BFF36F8F83F31188BFF36F8F3D
:10B390000423184602DFEFF31180402383F3128861
:10B3A000BFF36F8FD4E785F31188BFF36F8FD1E7B9
:10B3B00088600120A0600120182C0020D3B5DDE9B1
:10B3C0000667089CCDE90067FFF7A2FD1CB1034B9F
:10B3D0009B681B69236002B0D0BD00BF886001205C
:10B3E000427B034612F01F0210D10A4988420DD059
:10B3F0000949086868B1D9897F2909D893F90E20CD
:10B40000064B1B689A42B8BF002070470020704767
:10B4100010467047A02900201C080020B8600120B9
:10B420000122044BC01A044BC0105843034B1A545A
:10B43000704700BFE02C0020ABAAAAAA24980120E4
:10B4400070B50D4B0D4D1E7CFFF7CAFF06EB460392
:10B4500005EBC3050446284609F08EFB0022084B85
:10B460009A553CB1621E2846BDE870400549D31785
:10B4700000F088B870BD00BF88600120E02C00207B
:10B480002498012021B4010038B5EFF31185402341
:10B4900083F31288BFF36F8F0F4B104A9C681068BC
:10B4A000A04206D1FFF7CCFF85F31188BFF36F8F61
:10B4B00038BD00211B7C1160094AD35C002BF3D0FE
:10B4C0002046FFF78DFF0028EED0637BDB0601D11D
:10B4D000FFF7E6FC2046E5E788600120B460012024
:10B4E00024980120EFF31181402383F31288BFF3E6
:10B4F0006F8F0C4A136A834208D1D3F884301362E9
:10B5000081F31188BFF36F8F70471346002BF7D07C
:10B51000D3F884208242F8D1D0F88420C3F8842064
:10B52000EEE700BF88600120024B1868984208BF10
:10B530000020704720080020034B1B680BB9FCF764
:10B540000DB80020704700BFBC60012030B570B15D
:10B550000B4B5B6898420AD0036843B1D3E90421DE
:10B56000D0E90445121941EB0501C3E90421D0E9F2
:10B57000003213605A600023C0E9003330BD00BFC1
:10B5800020080020B3F1FF3F08BFB2F1FF3F2DE9D3
:10B59000F84F0446994615461F467AD08160EFF36E
:10B5A0001188402383F31288BFF36F8FB9F1000F26
:10B5B000DFF8E4A020DBFFF7BFFFDAE90027013561
:10B5C00049F100092D1849EBE07306464FF00109D7
:10B5D000C4E90453AD1843EB0707FFF7A5FF034683
:10B5E000DFF8B8E0DEF804A0EBB9C4E900EACAF875
:10B5F0000040CEF8044028E06FF00103DAE90012C1
:10B600005B1A4FF0FF3161EB02025B1B62EB090238
:10B61000012B72F10001BCBF012300224FF0000991
:10B62000C0E90432D9E7D3E9041CD4E904208A42F2
:10B6300070EB0C0B24DA891A5A686CEB0000C3E932
:10B640000410C4E9003214605C60FFF76DFF8442AF
:10B650000ED1134B1B685BB9B9F1000F02D1FFF794
:10B660006BFF0646304609F070FA0021FBF7A6FF93
:10B6700088F31188BFF36F8F28463946BDE8F88FED
:10B68000521A60EB0C009A45C4E90420ADD01B6847
:10B69000AAE700252F46EFE7F82C0020200800201D
:10B6A000BC6001202DE9F047EFF31185402383F3BF
:10B6B0001288BFF36F8FDFF8A0900026C9F8000052
:10B6C0000027FFF731FFDFF89480D9F80030D8E980
:10B6D00000ECD91750B1D0E90442A34271EB020A41
:10B6E0001BDAE41A62EB0102C0E90442002413EB06
:10B6F0000E034CEB01012046C8E90031C9F80040B7
:10B7000009F023FA2146FBF759FF85F31188BFF3AF
:10B710006F8FBDE8F047FFF7B7BE14EB0E024CEB9E
:10B72000E473C0E90467C8E90023FFF70FFF85F35E
:10B730001188BFF36F8F83689847EFF3118540231B
:10B7400083F31288BFF36F8FD9F800301B1BC9F841
:10B750000030FFF7E9FEB8E7BC600120F82C0020BC
:10B7600010B5EFF31184402383F31288BFF36F8F7A
:10B77000FFF7E2FE0346054AD2E90001181841EB43
:10B78000E37184F31188BFF36F8F10BDF82C002094
:10B79000F8B50646EFF31187402383F31288BFF311
:10B7A0006F8F026822B187F31188BFF36F8FF8BDE6
:10B7B000D0E90A54691C44F10003022973F1000323
:10B7C00034D3013D44F1FF34002CBCBF15462C4658
:10B7D00009F0FEF9013041F10001401944EB01018B
:10B7E000012871F100014ADB09F0F2F96FF0020360
:10B7F000013041F10001401944EB010183426FF037
:10B8000000438B4140DB09F0E3F96FF001024FF098
:10B81000FF33013041F10001401944EB0104121AD9
:10B8200063EB040330461A49FFF7ACFE336B013378
:10B830003363336A6BB187F31188BFF36F8F304680
:10B84000336A9847EFF31187402383F31288BFF3DD
:10B850006F8F334653F8184F9C42A4D0002CA2D0CF
:10B86000204609F096F80023C4F8C03087F3118809
:10B87000BFF36F8F2046BDE8F84009F07BB86FF04A
:10B8800001024FF0FF33CDE700224FF00043C9E73C
:10B8900091B701002DE9F04105461C4690461F4630
:10B8A000EFF31186402383F31288BFF36F8FB4F157
:10B8B000FF3F08BFB2F1FF3F05D186F31188BFF308
:10B8C0006F8FBDE8F081002C09DB012A74F10003C1
:10B8D000BCBF0122002412F1FF3844F1FF37284693
:10B8E00009F04AF9DDE906010023C5E90A012B63E5
:10B8F00042463B4628460249FFF744FEDDE700BFCB
:10B9000091B7010038B50346EFF31185402282F369
:10B910001288BFF36F8FC16001218160006883428C
:10B9200006D185F31188BFF36F8F0024204638BD00
:10B93000D0E9003213605A600023C0E9003309F0F7
:10B94000B7F9294604460248FFF776FBEEE700BF49
:10B9500025980120F8B507460C46164608F0C8FFA2
:10B9600008B10020F8BD0E4B9B68D3F8B450002DF1
:10B97000F7D0221DF5D2EFF31184402383F3128810
:10B98000BFF36F8F284647F00401B04784F3118856
:10B99000BFF36F8F0028E4D040F8045BE2E700BFFC
:10B9A000886001200146024A0020FFF7D3BF00BF94
:10B9B000E1F8010001680E4A0346914215D1C169C0
:10B9C000A2F11022A2F1EF1291420ED18268012A57
:10B9D0000BD8C26812B101698A4206D0586928B1F1
:10B9E0009B691B1A5842584170470120704700BF9D
:10B9F00055AA00FF70B50D4B9E68A6B13046FFF703
:10BA0000D9FF044678B9F3686BB935690DB920469A
:10BA100070BD2846FFF7CEFF28B9EB68B34202D1CC
:10BA20002E462D69F2E70124F1E700BFC060012036
:10BA30002DE9F041444B454C05461B68204688469D
:10BA4000984718B100242046BDE8F081A4F11407FE
:10BA500054F8144CFB68DCB1BC68CCB1002D66D046
:10BA6000B8F1000F65D008FB05F6B6FBF5F5A84563
:10BA700061D1311D5FD8B20711D026F00302043224
:10BA80001C4603E06168914257D2A469002CF9D1A9
:10BA90002F4B2E481B6898470028D4D0D2E7324657
:10BAA000EEE7891A232904F120051CD80123A3609D
:10BAB000D4E90523AAB19361A3690BB162695A6104
:10BAC0000023C4E905333B69DB0703D5FFF792FF89
:10BAD000002835D13246002128462C460AF0C7F806
:10BAE000D6E7FB60E8E702F1200C04EB0C032039F9
:10BAF000C3E90110DC6021691648196144F80C00A3
:10BB0000A0F11020A0F1EF10D86101B1CB60616904
:10BB10005961A069986141B18B61996901B14B612B
:10BB200001212361C4E90121CAE7FB60F5E72C4646
:10BB3000AEE74446ACE70446AAE7A0680028B0D0C8
:10BB4000012002F015FA00BF54080020D460012043
:10BB50005008002055AA00FF70B5464B464C0546DC
:10BB60001B6820469847002840F08280002D43D073
:10BB700054F8143CA4F11406002B3DD0B268002AFE
:10BB80003AD09D4203D3726813449D4202D30120F0
:10BB900002F0EEF9A5F120042046FFF70BFF002884
:10BBA000F5D155F8183C012BF1D155F8143C45F866
:10BBB000180C3BB39A682ABB55F81C2C02F12001E3
:10BBC0005A680A445A6055E905321A6155F8145CFE
:10BBD0002B6903B1DD602022002120460AF047F8DE
:10BBE000286910B18368002B2ED033699B0703D5D9
:10BBF000FFF700FF0028CAD1BDE870401F4B1E4868
:10BC00001B68184755F8100C00282AD0836843BBDE
:10BC10004268636813442033636003692361D4E995
:10BC200005239AB9CBB9436963618269A261B3B153
:10BC30009C61A36903B15C61236903B1DC602022CC
:10BC400000210AF014F8D0E72C46E1E79361A369DC
:10BC5000002BE8D062695A61E5E7F360F7E7F4602A
:10BC6000E7E7F36845F8083C03B15C61F460BCE7C2
:10BC700070BD00BF54080020D4600120500800208F
:10BC800038B50C462C2200210546154809F0EFFF77
:10BC9000144B15481B6898471449154800F038F8AC
:10BCA000232C1CD915F003031FBF043CE418C3F177
:10BCB0000403ED1822460021284609F0D8FF084B5E
:10BCC0000C49C3E90054203C9D606C609A68116087
:10BCD0009A68A1F11021A1F1EF11D161DA6038BDAC
:10BCE000C060012058080020D460012059BB010029
:10BCF00031BA010055AA00FF014B1B68184700BF6D
:10BD00002C080020014B1B68184700BF28080020A2
:10BD1000024B1860024B0020196070472C0800206D
:10BD20002808002010B50A46044619B1024B00212C
:10BD30001B68984710BD00BF30080020F8B50D4EB5
:10BD40000D4C0E4D33680E48984767782B680C48A9
:10BD5000984733680B489847022F08D12478E31F8F
:10BD60005C425C412B68074898472046F8BD002498
:10BD7000F8E700BF54080020EC60012050080020C4
:10BD8000D4090020BC0900200E4B0340B3F1607FB2
:10BD900006D1B1F5885F14BF6FF0860000207047B0
:10BDA000B3F1707F0BD101F4E043B3F5005F06D12E
:10BDB00011F4E06F0CBF6FF08600002070476FF049
:10BDC000860070470000C07F8A42F8B506460D46DF
:10BDD00000F0188101F0FE41B1F1C06F6BD18D4CC4
:10BDE00022F4875121F01F01A14222F0FF0015D05B
:10BDF000894988422CD022F4FF7121F00101B1F170
:10BE0000062F2CD004F5C064A04207D004F574546A
:10BE1000A14203D0A4F58444A1421DD1D1B221BBDB
:10BE20008BB122F4FF7323F00103B3F1062F06D088
:10BE30007A4922F4FF6323F007038B4203D122F4F3
:10BE4000807225F48075954214BF00200120F8BD52
:10BE5000D1B251B9824208D0002BE9D1F3E7D1B277
:10BE600019B9B2F1062F40F0D1806B4E25F4FF7165
:10BE700021F00101B14225F0FF0411D006F58856EA
:10BE8000B4420DD0664F25F47F7626F00306BE42FD
:10BE900006D0644EB44203D006F57456B142BFD109
:10BEA00015F0FF01BCD0604E41F00071B14204BFFB
:10BEB00002462546B4E7B1F1A06F17D102F0FE4368
:10BEC000B3F1A06F40F08C8082EA050333F47E1357
:10BED00040F086802E0440F18380C5F30540C2F314
:10BEE000054290428CBF00200120B0E74F4B9D429D
:10BEF00009D1A3F500439A4200F084804C4B22F410
:10BF00007E109842A0E7B1F1407F69D102F0FE4374
:10BF1000B3F1407F64D182EA050030F47E145FD132
:10BF200031462846FFF730FF00286DD1414B12F40F
:10BF30007C1103EA020318D0B3F1607FC2F305411C
:10BF40003DD13D48D3B243F0007383423DD003F16D
:10BF50007E43043B112B01D83848C45C15F47C1F88
:10BF6000C5F3054333D18C426EE7B3F1607F0DD149
:10BF70003148D3B243F0007383421ED003F17E43B5
:10BF8000043B112BDDD82E49C95CDAE7B3F1707F91
:10BF900019D106F4E043B3F5005F03D10121C6F3E4
:10BFA0000223994006F4E043B3F5005FD6D10120A7
:10BFB000C6F3022600FA06F4D0E71021C1E7B3F178
:10BFC000707FCBD1EEE70024C8E71024C6E712F457
:10BFD0007C1F01D1A34215D02C0401D58B4281E7EF
:10BFE00025F0004323F47F03B3F1106F0CD102F06E
:10BFF000FE43B3F1106F07D11248104040F01060BB
:10C00000A84221E7012022E7002020E7002B7FF44F
:10C0100016AF18E700030006000200060040000605
:10C020000004000600090006FF0000020093C0049F
:10C03000000140050000C07F03000002349C0200A4
:10C04000349C02000000FFF62DE9F0478846924636
:10C050001C4600F023FC064600283CD1D8F80070AE
:10C06000B7F8009009F4E043B3F5804FBB6808BF10
:10C070002AF0010A3AEA030325D164B3BAF5006F46
:10C080002CD0AAF50052D2F1000A4AEB020A2A4B40
:10C0900024F0FF029A4224D114F0FF0504D0274B6C
:10C0A00045F000759D423BD0534622464846F9680C
:10C0B000FFF78AFE054670B953462246484639695D
:10C0C000FFF782FEA8BB6FF0840600233846C8F84D
:10C0D000003000F0A9FC3046BDE8F0874FF0010ABF
:10C0E000D5E7174B9A42D7D0A3F588539A42D3D0BD
:10C0F00024F4FF7323F00103B3F1062FCCD01149D0
:10C100008A42C9D0104A9342C6D0A2F584429342D3
:10C11000C2D004F0FE43B3F1407F04D12304C3D561
:10C120006FF08606D1E7B3F1A06FF7D0034B9C42C6
:10C13000B9E72E46CFE700BF00030006FF0000026C
:10C1400000130006000900060046000670B5114BFA
:10C1500005461B6810480E469847044618B16FF014
:10C160008F04204670BD6B6933602B7F012B04BFA9
:10C1700002232B77094B18BF30601B68064818BF95
:10C180006FF0960498470028EBD0002CE7D06FF0B2
:10C190009604E6E754080020A40900205008002077
:10C1A00038B500F0FE43B3F1407F04460D4602D09F
:10C1B0006FF0860038BDFFF7E7FD0028FAD114F4D0
:10C1C0007C1F12D0C4F30543032B137022D9284AD5
:10C1D0002240B2F1607F3DD1264AE4B244F00074BF
:10C1E00094422BD1102BE5D9E2E7214B2340B3F148
:10C1F000607F15D11F49E3B243F000738B4202D137
:10C2000010231370D6E703F17E43043B112B04D9AE
:10C21000002313706FF08500CCE71749CB5CD3E7A0
:10C22000B3F1707FF4D101F4E043B3F5005FEFD1D7
:10C230000123C1F302218B40DBB2C5E704F17E4448
:10C24000043C112CB4D80D4A125D9342B0D8142B83
:10C25000B0D9DFE7B2F1707FAAD105F4E042B2F5C0
:10C26000005FA5D10122C5F30225AA40EDE700BF7A
:10C270000000C07F03000002349C0200349C0200D6
:10C2800000232DE9F34113604768D0F81480044679
:10C290000E463846114608F04FFF054688B9384625
:10C2A00008F04CFF054660B9FFB277B9B8F1000F4E
:10C2B00005D1A36823F0031323F47F4363B16FF028
:10C2C0008605284602B0BDE8F0810121606908F0CA
:10C2D0000DFF0028EDD1F2E74FF6F87362889A421D
:10C2E00027D8154B15481B682779984710B16FF070
:10C2F0008F05E6E707B901A8314600F08DFA104B2B
:10C3000005461B680D48984710B1002DD9D1EEE7BE
:10C31000002DD6D10FCCD6F800C066460FC694E8E3
:10C32000070086E80700002FCBD1019BCCF8143022
:10C33000C7E76FF08505C4E754080020A409002072
:10C340005008002010B5044660B1074B07481B6831
:10C350009847204608F0F8FDBDE81040044B03481C
:10C360001B68184710BD00BF54080020A409002016
:10C370005008002037B50446C0B101A900F08EFA7C
:10C38000044698B91F4B20481B6898471F4D38BB7F
:10C390000198037F032B11D108F0B9FE2B680446E6
:10C3A0001948984728B10CB96FF08F04204603B0A4
:10C3B00030BD002C08BF6FF08704F7E7022B1BD1BC
:10C3C000032303770379FF2B19D04369104A03F144
:10C3D0004043A3F58053934202D800F009FC044681
:10C3E000019808F094FE2B68002818BF0446064800
:10C3F00098470028DAD0D6E76FF09604F0E76FF0A0
:10C400008404EDE754080020A4090020500800200F
:10C41000FFDFFF3F2DE9F04116461F46002288B09E
:10C42000038805468846CDE9042207963A60002E27
:10C4300062D0B6F1005F80F09E8023F0FF03B3F579
:10C44000E24F02D0B3F5824F22D1284608F0A7FC74
:10C450000446002840F08380EB686BB16A885AB1CB
:10C460002B8803F44F41B1F5824F05D1DBB2222B6B
:10C4700037D02DD8122B39D04246002308EB0601C5
:10C4800012F8010B914243EA0003F9D1002B33D09B
:10C49000284605AA04A9FFF7F3FE0446A0B9049BA9
:10C4A0009B6A63B3049B41465A882846069206AAB3
:10C4B000029203F1280201929A6A00925B6A324664
:10C4C00000F000FB044678B30498FFF73BFF46E01A
:10C4D000273BDBB21B2BCFD8284921FA03F3DB071C
:10C4E000CAD50732B6EBD20FC6D205E040F2092317
:10C4F0009A42F6D1402EBFD86FF086042FE06B68C9
:10C500001B0A07D10799049808F0DEFC04460028AE
:10C51000C8D0D9E732464146284607AB00F0A2FA18
:10C5200004460028EED0CFE70499069B4A88D2B98A
:10C530004B804FF6F873069A04989A4218D82B88C5
:10C5400013B102889A4210D16B8813B142889A4283
:10C550000BD13946FFF7FAFD04460028B4D1204636
:10C5600008B0BDE8F0819A42E3D06FF08604ABE7F3
:10C570006FF08504A8E76FF08504F0E70102000C76
:10C5800038B504460D46FFF7D9FB30B12A4621469F
:10C59000BDE83840024808F0FBBD6FF0880038BDA8
:10C5A000F060012070B51D4E1D4C33681D48984742
:10C5B0002378590744BF23F00403237023789A0794
:10C5C00005D500F00FF9237823F002032370164DF0
:10C5D00014482B689847336814489847637813B118
:10C5E000134808F0D8FD0023042111486370FFF7B9
:10C5F00099FB2B680D48984733680A489847237879
:10C60000DB0705D508F0A3FD237823F00103237091
:10C610002B680448BDE87040184700BF540800204C
:10C62000EC600120BC09002050080020D409002043
:10C63000F06001202DE9F041FFF780FB18B10024E4
:10C640002046BDE8F081364F36483B68984704469F
:10C6500020B16FF08F04FFF7A5FFF1E7324D2B7883
:10C66000D80706D408F071FD04462B7843F0010387
:10C670002B702E4E2B483368984710B1002CE8D011
:10C68000E9E7002CE7D13B68264898470446002894
:10C69000DFD12B78990706D400F09CF804462B785C
:10C6A00043F002032B7033681E4898470028E5D1F9
:10C6B000002CD0D13B681B4898470028C9D133686B
:10C6C000184895F8008098470028C2D13B68184860
:10C6D000984704460028BCD16B7843B918F0010F85
:10C6E00005D0144808F051FD022304466B703368EE
:10C6F0000F4898470028C1D1002CACD13B680948AD
:10C7000098470028A5D12B7806485A075CBF43F00C
:10C7100004032B7033689847002890D099E700BF36
:10C7200054080020BC090020EC60012050080020C3
:10C73000D4090020F060012038B5074C074B204693
:10C740001B689847064B204693F88055054B1B689D
:10C750009847284638BD00BFBC0900205408002077
:10C76000F46001205008002000F140431F2B70B5F9
:10C7700005460E460CD82C22154C02FB0344237FA1
:10C78000022B02D16369834218D06FF08B001AE04C
:10C79000012108F0ABFCB8B10D4B00221C46197FFB
:10C7A000022902D15969A94205D00132202A03F198
:10C7B0002C03F4D1E9E72C2303FB0244204608F0C4
:10C7C00088FC00B9346070BD6FF08700FBE700BFE4
:10C7D000F46001200122024B002083F8802570477D
:10C7E000F46001202DE9F0410A4C002526464FF067
:10C7F000010803272046C4F820802777013508F078
:10C80000A3FB202D04F12C04F4D1002386F88035FD
:10C81000BDE8F081F4600120F8B506460F46FFF749
:10C820008BFF80B300241B4B22461D46197FD1B1DC
:10C830003CB9022905D1196A19B91979002918BF1B
:10C840001C460132202A03F12C03EFD114B96FF0FA
:10C850008C0006E0204608F03CFC204608F074FB03
:10C8600010B100240DE01C46237F7BB90123237700
:10C8700036B1094B651BAD105D4305F18045356050
:10C8800000203C60F8BD6FF08800EAE76FF096008A
:10C89000E7E700BFF4600120A38B2EBA00232DE947
:10C8A000F0410B6090B005460E46FFF745FF0028AB
:10C8B00000F0AF80584B59481B689847804668B9CC
:10C8C00031462846FFF750FF10F18C0F0446544FB5
:10C8D0000AD03B685148984710B10CB96FF08F04EB
:10C8E000204610B0BDE8F08131464046FFF794FF86
:10C8F000044618B13B6849489847F1E7012233687C
:10C9000001465D61336809A85A601C22356809F048
:10C91000AEF9002200236869CDE90623414A00F1FF
:10C920004043A3F580539342CDE90444039405D9D1
:10C93000284608F009FB6FF0870420E006AA03A947
:10C9400008F02CFC0446002837D1039B6A690A933F
:10C95000DBB2002B08BF00220346CDE90000DDE971
:10C9600006010E9209AA00F0DFF810F18A0F0446C2
:10C9700008D030680CBB08F0E7FA6FF0960400238B
:10C980003360A6E704A909A800F084F80446A0B91A
:10C990002846049908F098FA044670B9DDE90601C2
:10C9A00005AB0193AB6A09AA00936B6A00F0BCF86F
:10C9B000044648B1284608F0BCFA306808F0C4FACA
:10C9C00014F18C0FDBD1B6E7059B09ACAB620FCC41
:10C9D0000FC594E8070085E8070033689A68D0041B
:10C9E00013D49A68910444BF42F400629A60336899
:10C9F0001A7F012A04BF02221A77306808F069FB07
:10CA0000044600283FF465AFB9E742F480629A60BB
:10CA1000E7E76FF0880463E754080020A4090020CA
:10CA200050080020FFDFFF3F10B50B4B04461B688A
:10CA30000A48984718B16FF08F04204610BD204671
:10CA400008F065FB064B04461B680448984700281D
:10CA5000F3D0002CF1D1EEE754080020A409002007
:10CA600050080020194610B4002443680C60074C9D
:10CA70001A0AB4EB132F02D0054B9A4202D110BC14
:10CA800000F036BA6FF0860010BC7047004E800090
:10CA90004B4E800010B4002443680C60074C1A0A07
:10CAA000B4EB132F02D0064B9A4202D110BC00F017
:10CAB0001FBA6FF0860010BC704700BF004E8000A8
:10CAC0004B4E80002DE9F04FDFF854B0D0F804E071
:10CAD0000446DDE90989BBEB1E2F0D4616461F46AD
:10CAE000DDF82CA04FEA1E2C0AD0DFF838E0F44520
:10CAF00006D0BCF1000F0FD1BDE8F04F08F0F7B938
:10CB00003B46324629462046CDE90A9ACDF8248094
:10CB1000BDE8F04F00F004BC6FF08600BDE8F08F78
:10CB2000004E80004B4E8000F0B4DFF82CC05468FB
:10CB3000DDE90456BCEB142F4FEA142702D0074C52
:10CB4000A74204D1CDE90456F0BC00F02FBC6FF031
:10CB50008B00F0BC704700BF004E80004B4E800041
:10CB6000F7B5089E0E4FF5B2044645F000754868CB
:10CB7000BD424FEA10200DD010B10A4DA8420CD191
:10CB8000009604F1080008F0CBFB08B905232360E8
:10CB900003B0F0BD6FF08500FAE76FF08600F7E7AD
:10CBA000050000024B4E8000F7B5089E0E4FF5B20F
:10CBB000044645F000754868BD424FEA10200DD08C
:10CBC00010B10A4DA8420CD1009604F1080008F0FB
:10CBD000A9FB08B90523236003B0F0BD6FF0850001
:10CBE000FAE76FF08600F7E7050000024B4E800081
:10CBF0004268044BB3EB122F01D108F02FBC6FF049
:10CC0000850070474B4E800010B50C4C206808F032
:10CC100079FF0B4A1368591C11604BB9094A482027
:10CC2000D2F8003443F00703C2F80034F4F7E2FE10
:10CC30002068BDE8104008F06BBF00BF3808002036
:10CC4000786601200080045038B5164D286808F039
:10CC500059FF154B1C68013C1C60ECB94820F4F7E7
:10CC6000D7FE0722114BC3F80823D3F8002422F083
:10CC70000702C3F80024C3F80041D3F80021C3F829
:10CC80000441D3F804214FF48072C3F80841D3F86B
:10CC90000831074BC3F888212868BDE8384008F000
:10CCA00037BF00BF3808002078660120008004509C
:10CCB00000E100E070B5104D104E2B68B3420DD06E
:10CCC000FFF7A2FF01F09AF801F0D6F840B108F0A2
:10CCD00067FA0446FFF7B8FF44B92E60002405E068
:10CCE00000F036FD044618B1FFF7AEFF204670BDD8
:10CCF00008F05DFCEDE700BF34080020117365000B
:10CD0000F8B505460E4618461C2117461C4608F085
:10CD1000C7FA6B6821491A0AB1EB132F1BD1204ABD
:10CD2000337822611F4A13F00303E26066610CD07E
:10CD3000023303F00303012B26D86B880733DB088B
:10CD40006360194B23600020F8BD6B880733DB0854
:10CD50006360164BF6E7164B9A4212D16A69154B7F
:10CD60001344022B13D90023224642F8183FC4E98A
:10CD7000033362616A69104B9A4201D12023E7E7CD
:10CD800047B1C4E90067DEE76FF08400DCE76FF0CD
:10CD90008500D9E76FF09600D6E700BF4B4E8000C4
:10CDA0001DD4010077550200000000204000815191
:10CDB000004E8000FF3F008004C0FF7F0022074B31
:10CDC000C3F81021C3F80C21C3F80021C3F80421D3
:10CDD000C3F80821C3F81421704700BF0050045065
:10CDE00008B5FFF7EBFF01230360104B0A6832B967
:10CDF000D3F80C211AB9D3F80821002AF6D00B6811
:10CE00007BB90B4B99420ED0A3F58473D3F808314C
:10CE1000002B0CBF4FF0FF306FF00200FFF7CEFF8A
:10CE200008BD0020FAE74FF0FF30F7E7005004504C
:10CE30000851045038B505460C4691B10021012037
:10CE400007F0BAF908480949C0F80055C0F8044588
:10CE5000FFF7C6FF00210446084607F0ADF920465B
:10CE600038BD6FF00104FAE700500450005104503F
:10CE7000034B0449C3F800050348FFF7B1BF00BFE7
:10CE800000500450045104500450045010B504469E
:10CE90000021012007F090F9064B0749C3F800452F
:10CEA0000648FFF79DFF00210446084607F084F975
:10CEB000204610BD00500450085104500850045042
:10CEC00038B50C4659B1074D0749C5F80005074864
:10CED000FFF786FF10B9D5F80835236038BD6FF02D
:10CEE0000100FBE700500450105104500C50045056
:10CEF00070B51C4E44680288B6EB142F43884FEA85
:10CF0000142513D14069184B98420BD003F5FF4309
:10CF10007D330344012B02D8B2F5105F20D06FF0AF
:10CF2000860016E047F212139A42F7E70F4885424F
:10CF3000F5D102F44F40B0F5824F0BD144F21210FC
:10CF4000073382424FEAD30301D15B000133002053
:10CF50000B6070BDB2F5885F02D10733DB08F6E7DE
:10CF60000223F4E7004E800001C0FF7F4B4E80009B
:10CF70002DE9F047804600244FF010091E4E94B072
:10CF80000DF1270525F01F0506F1200A01221021C9
:10CF90001A4808F070F92B190093524610232021EB
:10CFA0001548CDF8049000F00DFD0746F8B9D6E914
:10CFB0000C321034013342F10002302CC6E90C323D
:10CFC000E4D1B8F1000F04D022464146284608F0CB
:10CFD00045F92E46084C0FCE0FC496E80F002035B9
:10CFE00084E80F0095E80F00103484E80F003846FD
:10CFF00014B0BDE8F08700BF002D0020202D0020D8
:10D00000F0B5194D194FAB6B8DB0BB4229D0184EFE
:10D01000306808F077FD402300221946284608F0C2
:10D0200034F93021684608F051F9044678B9684669
:10D03000FFF79EFF044690B9302302461946684622
:10D0400008F023F901220023C5E90C23AF633068FF
:10D0500008F05EFD204608F0A3F80DB0F0BD0E24E8
:10D06000F5E70020F9E700BF002D0020B4A5B4A526
:10D070003C0800202DE9F04F99B00DF1570802F15E
:10D080000F0982460E46144628F01F084FEA191968
:10D0900022B1002967D0B2F5803F64D8334F344DB8
:10D0A000386808F02FFDD5E90C3213430BD15046F8
:10D0B000FFF7A6FF834630B1386808F029FD5846CF
:10D0C00019B0BDE8F08FD5E90C2319EB020243F14A
:10D0D0000003B3F5803F14D3302102A808F0F6F81E
:10D0E000B8B902A8FFF744FF83460028E4D13023F3
:10D0F0000246194602A808F0C8F800220023C5E934
:10D100000C23DFF870A03CB92046FFF731FF8346BF
:10D11000D2E76FF0920BCFE7102C4FF001024FF0E7
:10D1200010015046A14628BF4FF0100908F0A3F89F
:10D13000102352462021CDE900830D4800F042FC27
:10D1400083460028B8D14A463046414608F068FD7B
:10D15000D5E90C32013342F10002C5E90C32A4EBEF
:10D1600009044E44CFE76FF0860BA8E73C08002087
:10D17000002D0020202D0020F0B40568049C8DBBFC
:10D1800014F47C1604600AD0C4F30546194D24F447
:10D190007E14AC42466029D1F0BC00F07DB8164D3B
:10D1A0002540B5F1607F0DD1144FE5B245F0007513
:10D1B000BD4215D005F17E45043D112DE6D8104E37
:10D1C000765DE3E7B5F1707FE0D10D8805F4E047C7
:10D1D000B7F5005FDAD10126C5F30225AE40D5E7E9
:10D1E0001026D3E76FF08800F0BC70476FF0850021
:10D1F000FAE700BF0002C0030000C07F0300000286
:10D20000469C020010B4046844B15AB1084B24F49F
:10D210007E149C4208D110BC08F08DB86FF08800D5
:10D2200010BC70471046FBE76FF08500F8E700BFC1
:10D230000002C003F8B51E46036805460F4603B357
:10D2400011B34168914222D8124A23F47E139342CB
:10D2500011D108F0D9F8044678B905F10C01384627
:10D260006A6808F0DDFC6B684FF4AA7128463360E9
:10D2700008F016F803E06FF09604002333602046B0
:10D28000F8BD6FF08804FAE76FF08604F7E76FF0F7
:10D290008904F4E70002C0032DE9F0410E4611466F
:10D2A00032881D46B2F5105F0446736830D10F2DE9
:10D2B0000AD819481A0AB0EB132F07D0174B9A4215
:10D2C00004D06FF0860220E0202DFAD804F59A777A
:10D2D0002A46384604F58C7808F0A2FC2A464346D4
:10D2E00039463046FFF70CFD024670B9414604F15D
:10D2F000200000F0C3FB024618B1BDE8F04107F082
:10D300004FBF1023A360012323771046BDE8F081AF
:10D310006FF08502F9E700BF4B4E8000004E8000A1
:10D320002DE9F04F1D4600238BB0DDF85890DDE964
:10D33000146AC9F8003004460F469046CAF8003017
:10D3400066B34268184BB3EB122F2AD102A9D0F86A
:10D3500014B0FFF7CDFD0146C8B9029B9E421AD317
:10D360005FFA8BFB594643463A46204600F0B0F838
:10D37000014660B92B465846CDE9006A03AA00F081
:10D3800047FA014618B9BDF80E30C9F80030084612
:10D390000BB0BDE8F08F6FF08901F8E76FF0860100
:10D3A000F5E76FF08501F2E74B4E800030B4074C93
:10D3B000041961F10005032C75F1000502D330BC9E
:10D3C00000F026BA6FF0850030BC7047FF3F008048
:10D3D0006029F8B505460E4618D80E4F386808F093
:10D3E00091FB284608F0C7F807F0DAFE044640B97A
:10D3F00009493246284608F013FC6021064807F028
:10D400004FFF386808F084FB2046F8BD6FF08904B0
:10D41000FAE700BF400800200000002008B50378AC
:10D420009B0705D00548602107F03AFF002008BDA2
:10D4300008F0BDF80028F5D00220F8E70000002031
:10D44000F7B5224943680446B1EB132FDAB239D15C
:10D45000032A03D16FF0840003B0F0BD466901A92F
:10D46000F5B2284608F031F80028F5D16A46214681
:10D47000019807F0FFFF0028EED10446009FA74265
:10D4800019D89DF8043007F0070223F01F0343EA80
:10D49000820301A88DF804308DF80560FFF7BEFF08
:10D4A0003946284608F02CF80028D5D103B0BDE84D
:10D4B000F04008F03DB86019FFF7DAFC0028C9D148
:10D4C0000134DBE76FF08B00C6E700BF4B4E8000F6
:10D4D0002DE9F04F89B007460C4615461E4608F068
:10D4E00027F878B97B690090C3F3013262F3051025
:10D4F0008DF8000010F0300007D1B96889070FD00F
:10D500006FF0860009B0BDE8F08F102808D1BDF893
:10D51000023023F4F87343F4A873ADF8023068E0E6
:10D52000F968DFF814C261453ED0DFF810C26145EA
:10D530003DD11421009B61F3933300933B88B3F5F5
:10D54000105F2ED100234FF0010B984619469C46E0
:10D55000D7F808E0DFF8E89159F804AB1EEA0A0FA3
:10D5600008D00BFA0CF343EA080303F07F08012309
:10D5700041EA0A010CF1010CBCF1070FECD12BB10F
:10D580009DF8033068F347038DF803303EEA01014C
:10D5900007D17B88FF2B15D00CD8802B3CD0C02B1B
:10D5A0003CD06FF08500ADE72421009BC3E7DBB2E0
:10D5B000F82BC6E7B3F5807F32D0B3F5C07FF0D14A
:10D5C000062300E003239DF8021063F306118DF893
:10D5D000021010B91EF0030F92D13B79022B2CD010
:10D5E00020D8012B8CD1BDF8021063F3C811ADF81F
:10D5F0000210012A3AD0032A24D0002A80D13B8885
:10D60000B3F5105FCDD1182E04D0202E02D0102EED
:10D610007FF476AF4B4F2DE00123D4E70223D2E70E
:10D620000423D0E7032B02D0FF2B7FF469AF022144
:10D63000BDF8023061F3C8136FE7BDF8023043F460
:10D64000C0736AE7412E0ED0202E05D006D8102ECA
:10D6500002D0182E7FF454AF3B4F0BE0302EFBD09E
:10D66000612E7FF44DAF0135013EF5E7302E7FF49A
:10D6700047AF364F4FF000080F364FEA1619C14535
:10D6800015D11F2E1CD81C22002101A808F0EFFA8A
:10D690004FF0000A4FF0FF39D04518D11F2E04D9A2
:10D6A000BA20FFF7F3FB002835D100202AE704EB6E
:10D6B000080007F001FE00283AD008F10108DEE773
:10D6C0004146204607F01CFF0028DCD01AE707EB94
:10D6D0000A124FEA0A130692BAF1000F1ED1009AFD
:10D6E0000792BDF802202B44C2F3C11205920DF13E
:10D6F000040C03F1100E624618685968083303C21F
:10D7000073459446F7D101A904EB0A00FFF792FB99
:10D7100038B107F00DFF6FF09200F3E6CDF81C90E2
:10D72000DFE71C2101A807F0BBFD0AF1010AB3E7FE
:10D730006FF08A00E6E600BF0002C0030044400428
:10D74000187A02004000815100000020108404502B
:10D7500010B590B01C22002101A808F088FAF8202A
:10D7600007F0AAFD08B3202200200DEB0201FFF70D
:10D7700081FC0446F8B901A84FF4807107F070FEEF
:10D780000E4B0F4904930F4BCDE901130E4BF821BB
:10D79000069320230DEB0302FFF79AFE2021044697
:10D7A0000DEB010007F07CFD05E0F92007F084FD9A
:10D7B0000028D8D10446204610B010BD0010C00487
:10D7C00000240001014B4E80F800FF7F73B5C5B205
:10D7D0000E46284601A9144607F077FE88B9BDF821
:10D7E0000630C3F3C113013BDBB2022B8FBF6FF0D6
:10D7F0008600054AD25C054B9EBF13433360C4E9E3
:10D80000005002B070BD00BF589C0200004B4E801B
:10D810002DE9F04385B0884601A9064614461D4609
:10D820000C9F07F052FE48B9B6F1F80348F1FF38F3
:10D83000022B78F1000804D26FF0860005B0BDE835
:10D84000F08307F075FE0028F8D1002CF4D09DF885
:10D85000048018F00F0240F09780BDF80630C3F343
:10D86000C113013BDBB2022B00F291804F4908F05B
:10D870003008C95C4E4BB8F1100F43EA01036360F6
:10D8800038D14C4B2360204602A9FFF731FB00281A
:10D89000D4D1029BBB4200F2868044F2121221884E
:10D8A0000198914204BF042205F8012B0D9A2146EC
:10D8B00013609DF804302A78C3F3011363F3010267
:10D8C0002A7003AA08BF07F1FF3707F0D3FD00282D
:10D8D000B4D12B78039A6E7062F384032B70238883
:10D8E00003F44F42B2F5824F49D139462846FFF73B
:10D8F0006FFDA3E7134691469DF807102E4849088F
:10D90000D9B94946204607F0ABFD019BC3F38533E7
:10D91000142B1DD0242B40D1284B4FF41052E36020
:10D920009DF806302280C3F30213013B052B37D844
:10D93000DFE803F023101B1D3620CA0705D5062B90
:10D9400028D850F8232049EA020949080133D7E7CB
:10D950001B4BE2E7C0236380B8F1000F93D119F0AD
:10D96000030F90D06FF0960068E7FF23F3E74FF4C2
:10D970008073F0E74FF4C073EDE78023EBE7B3F576
:10D98000885F7FF45BAFB0E76FF0880056E76FF019
:10D99000910053E76FF0830050E76FF092004DE77E
:10D9A0006FF098004AE76FF0890047E7589C020043
:10D9B000004B4E8001108001187A02000002C00363
:10D9C000004440042DE9F3411D464FF48073284C78
:10D9D0008046002017460E46019300F099F901ABEE
:10D9E00023601123234A0121C4E9022304F1100317
:10D9F000636040F61103E36104F1200363612123B6
:10DA0000089AE3621C4B46F000561A60099A45F0EA
:10DA1000005542F00052C3E901122022C4F81080E0
:10DA2000A6612762A5626162DA60BFF35F8F4FF083
:10DA3000A3421460BFF35F8FBFF35F8F1361BFF327
:10DA40005F8FBFF35F8F03235363BFF35F8FBFF31A
:10DA50005F8F9363BFF35F8F07F034FE431C044670
:10DA6000FAD0002000F07EF9204602B0BDE8F08137
:10DA70008C660120040000207C66012070B50446FD
:10DA80000D4619B10A688B681AB953B96FF02106AF
:10DA90003BE033B94B6823F00802102A01D0202B59
:10DAA00035D12046256107F07DFE064600282CD1A1
:10DAB000184B04F17801236001236360AB6804F123
:10DAC00014009A069B01DBB202F0E0421A4342F4D2
:10DAD0008032112300F020F8AB6893B92A68A3695B
:10DAE0001A606B68A26943F0005393602268A369CF
:10DAF00092699268DA60A3691033A36163680133A5
:10DB0000636000221023C4E90223304670BD6FF029
:10DB10004106FAE7347A0200026100F114028260E1
:10DB200000F110024160C2600A60426803499160DE
:10DB30004268D3604368103343607047040000209C
:10DB4000BFF35F8F094A1368BFF35F8F43F480719F
:10DB5000BFF35F8F1160BFF35F8F23F48073BFF358
:10DB60005F8F1360BFF35F8F704700BF001080515D
:10DB700008B5FFF7E5FFBFF35F8F064A1368BFF3F1
:10DB80005F8F43F00103BFF35F8F1360BFF35F8FBD
:10DB900008BD00BF0010805170B50026C0E90066C6
:10DBA00005460C46FFF730F801232B70FFF7C8FF3E
:10DBB000BFF35F8F204BDB68BFF35F8F9B08013B98
:10DBC000ACB3226842B19A4205D9FFF73DF86FF035
:10DBD0003F002E7070BD1346D4E90115E06800299E
:10DBE00008BF4FF40071002808BFF1202469BFF37B
:10DBF0005F8F114A9360BFF35F8FBFF35F8F156430
:10DC0000BFF35F8FBFF35F8F5064BFF35F8FBFF3CE
:10DC10005F8F5163BFF35F8F44F4802444F00104AD
:10DC2000BFF35F8F1460BFF35F8F0020D2E74FF424
:10DC30000071F1202546DAE70010805170B50378B5
:10DC40000D461446002B53D0BFF35F8F2D4A136B44
:10DC5000BFF35F8F5908C3F34203052B4BD011F07C
:10DC6000060F02D14FF0FF3070BD4368D3B9BFF348
:10DC70005F8F5368BFF35F8F032BF3D9224B234988
:10DC8000BFF35F8FD2F88060BFF35F8FBFF35F8F0A
:10DC900043F8046BBFF35F8F8B42F1D1FFF768FF4E
:10DCA00001234360BFF35F8F164B9A68BFF35F8F0A
:10DCB0000132B4EB021F21D8BFF35F8F5A68BFF364
:10DCC0005F8FB4EB820FCDD884B1BFF35F8FD3F8F1
:10DCD0008020BFF35F8F291D05F8012B8D424FEA8D
:10DCE000122204F1FF34EFD0002CF5D10020BBE765
:10DCF0006FF02000B8E76FF05100B5E76FF03F001C
:10DD0000B2E700BF001080511010805120108051E8
:10DD100010B50446FEF778FF104B186807F0F2FEC6
:10DD20000CB101232370BFF35F8F4FF0A343002298
:10DD3000DA61BFF35F8FBFF35F8F4FF0FF321A637B
:10DD4000BFF35F8FBFF35F8F3422DA61BFF35F8F62
:10DD50000122034BC3F8042310BD00BF400800207C
:10DD60000080045010B5044638B9FEF76DFFBDE8D9
:10DD70001040074B186807F0CBBE03783BB1FEF7A5
:10DD800063FF034B186807F0C3FE0023237010BD28
:10DD90004008002038B5164CD4F80051C5B1BFF387
:10DDA0005F8F4FF0A343996ABFF35F8FBFF35F8F1D
:10DDB0004FF0FF321A63BFF35F8F0023C4F80031C6
:10DDC000D4F800310B4B1868BDE8384007F0B3BEFB
:10DDD000D4F8083153B100F06BF807F05FFEC4F8D7
:10DDE0000851D4F808310121034BECE738BD00BFDE
:10DDF00000800450480800204408002008B5074B64
:10DE0000186807F087FE064B186807F083FEBDE828
:10DE10000840002248201146F3F70EBE48080020B3
:10DE20004408002038B5094B1C7864B1084B4FF00A
:10DE3000FF311D68284607F06FFE4FF0FF310446A2
:10DE4000284607F076FE204638BD00BF2398012003
:10DE50004808002010B5064CE36C3BB9214651F848
:10DE60004C3B986907F01EFE0123E364014810BD96
:10DE7000BC6601200867012010B50B4B0B4C2360DA
:10DE800003F5C04363602461FFF7E4FF50B1236DE5
:10DE90000020B3F5007FCCBF4FF480634FF40073D4
:10DEA000A36010BD0E20FCE700208051BC6601205D
:10DEB00000487047BC66012070B50F4E0F4C0546F8
:10DEC000306807F01FFE206830B980220C49FFF748
:10DED000D1F870B9202323602368094A013B2360ED
:10DEE000002452F823202A60306807F011FE2046F3
:10DEF00070BD0224F8E700BF4C080020286701200D
:10DF00002C6701202DE9F0434FF0000985B005464C
:10DF1000CDF8049000F10C07EFF31188402383F350
:10DF20001288BFF36F8F8368594003EA02060A40E4
:10DF300053400E4901AACDE9023906F0E4FD019CE7
:10DF40003CB12046C4F8C0900021646E06F032FD5A
:10DF5000F6E7DDE9023223EA020338464146AB60C8
:10DF6000FDF76AF8304605B0BDE8F083C55B0200F6
:10DF700008B5054B044613B10021AFF3008001F052
:10DF800023F92046F4F718F800000000F8B50E4B0E
:10DF900006461D68AB789B0712D56F6816F8014BD3
:10DFA00029462CB90A20B847002805DB204609E09D
:10DFB0002046B8470028F1DAAB7843F00403AB7091
:10DFC0004FF0FF30F8BD00BF7C7402000CB430B5D8
:10DFD00089B005460C461C22002101A807F047FE27
:10DFE000022305958DF806300D4B029323462CB184
:10DFF000B4F1004F28BF4FF00043013B1D440DAA70
:10E000000C9901A80695009200F082FA14B1059BC4
:10E0100000221A7009B0BDE8304002B0704700BF5E
:10E02000656002002DE9F047002280460F4618F88F
:10E030000230511C202B00F08281A3F1090004283A
:10E0400040F27D812B2B0E4636D02D2B39D09946B0
:10E05000002549F02003692B35D06E2B5CD00021C0
:10E060004FF00A0C08460C460A4615F4006A66D0C2
:10E0700049F0200EAEF16103052B60D8AEF1570ECA
:10E080005FFA8EFEF44540F3DB8045F0800315F423
:10E09000807F9BB262D013F4807F03F4007572D04E
:10E0A000BEF1000F18BF44F0010405B9013118F8A2
:10E0B00006901D460136D8E7002518F80190961CF9
:10E0C000C7E74025F9E79F4B4FF0FF4413F8011BCA
:10E0D00049B118F80620701C42F020028A421ED076
:10E0E000994A934228D121462046EBF72BFB48B9A9
:10E0F00018F80630282B05D1013618F806300136FD
:10E10000292B0ED16B0601D504F100440FB1464412
:10E110003E602046BDE8F0878C4B8D4CD6E7064626
:10E12000D4E723F02002413A192AE6D9A3F13002BC
:10E13000092AE2D95F2BE0D000240026E6E7A9F106
:10E14000300E5FFA8EFEE64525DA45F0800315F4C1
:10E1500080799BB29FD1BCF10A0F05D007289ADDC8
:10E1600045F4C0739BB296E7082894DD45F4C0736C
:10E17000BEF1040F9BB28ED9BEF1050F4FF0020421
:10E1800008BFCE4687E705B1013902FB0CE2002A41
:10E190008DD001308BE7BEF1FE0F51D1AB054BD5D1
:10E1A0002B06C9D5BAF1000F40F09480013E002A39
:10E1B00000F0C3802B0540F1AB801931B2F1007F34
:10E1C000C0F09380B2F1806F80F0928011F17E0FE9
:10E1D000C0F28E8042EA040303F00302032A04D053
:10E1E00003F00602062A40F089800433B3F1806F01
:10E1F000C0F0848001317F2900F39C80DC087F31EE
:10E2000024F4000444EAC154204600F0B3FF01386E
:10E21000022804D84F4B222207F02CFF1A50204628
:10E2200000F0A8FF013802283FF66CAF494B2222CC
:10E2300007F020FF1A5065E745F400739BB236E7FC
:10E2400049F0200305F0800C782BE64609D1BCF19B
:10E25000000F06D02AB945F400634FF0100C9BB2B2
:10E2600025E7BCF1000F3FF467AFBAF1000F33D0E0
:10E2700089004FF0700C9C4598D118F8063006F1D3
:10E28000010C2B2B04D02D2B29D145F48065ADB288
:10E2900018F80C30A3F1300CBCF1090F86D806F148
:10E2A000020C66464FF00A094FF0000CBCF1DF0F7C
:10E2B000DCBF303B09FB0C3C18F806300136A3F1FB
:10E2C000300EBEF1090FF1D96B0548BFCCF1000C3F
:10E2D00061446BE72E23CBE74FF0650CCBE7A3F14E
:10E2E000300EBEF1090FDCD960E75200013965E755
:10E2F00002F00103013143EA520263E77F2919DC8E
:10E30000B3F1007F4FEA9304BFF479AF002179E7BE
:10E31000084410F12D0F0BDB27280BDC02F0010065
:10E320002043013002EB900007F041FD044676E700
:10E33000002474E74FF0FF4471E70024E2E60A4648
:10E3400075E600BFA79C0200AA9C0200A49C0200E4
:10E350000000C07F0C000000242A2DE9F041044693
:10E3600001D8012A4CD1364B162207F083FE1A50F1
:10E3700001B10C6000273846BDE8F08135462E46D5
:10E3800016F8010B2028F9D0A0F109070346042F45
:10E39000F4D92B2836D02D2837D14FF0010CAE1CE4
:10E3A0006B78302B38D1307840F0200078282FD18E
:10E3B00032F010002CD173783446102202360CF162
:10E3C000004000270138B0FBF2FE02FB1E08392B8B
:10E3D00082BF03F1FF3343F02003263B303B9A42D8
:10E3E0001ED9774502DC03D1984501D24CF0020CCE
:10E3F000354607FB0237344615F8013B2E46E6E763
:10E400000546BCE74FF0000CC9E74FF0000CC8E729
:10E41000002A08BF0822D2E7002A08BF0A22CEE756
:10E4200001B10C601CF0010F18BF7F421CF0020FFD
:10E43000A1D0034B2222074607F01CFE1A509AE790
:10E440000C000000242AF0B5044601D8012A40D16E
:10E450002E4B162207F00EFE1A5001B10C60002060
:10E46000F0BD2F463D4615F8010B2028F9D0A0F14C
:10E4700009060346042EF4D92B282CD02D282CD1A4
:10E480000126BD1C7B78302B2DD1287840F0200050
:10E49000782824D132F0100021D16B782C4610223C
:10E4A00002350020392B82BF03F1FF3343F02003F4
:10E4B000263B303B9A421AD9A0FB02040CB9C01883
:10E4C00001D346F002062F462C4617F8013B3D4685
:10E4D000E8E70746C6E70026D3E70026D3E7002A89
:10E4E00008BF0822DDE7002A08BF0A22D9E701B1E8
:10E4F0000C60F20748BF4042B307B1D5034B22225C
:10E5000007F0B8FD1A504FF0FF30A9E70C000000EB
:10E510002DE9F04F43688DB015468046029383780D
:10E520009A0740F10D8100240E78002E00F00A8138
:10E53000252E0BD04B1C0393013441463046029BE1
:10E5400098470028C0F2F6800399EDE74E788B1CBF
:10E55000252E0393F0D00027B946BB46BBF11F0F11
:10E5600038D8A6F12003102B0AD8DFE803F02A09D7
:10E5700009300909092109090928092D09091F007C
:10E58000A6F13003092B33D92A2E37D11BF0400FC7
:10E5900055F8043B40F08280002BA7BF4BF0200BC6
:10E5A0009946C3F100094BF0280B01E04BF0010B39
:10E5B000039B13F8016B0393002ECFD130E04BF097
:10E5C000020B4BF0040BF3E74BF0080BF0E74BF0BA
:10E5D000100BEDE7BBF17F0F19D8A6F13003092B23
:10E5E000D2D81BF0400F03D00A2101FB0737DFE729
:10E5F0000A214BF0200B01FB0939D9E72E2E06D159
:10E600001BF0400F40F09E804BF0400BD0E76C2E8B
:10E6100031D02BD8682E36D06A2E3CD04C2E3AD032
:10E62000002F46F02003B8BF2BF04002A3F1650194
:10E63000BCBF00271FFA82FB022901D9612B2FD111
:10E6400007350727DFF8ACA225F0070508351BF0D2
:10E65000080F66D00AEB070B56465E4563D1A4EB64
:10E660000A0AA9EB070906EB0A026FE1742E9FD094
:10E670007A2E9DD0D4E71BF0800F18BF4BF4007B9F
:10E680004BF0800B94E71BF4807F18BF4BF4007BAA
:10E690004BF4807B8CE74BF4207B89E71F4687E7B0
:10E6A000A6F16301122900F2F080DFE811F01300F7
:10E6B0004F00EE00EE00EE00EE004F00EE00EE0028
:10E6C000EE00EE00EE00FE00E900EE00EE001B00A2
:10E6D000EE00AF0055F8043B01270DF1180A8DF844
:10E6E0001830B4E755F804AB834BBAF1000F08BFFC
:10E6F0009A461BF0400F504614BF39464FF0FF3189
:10E7000007F0F3FA0746A2E741462020029B98470C
:10E7100000280FDB013EB742F6D34C44B146A41BA0
:10E7200098E74E46F7E7414616F8010B029B9847DB
:10E73000002892DA98F8023043F0040388F8023097
:10E740004FF0FF3420460DB0BDE8F08F1BF0800F76
:10E7500034D01BF4007F2CD0073525F00705AA46DE
:10E7600069685AF8080B2BF010050029ADB237DAAA
:10E77000404245F4806561EB41010DF1180B0A231D
:10E780005A4607F0BEFAA0EB0B0301936B0662D565
:10E79000019B25F001019F4289B240F3A180002E28
:10E7A00000F0998015F0100240F09C80BB460D46A9
:10E7B00023E0AA465AF8040BC117D4E7AA461BF473
:10E7C000807F5AF8041B01D10846F5E71BF4007F4F
:10E7D00019BF48B241F3C01108B241F3C031C2E7DA
:10E7E00050EA0103C9D11BF0400FC6D0002FC4D19D
:10E7F0002BF01102BB46019795B240F2064115EA93
:10E8000001021CBF0BF1010B00222CE02BF01002C7
:10E810000A231FFA82FB1BF0800C49D01BF4007105
:10E8200015BF0735AA4625F007055AF8040B1EBF89
:10E83000AA4669685AF8080B50EA010545D12BF041
:10E8400016051BF0400FADB242D0002F40D12BF087
:10E850001702019795B215F0100248D0019B002EC7
:10E8600042D103F1010B29075AD4EB0706D5D9454C
:10E870006FDDA9EB0B030199CB465F185B4649E0BE
:10E880004BF0100B10237826C5E7782B04D1C6F186
:10E89000780343F01003BEE741462520029B9847CA
:10E8A0000028FFF647AF023447E608230026B2E708
:10E8B000AA461BF480715AF8040BBDD01BF40071FA
:10E8C0001ABFC0B2614680B2B6E72BF0060295B21D
:10E8D0000DF1180B54E725F01105BB46ADB28CE7DE
:10E8E0000D46B8E73B460D4603F1020BBBE7DDF8EA
:10E8F00004B082E7B69C0200AF9C0200CDE904326E
:10E9000041462020029B98470028FFF613AF049B46
:10E91000059A01339945F1DCA4EB0B019B46CC1819
:10E920000AB341463020029B98470028FFF602AF09
:10E930008EB901342744391B019B994224DC1D46C2
:10E9400055BB019AA9EB0B09554622441446914444
:10E9500033E0019F92E7023441463046029B9847DC
:10E960000028E7DAE6E640F206410D42E2D015F073
:10E97000020F04F10104414614BF2B20202015F49E
:10E98000806F18BF2D20E9E741463020029B0134FB
:10E9900098470028CFDACDE606AB013D4146585DE9
:10E9A000029B98470028CBDAC4E641462020029B10
:10E9B000013498470028FFF6BDAEA9EB0403002BF5
:10E9C000F3DCC1E5014B5843C00C70474F93120074
:10E9D000024B5843C00C0130704700BF4F931200E8
:10E9E0001A232DE9F04FB0FBF3FA334E03FB1A0361
:10E9F00089B004460D4606EB0A1653B9D6E9002342
:10EA0000C1E90023D6E90201C5E9020109B0BDE868
:10EA1000F08F2A4A02EBC303D3E9008904AB4046D6
:10EA200049460093D6E9022307F089FA06AB8346EC
:10EA30000F46404649460093D6E9002307F07FFA87
:10EA400000238146DDE9066216EB0B0652EB070850
:10EA500028BF012333B1049B059A013342F1000220
:10EA6000CDE904322046039100F0C4FB07461A208A
:10EA700000FB0AF000F0BEFB3F1A32464346484610
:10EA80000399009707F076FA0D4A4FEA141C6400C8
:10EA900004F01E0352F82C40DC4004F00304241858
:10EAA000304641F10001DDE90423C5E9004141465A
:10EAB000009707F05FFAA7E758710200887002001C
:10EAC000607A02002DE9F04F1A2700F11905DFF8EE
:10EAD000E0A089B004460E46B5FBF7F56F434FEA58
:10EAE000051B0AEB05153A1A0AD1D5E90023C1E93D
:10EAF0000023D5E90201C6E9020109B0BDE8F08FA3
:10EB00002C4B03EBC203D3E9008904AB40464946D2
:10EB10000093D5E9022307F012FA5AF80B206B682C
:10EB2000013ACDE9020106A963F1000340460091D4
:10EB3000494607F004FA8A46029900238146DDE936
:10EB400006526D18039952EB010828BF012333B117
:10EB5000049B059A013342F10002CDE904323846A4
:10EB600000F048FB0746204600F044FB3F1A2A46C7
:10EB7000434648465146009707F0FCF90E4A4FEAD3
:10EB8000141C640004F01E0352F82C40DC4004F016
:10EB9000030401342418284641F10001DDE904236F
:10EBA000C6E900414146009707F0E4F9A3E700BF3A
:10EBB0002872020088700200B47A02002DE9F04742
:10EBC00020F0004804460546B8F17E5F0DD18A4921
:10EBD000EAF724FC054689492046EAF71FFC01466E
:10EBE0002846EAF713FB044613E003D9BDE8F047D3
:10EBF00000F0E2BAB8F17C5F58D2B8F1485F0BD2AE
:10EC00007F49EAF703FB4FF07E51EAF7C3FD002886
:10EC10004CD02046BDE8F0870146EAF7FFFB794972
:10EC20000546EAF7FBFB7849EAF7F0FA2946EAF7E6
:10EC3000F5FB7649EAF7E8FA2946EAF7EFFB74496B
:10EC4000EAF7E4FA2946EAF7E9FB7249EAF7DCFA5F
:10EC50002946EAF7E3FB7049EAF7D8FA2946EAF7CA
:10EC6000DDFB6E4906462846EAF7D8FB6C49EAF711
:10EC7000CBFA2946EAF7D2FB6A49EAF7C7FA2946EE
:10EC8000EAF7CCFB6849EAF7BFFA2946EAF7C6FB80
:10EC90004FF07E51EAF7BAFA01463046EAF772FCC5
:10ECA0002146EAF7BBFB014620469AE724F00041E3
:10ECB0004FF07E50EAF7A8FA4FF07C51EAF7AEFB2E
:10ECC00050490646EAF7AAFB4F49EAF79FFA314650
:10ECD000EAF7A4FB4D49EAF797FA3146EAF79EFBBB
:10ECE0004B49EAF793FA3146EAF798FB4949EAF7C4
:10ECF0008BFA3146EAF792FB4749EAF787FA314641
:10ED0000EAF78CFB454981463046EAF787FB4449E0
:10ED1000EAF77AFA3146EAF781FB4249EAF776FAEE
:10ED20003146EAF77BFB4049EAF76EFA3146EAF7EB
:10ED300075FB4FF07E51EAF769FA8246304607F0DC
:10ED400038F93A4B0746984519D951464846EAF7EB
:10ED500019FC3946EAF762FB3946EAF757FA0146E9
:10ED6000EAF754FA3249EAF751FA01462248EAF73B
:10ED70004BFA002D0446D8BF00F1004449E720F4C7
:10ED80007F680146EAF742FA044628F00F08514628
:10ED90004846EAF7F7FB01462046EAF73FFB4146C3
:10EDA00081464046EAF73AFB01463046EAF72CFA3C
:10EDB000044641463846EAF729FA01462046EAF772
:10EDC000E1FB0146EAF722FA01460C48EAF71CFA91
:10EDD00001464846EAF718FA414604464046EAF733
:10EDE00015FA01461348EAF70FFA01462046EAF7FA
:10EDF0000BFA01460F48BAE7DB0FC93F2EBD3BB304
:10EE0000CAF2497108EF1138047F4F3A4611243D88
:10EE1000A80A4E3E90B0A63EABAA2A3E2EC69D3D05
:10EE20006133303F2D57014039D119409999793FCD
:10EE30002EBD3B33DB0F493FF8B521F000460346BA
:10EE4000B6F1FF4F05D820F000420746B2F1FF4F60
:10EE500004D91846EAF7DAF9034610E0B1F17E5F0B
:10EE600003D1BDE8F84000F0CDB98C1704F00204DE
:10EE700044EAD0746AB9022C03D0032C04D018469B
:10EE8000F8BD35493548E5E733493548EAF7BCF977
:10EE9000E2E736B9002F304901DA3248F6E7324866
:10EEA000D8E7B6F1FF4F21D1B2F1FF4F16D1022CB6
:10EEB00008D0032C0CD0012C274901D02B48C9E7DE
:10EEC0002B48E3E72B492948EAF7A8FA2249C1E78A
:10EED00029492648EAF7A2FA1F49D7E7022CD0D0E1
:10EEE000032CD1D0012C33D00023C8E7B2F1FF4F5F
:10EEF000D0D0921BB2F1F45F4FEAE25010DB1F4911
:10EF00001948EAF781F90346012C17D0022C18D0D2
:10EF1000002CB4D01A491846EAF778F90F49B5E73A
:10EF2000002901DA3C3007DB1846EAF72BFB20F01A
:10EF3000004000F067F9E6E70023E5E703F100434E
:10EF40009DE70F491846EAF761F9014603489DE736
:10EF50004FF0004393E700BF6042A20DDB0F494032
:10EF6000DB0F49C0DB0FC9BFDB0FC93FDB0F493FD8
:10EF7000DB0F49BF00004040000040C02EBD3B33C6
:10EF80002EBDBB332DE9F84320F000430446B3F116
:10EF9000FF4F04D90146EAF739F9044605E04FEA84
:10EFA000D07605D1002E40F0C3802046BDE8F8831E
:10EFB0006049884204DD0020BDE8F84300F0F4B861
:10EFC000002807DA5C4A934204D90020BDE8F843E0
:10EFD00007F042B8594A934271D9594A934251D8DD
:10EFE000584B204653F82610EAF70EF9564B0546C3
:10EFF00053F82670C6F10103A3EB060839462846EC
:10F00000EAF702F9044621462046EAF707FA4F4993
:10F010000646EAF703FA4E49EAF7F6F83146EAF708
:10F02000FDF94C49EAF7F2F83146EAF7F7F94A49AF
:10F03000EAF7EAF83146EAF7F1F94849EAF7E6F87B
:10F040003146EAF7EBF901462046EAF7DDF80146DA
:10F0500006462046EAF7E2F98146B8F1000F43D1AF
:10F060004FF080413046EAF7CFF801464846EAF7CC
:10F0700089FA2146EAF7C8F801464FF07E50EAF7D0
:10F08000C3F88AE736492046EAF7C8F9354B53F802
:10F090002610EAF7BBF8EAF787FB8046EAF76AF939
:10F0A00031490646EAF7BAF901462046EAF7ACF8D4
:10F0B0002E4905463046EAF7B1F907469EE7B3F117
:10F0C000505F0CD22A492046EAF7A0F84FF07E5153
:10F0D000EAF760FB30B14FF07E5120465BE74FF01E
:10F0E000000890E780468EE731464FF08040EAF70F
:10F0F0008BF801464846EAF745FA01463846EAF7F2
:10F1000083F82946EAF780F801464FF07E50EAF787
:10F110007BF818F17D0F02DB00EBC85445E708F1DE
:10F1200064084FF0586100EBC850EAF777F934E70C
:10F1300000243AE71772B142B5F1CF421872B13EDE
:10F140009115853F107B0200087B02004CBB3133D8
:10F150000EEADD3555B38A38610B363BABAA2A3E41
:10F160003BAAB83F187B02008071313FD1F71737B7
:10F17000CAF2497130F000400DD0A0F50003B3F1A0
:10F18000FE4F0AD3421E074B9A4208D9A0F1FF4313
:10F1900058425841704702207047042070470320AE
:10F1A000704700BFFEFF7F0008B1024870474FF074
:10F1B000FF407047000080FF08B5FFF7DBFF014804
:10F1C00008BD00BF0000C07F38B5074D074C641B69
:10F1D000A41024B9064B0BB1AFF3008038BD013C3D
:10F1E00055F824309847F4E70000000000000000C4
:10F1F00000000000024B5843C00C0130704700BFB4
:10F200004F93120020F00043B3F1A14F2DE9F041DC
:10F210000446804612D3B3F1FF4F06D90146E9F701
:10F22000F5FF04462046BDE8F0810028684901DD6D
:10F230006848F4E76848E9F7E7FFF2E7674A93426E
:10F240000ED8B3F1445F08D26549E9F7DFFF4FF00C
:10F250007E51EAF79FFA0028E4D14FF0FF361CE018
:10F26000604A20F0004493427CD8A2F5D002934239
:10F2700066D821462046E9F7C9FF4FF07E51E9F7ED
:10F28000C3FF05464FF080412046E9F7BFFF014626
:10F2900028460026EAF776F9044621462046EAF792
:10F2A000BDF801460746EAF7B9F84F490546EAF7BF
:10F2B000B5F84E49E9F7AAFF2946EAF7AFF84C49F5
:10F2C000E9F7A4FF2946EAF7A9F84A49E9F79EFFBA
:10F2D0002946EAF7A3F84849E9F798FF2946EAF7EB
:10F2E0009DF84649E9F792FF3946EAF797F844490D
:10F2F00007462846EAF792F84249E9F785FF29468A
:10F30000EAF78CF84049E9F77FFF2946EAF786F8E3
:10F310003E49E9F779FF2946EAF780F83C49E9F7E1
:10F3200073FF2946EAF77AF801463846E9F76EFF97
:10F330002146EAF773F8731C014633D120467AE779
:10F340004FF07E512046E9F75FFF05464FF07E51B2
:10F350002046E9F75BFF014628460126EAF712F945
:10F3600004469AE72B4A934215D84FF07F51204626
:10F37000E9F74AFF4FF07F5105462046EAF74EF87D
:10F380004FF07E51E9F742FF014628460226EAF790
:10F39000F9F8044681E721461F48EAF7F3F8032607
:10F3A00004467AE71D4B53F82610E9F72DFF214656
:10F3B000E9F72AFF1A4B014653F82600E9F724FF24
:10F3C000B8F1000F0446B8BF00F100442AE700BFBF
:10F3D0006821A233DA0FC93FDA0FC9BFFFFFDF3E52
:10F3E000CAF24971FFFF973FD769853C59DA4B3D17
:10F3F000356B883D6E2EBA3D2549123EABAAAA3E1A
:10F4000021A215BD6BF16E3D95879D3D388EE33D84
:10F41000CDCC4C3EFFFF1B40000080BF207B020094
:10F42000307B0200704703460A46F0B41979DB8846
:10F4300000681343DC028768066906D513F4402F81
:10F4400003D0DA0748BF83F44023012534688D4098
:10F4500023F48012DB074CBF2C43AC4334603B6881
:10F46000F0BC184710B5E9F7D9FF00210446EAF7C8
:10F4700087F938B14FF07C502146E9F7C7FEEAF72B
:10F4800093F910BD4FF03F40F6E7704738B505F0EF
:10F490009FFB4FF47A74A0FB040547F61222002369
:10F4A00004FB0151EAF716FA38BD04F086BF70B5C7
:10F4B00006460D46144686B018220021684606F01E
:10F4C000D6FB69460020CDE90165ADF80C40F6F7A2
:10F4D000FBFC06B070BDEEF785BE05F0C3BA10B5F3
:10F4E00086B0009201220393089B019204930022AC
:10F4F00007238DF808208DF814309DF814308268A9
:10F5000043F002038DF8143094680B4602226946DA
:10F51000A04706B010BD836800EBC101B3F5004FF2
:10F520002CBF51F8220031F81200704700EBC101E6
:10F530008068B0F5004F2CBF41F8223021F812301E
:10F540007047012208B5FFF7E6FFD04008BD836889
:10F5500000EBC101B3F5004F08D34B681AB143F07B
:10F5600001034B60704723F00103FAE74B881AB19F
:10F5700043F001034B80704723F00103FAE7530087
:10F580000122FFF7D3BF8368B3F5004F34BF0423D4
:10F590000823C91A081AC00870478368481CB3F5C5
:10F5A000004F34BF042308230833A0EBD300B0FA84
:10F5B00080F0C0F11F0070472DE9F041174603228B
:10F5C0000E460446FFF7A7FF8642054607F10408EA
:10F5D0000AD10122E368BA4023EA0203E360002370
:10F5E00044F82830BDE8F081314602222046FFF77A
:10F5F00092FF06462B4601460322204644F8285037
:10F60000FFF794FF334629462046BDE8F041022229
:10F61000FFF78CBF70B50D4686680446FFF791FF73
:10F62000B6F5004F014601D3012809D02046FFF767
:10F63000B4FF294602462046BDE87040FFF7BCBF34
:10F6400070BD2DE9F0470546FFF7A7FF05EB800ADF
:10F65000DAF8109088460646B9F1000F1BD0032750
:10F66000DAF8104028462146FFF76BFF404507D3E4
:10F67000324621462846FFF79FFF2046BDE8F08727
:10F68000032221462846FFF746FF013FCAF8100033
:10F6900001D08145E4D14FF0FF34EB680136B4402E
:10F6A0001C40EAD094FAA4F2B2FA82F2131D55F883
:10F6B0002340DEE72DE9F04114460E460546FFF7EC
:10F6C00040FFA4EB0608371B074442463146284654
:10F6D000FFF755FF3A4621462846FFF750FF4346BD
:10F6E000002221462846FFF721FF21462846FFF742
:10F6F00028FF3B46211800222846BDE8F041FFF7CD
:10F7000015BF2DE9F041164604460F46FFF719FFD5
:10F71000314605462046FFF714FF05442A46394680
:10F720002046FFF72CFF31462046FFF70AFF2B4605
:10F73000311800222046BDE8F041FFF7F7BE2DE961
:10F74000F0410D4686680446FFF7FBFEB6F5004F14
:10F75000014601D3012832D02046FFF71EFF04EBFB
:10F7600080010E6996B90122E36882401343E36089
:10F7700002220D612B4629462046FFF7D7FE0322C1
:10F7800029462046BDE8F041FFF7D0BE02223146AF
:10F790002046FFF7C0FE0746034629462046FFF7EE
:10F7A000C5FE0322334629462046FFF7BFFE3946F1
:10F7B0002B462046FFF7BAFE02223146E1E7BDE8BC
:10F7C000F081F8B50C460546FFF7BBFE261801226E
:10F7D00031462846FFF79FFEC3070CD43146284622
:10F7E000FFF718FF21462846FFF7ABFE21462218F7
:10F7F0002846FFF786FF002221462846FFF78BFEAA
:10F80000271A012239462846FFF785FE10EA02062C
:10F8100013D139462846FFF7FDFE214632462846D9
:10F82000FFF779FE2246211A2846FFF76AFF214694
:10F8300032462846FFF76FFE241A21462846BDE8C7
:10F84000F840FFF77CBF38B571B105680022284643
:10F85000FFF799FE044601462846FFF778FE214649
:10F86000BDE83840FFF7ADBF38BD70B5056809B9D0
:10F87000002070BDAB6801F00704B3F5004F2CBF4A
:10F880000822042207341444E40804EBD1049C4207
:10F8900028BF1C4628462146FFF7D3FE064600280F
:10F8A000E6D001462846FFF74CFEA04209D9344471
:10F8B000314628462246FFF7FDFE21462846FFF73F
:10F8C0003EFF284601223146FFF741FEAB68B3F503
:10F8D000004F34BF0423082303EBC6031844C8E7D2
:10F8E0001146FFF7C2BFB2F5802F2CBF08230423B7
:10F8F0002DE9F0410026D21A8C18CD1D25F0070500
:10F9000024F00704641BE408056021462846AC6027
:10F91000EE60FFF742FE421D9200013002F1070740
:10F920004FEAD7073146A2F1100205F11000B8BF27
:10F93000324606F09CF93A4631462846FFF71FFE4C
:10F940003346324631462846FFF7F0FDA4EB070860
:10F95000284631460122FFF7FAFD42463946FFF7B5
:10F960000EFE3B46324639462846FFF7DFFD21466C
:10F970002846FFF704FE4346324621462846FFF755
:10F98000D5FD214628460122FFF7E1FD3946BDE8B5
:10F99000F041FFF7D4BE002070470FB407B504A9AB
:10F9A00051F8040B0191F1F711F903B05DF804EB84
:10F9B00004B070470FB407B504A951F8040B0191C6
:10F9C000F1F704F903B05DF804EB04B0704708B533
:10F9D000EFF31183402383F31288BFF36F8FEFF3AC
:10F9E000108372B6F2F76AFC038B13F0070305D19C
:10F9F0000368002B0CBF002003207047022B05D1A9
:10FA0000408BB0FA80F0400980007047012B05D18F
:10FA10000368002B0CBF00200520704700207047B2
:10FA200010B50C4600B111B96FF0150010BD081DDE
:10FA300000F0B7F80028F9D1A368032BF6D9F3E753
:10FA40002DE9F0410D4607461946281D90461E46F1
:10FA500000F0BBF8044638B13346424629463846E2
:10FA6000A446BDE8F0416047BDE8F08110B4EFF373
:10FA70001182402484F31288BFF36F8F416110BC60
:10FA80000121F1F7EFB838B50C46054658B151B130
:10FA90000B6843B14B6833B11C22002106F0E7F834
:10FAA00000202C6138BD6FF01500FBE770B50546EE
:10FAB0000E46FFF7B5FF041E14DBEFF3118240235F
:10FAC00083F31288BFF36F8F4FF6FF716B8B2C8B14
:10FAD0008B4204F0070407D182F31188BFF36F8FC4
:10FAE0006FF00A04204670BD022C0CD101336B83E9
:10FAF00082F31188BFF36F8F0023224631462846D8
:10FB0000FFF79EFFEEE7062C14D8DFE804F004139D
:10FB10001313041A0400002333606B683BB9C5E972
:10FB20000066ACB902212846F1F79CF8DAE71E60BE
:10FB30006E60F6E782F31188BFF36F8F6FF00404F5
:10FB4000D0E782F31188BFF36F8F6FF08504C9E7A8
:10FB500082F31188BFF36F8FC4E710B5EFF3118202
:10FB6000402383F31288BFF36F8F048B04F00704E4
:10FB7000022C0AD0012C0CBF6FF004006FF085003E
:10FB800082F31188BFF36F8F08E0438B013B9BB278
:10FB9000438323B92146F1F765F8204610BD20467E
:10FBA000EEE7034640B1426802F00302022A06D0A3
:10FBB000032A04D0012A05D06FF0150070471A6897
:10FBC000002AF9D000209860704710B542680346BB
:10FBD00002F00302022A4FF00004816007D0032ADA
:10FBE00002D05C60002001E018685C6010BD1868FD
:10FBF0005C600028F6D0FBF785FEF3E7704770B431
:10FC00001E461546DDE9032381690468C06B06FBC7
:10FC10000141294484682468A44670BC604707B544
:10FC20001021019104990091FFF7E9FF03B05DF8FD
:10FC300004FB00224B6801334B60C069924208BF4D
:10FC4000834208BF4A607047F7B5426C856952002D
:10FC5000AD1A63F10006099B2A4600933346044619
:10FC6000089FFFF7DCFF50B92046626C08975219D5
:10FC700046F1000303B0BDE8F040FFF7D0BF03B08A
:10FC8000F0BD10B5411C04460F22FF20F6F770FAB4
:10FC9000207010BD10B5437804468B4209D1411C39
:10FCA0000F22FF20F6F764FA23781B1A58425841B6
:10FCB00010BD0020FCE710B541780446FFF7EAFFCD
:10FCC00040B14FF6FF7362889A4206D16068431CC8
:10FCD0005842584100F0010010BD0020FAE770B50D
:10FCE000064608460D461446FFF7E5FF08B9002012
:10FCF00070BD20466178FFF7CDFF0028F7D06388FC
:10FD0000002BF4D163680133F1D1A268B3699B1A67
:10FD1000726CB3FBF2F102FB1133002BE7D1687870
:10FD20006378C31A58425841E2E773B5DDE90656D5
:10FD3000CDE900560446FFF787FF20B93246294631
:10FD40002046FFF7CCFF02B070BD30B50C46D1E9BC
:10FD500000130546426C8BB0521843F10003C4E90E
:10FD60000023406CA969A1EB40018A4213D1ABB9D1
:10FD7000E9699A184B1E06A9C4E90023019102A95A
:10FD800028460091FFF7D1FF002805DB08D1D5E90F
:10FD90000223C4E9002300200BB030BD013BEAE799
:10FDA000089B2360F7E710B58269416C86B0521A50
:10FDB00002AC63F100030094FFF731FF002808DB79
:10FDC0002046FFF778FF30B100209DF80920089BFE
:10FDD0001A7006B010BD6FF00100FAE72DE9F04F80
:10FDE00007464FF0FF398DB08A461699CDE90623B4
:10FDF0000291179908AD03910DF1170BDDE9068605
:10FE00003846424633460095FFF709FF0446B0BB2B
:10FE1000384606A9FFF799FF044680BB099B534566
:10FE200017D14FEAE973984208BF4E450AD03346CE
:10FE300042463846CDF800B0FFF7B5FF831C22D10B
:10FE40008DF8174028469DF81710FFF723FFF0B9EB
:10FE5000B146DDE90623DDE90210834208BF8A428C
:10FE6000CCD1189A0CAF2B4603CBBB42106051602B
:10FE70001D4602F10802F6D1199BC3E9008620460F
:10FE80000DB0BDE8F08F0028DCD00446F7E7012470
:10FE9000E7E70368012B81BFC91801F1FF315B421D
:10FEA000194008467047FAF775BB2DE9F04389B051
:10FEB0000746DDE910851DB9002009B0BDE8F083D3
:10FEC0008169066803FB0166036C16441C68644282
:10FED0002C400DD0C06B83684246D3F80490314665
:10FEE0002346C8470028E8D12D1BE5D02644A0446E
:10FEF0002A464146684605F093FE3C6C0DEB050032
:10FF000022686179521B05F0B2FEF86B23688268A3
:10FF1000314654686A46A047CFE737B51025CDE98A
:10FF20000015D0E902230446FFF7BFFF024650B98F
:10FF30002946206CFFF7ADFFD4E902311B1A61F1AD
:10FF40000001C4E90231104603B030BD2DE9F04193
:10FF50004FF0FF3200268CB004960592ADF81220C7
:10FF600044F2012207920DF10F02009232461D4623
:10FF700004460696FFF717FF831CB0463DD18DF867
:10FF80000F60A269616C12EB08024FEA410145F172
:10FF90000003521A08A963F1000320460091FFF7FD
:10FFA0003EFE00282BDB9DF80F309DF821105A1CD7
:10FFB000D2B2914208BF02338DF80F2008BF8DF8EE
:10FFC0000F309DF80F3004A88DF81130FFF759FE5F
:10FFD000D4E90267A369626C13EB080345F10005DD
:10FFE0009B1A65F100052046C4E9023504A9FFF714
:10FFF00094FF20B9C4E9026701E00028C1D00CB029
:020000040002F8
:10000000BDE8F0811FB504461022FF21684605F0C7
:100010002EFE0023ADF8023023696846029394F85F
:1000200020308DF80130FFF72CFE69462046FFF79F
:1000300074FF04B010BD30B58BB004461022FF2110
:1000400002A805F014FE0023A268ADF80A30636C24
:1000500006A89B18049394F8203010228DF80930DC
:10006000236C597905F003FED4E9021341BB626C9D
:10007000A1695000884288BF013BA1EB4202C4E95C
:10008000022302A8FFF7FDFD02A92046FFF745FF66
:10009000204604F10801FFF7CCFD04F12003009392
:1000A000D4E902232046FFF77EFE831C4FF00005B3
:1000B00014D184F82050E3680020C4E904530BE015
:1000C000D4E90402814273EB0202D0D3204606A990
:1000D000FFF723FF0028C7D00BB030BD0028EAD0BF
:1000E000FAE737B5CDE900121546D0E904230446F6
:1000F000FFF7DBFE00280CDB2946206CFFF7C9FE6A
:10010000D4E904321B184FF0000042F10002C4E9A8
:10011000043203B030BD2DE9F04F00F12005A9B045
:100120000095D0E902230446FFF73DFE831C0BD166
:10013000D4E902232046FFF709FF60BB0095204663
:10014000D4E90223FFF72FFE28BB002294F82030C9
:1001500020460493E3680AA9CDE90A23FFF769FD65
:100160000A9BA56905930B9B20460693059BED18FA
:10017000069B43F10006636CED1A10AB66F10006B6
:1001800001931CAB00932A463346CDE90C56FFF78A
:10019000CCFD002802DA29B0BDE8F08F2CD09DF804
:1001A00071300DF1500984F82030636C5B00EB1A5C
:1001B000089366F100030993129BCDE90C36DDE943
:1001C0000CA8204652464346CDF80090FFF727FD85
:1001D0000028E0D120460CA9FFF7B7FD0028DAD1AE
:1001E000484694F82010FFF755FD98B9DDE908322C
:1001F000424508BF5345E2D1049B204684F8203095
:10020000FFF700FF0028C6D1DDE905232046FFF7F0
:100210009DFEC0E7BDF85230002BE7D0D4E90223A1
:100220000EA9039118A902912046CDE90023159942
:10023000CDE90EA8FFF7D2FD0028ACDBDDE90E23E7
:10024000434508BF5245D1D1BDF85260082E23D98D
:10025000C3462269169F1692226C1268524202F01F
:1002600020030793079D20ABB54228BF3546009376
:100270003A465B4620460195FFF7C1FC00288AD12B
:100280002A46204620A9FFF72CFF002883D1EF192A
:100290004BF1000B761BE5D1049B48468DF851309D
:1002A000FFF7EFFC49462046FFF737FE00289DD0B8
:1002B00071E72DE9F04F04469BB028B96FF01505A2
:1002C00028461BB0BDE8F08F00F12408404604F03A
:1002D0003AF9E06B8368DB6898470246206400289F
:1002E000ECD01021FFF7D5FD60641368013B1F2B94
:1002F000E4D8A36900EB80008342DFD3E369012BDC
:10030000DCD900220023CDE904234FF0000A4FF08E
:10031000FF324FF0FF334046FAF7C4F8D346D146D8
:100320000EAE12AFE36999450BD3E06958454ED143
:10033000BAF1000F4BD14046FFF7B5FD6FF08505D0
:10034000BEE7626CA1695000884294BF4B46A9F198
:100350000103A1EB42022046CDE90076CDE904235A
:10036000FFF772FC0546002840D19DF8493084F81B
:100370002030159B03F47023B3F5803F24D232461E
:1003800039462046FFF7ABFCF0B1159B0BF1010B92
:1003900003F47F42B2F5844F04D1DBB2012B40F06D
:1003A00073818246204604A9FFF743FCDDE904235C
:1003B0002046CDE90076FFF7B8FC051E16DB9DF858
:1003C000493084F82030B0D009F10109AAE781450D
:1003D000616CDDE9042356D1521A0AAE204600961C
:1003E00063F10003FFF71BFC054618B14046FFF719
:1003F0005AFD65E7304694F82010FFF74BFC18B91A
:10040000204604A9FFF715FCDDE904670EAB0DF1EA
:100410004809019332463B462046CDF80090FFF74D
:1004200013FC05460028E1D1159B03F47023B3F5B6
:10043000803F12D24846FFF73EFC70B1159B03F493
:100440007F42B2F5844F10D1DBB2012B0DD0404674
:10045000FFF729FD6FF07A0532E732463B4620462A
:10046000FFF774FD05460028C0D104F12003009376
:1004700032463B462046FFF796FC831C05461DD1BD
:10048000002384F820300027636C049A059E5B00EB
:10049000B2EB030B66F10006BA46B146CDE904B6ED
:1004A00002960396029B5F45B3410AD3DDE904231C
:1004B000C4E904A9C4E9022306AE3CE00028E2D066
:1004C00094E716AB00935A4633462046FFF7A7FB46
:1004D000054600288AD194F8201016A8FFF7DAFB09
:1004E00078B1BDF85A102F46082908D9206CFFF7BB
:1004F000D0FC189BDDF80C9018444719BA46CDE99A
:1005000004B6636CBBEB03039B4666F10006C9E7C8
:10051000D4E90232D4E904018A4208BF834204D1FB
:10052000BDF81A10002940F0B280616C5B1A62F1CC
:100530000002C4E90232D4E90223D4E90401824270
:1005400073EB01010ED320460096FFF768FB0546CA
:1005500000287FF44BAF304694F82010FFF79AFB49
:100560000028D5D1626CA3695200E1689B1A61F141
:100570000001CDE90431204604A9FFF75AFB0EAB78
:10058000019312AB00932046DDE90423FFF7CDFB76
:10059000051EFFF62BAFD4E90237012D666C25D17D
:1005A0009DF84920F61884F8202047F100070DF146
:1005B0005809626CA369CDE90467A3EB42039E422C
:1005C00024D30026D4E90223002E3ED00022204668
:1005D00004A9CDE90423FFF72CFBDDE90423204621
:1005E000FFF7B4FC054600287FF400AF636CA269F6
:1005F000A16803EB4303D21A91423BD04046FFF778
:1006000052FC0123002584F8213059E632463B464E
:100610002046CDF80090FFF702FB054600287FF446
:10062000E5AE48469DF85910FFF734FB28B1BDF8F8
:100630005A3013B9179B013305D0636C9B191E46C2
:1006400047F10007B5E70126BCE72046FFF77EFC2F
:10065000054600287FF4CAAE626CA36902EB420231
:100660009B1AE2689B192046C4E90462A360FFF765
:1006700052FDB7E72046FFF7C5FC05464046FFF7A9
:1006800012FC002DBDD01BE66FF07A05F6E76FF087
:100690001C05F3E72DE9F04F894617461E4605462F
:1006A00085B0002800F08A8090F82130002B00F0FF
:1006B00082803146006CFFF7ECFB6B6CAA6903EBA0
:1006C0008301521A9642824678D8B6F5803F75D299
:1006D000002E43D1002818BF9A4605F124084FF098
:1006E000FF324FF0FF334046F9F7DCFE4FF0000BCE
:1006F000EB695B455CD0D5E90221002A38D0D5E909
:1007000004431AEB040043F10003824299412FD3C2
:100710006B6C9A422AD010220021684605F0A7FA95
:1007200095F82030082ECDF80490ADF802608DF8D1
:1007300001302AD8731E072B04D83246394602A846
:1007400005F06EFA6846FFF79CFA69462846FFF7FF
:10075000E4FB002814BF0446344622E077B30028A7
:10076000BBD0082E94BF9A469A44B6E7002ED2D04A
:100770002846FFF760FC044698B92846FFF7CBFCF3
:10078000044670B90BF1010BB2E768460294FFF71B
:1007900078FA324639462846FFF7A3FC044600287B
:1007A000D3D04046FFF77FFB204605B0BDE8F08F71
:1007B0006FF01B04F5E76FF00C04F5E76FF015041C
:1007C000F2E700231A46FFF765BF2DE9F04F0E460A
:1007D0001546984604468BB0002851D090F8213039
:1007E000002B50D0D0E902234FF000090DF1100A80
:1007F0000DF1180BCDE902BAD4E90201CDE90001EF
:1008000031462046CDE90423FFF7E8FA002834DB1F
:100810000FD051462046059F09F10109FFF795FACF
:1008200058BBDDE9042314994945E3D2079AB24243
:1008300002D06FF0010020E0BDF81A60002EF8D061
:10084000082E0AD83DB1B0454246284628BF324658
:1008500008A905F0E5F930460FE0089A002DFAD016
:1008600002443B462046464594BF0196CDF804809D
:100870000095FFF7C4F90028EDD00BB0BDE8F08F6C
:100880006FF01500F9E76FF00C00F6E737B50025BB
:1008900000951C46FFF799FF002802DBA04228BF05
:1008A000204603B030BD002307B51A460093FFF77A
:1008B0008CFF03B05DF804FBC3691BB11B790020FA
:1008C0000B7070476FF057007047C3693BB1DB682E
:1008D0002BB1DB691879B0FA80F04009704701202C
:1008E000704770B5C56904460E460DB103232B71E0
:1008F0002046FFF7EAFF98B103212046B0470028C1
:1009000002DA10F1860F0BD1012125B920463346BA
:10091000BDE87040184720462971B04700232B716D
:1009200070BD704770B54C680368A34201D20120C6
:1009300070BD8A682244934201D30020F8E74E69D3
:10094000D1E90325B54203D36FF00B038B61F4E7C4
:100950001B1B42F835304368086902EBC002536044
:100960000B6901330B61E2E737B50C46C0B201A950
:100970001546F0F7DBFA00280CDB019850B1214650
:100980002A46F0F7F9FA04460198FFF7CAFF204615
:1009900003B030BD6FF01504F9E770477047F0F70A
:1009A0006FBAF0F775BA0020F0F732BB034610B506
:1009B00008460AB10021116053B1D0B1411E11F8AF
:1009C000010F80B113F8014BA04201D13D28F6D1AF
:1009D00000200EE0013313600AE03D2808D0B0FA91
:1009E00080F0400905E018782F28F6D1002AF1D1CF
:1009F000012010BD2DE9F341DDF8208007460C46AB
:100A000015461E460190B8F1000F07D0D8F8001027
:100A100081B9D8F804E0BEF1000F14D1384601A91D
:100A2000F0F724FB58B1C76833462A46214601989F
:100A3000B84704E001AAFFF7B9FF0028E9D1002078
:100A400002B0BDE8F081D8F808302A460893214664
:100A50003346F446019802B0BDE8F04160470830E3
:100A6000704713460A46D0E90001FFF70FBFF0B503
:100A7000002704464FF0004585B080F85C7000F117
:100A8000080608236A4629463046FFF7FFFE831C06
:100A900021D1B5F1004F4FF000070FD108232946AF
:100AA00030460DEB0302CDE90277FFF7F3FD002896
:100AB00002DB3846C4E9155705B0F0BDA36D3046DA
:100AC000CDE902370823616D0DEB0302FFF7E2FD6C
:100AD00000EAE070F0E70028EEDB0099B9420ED1A1
:100AE00094F85C20C5F34303934217D8009B019808
:100AF0002F466565A3650028DED00546C1E7304670
:100B0000FFF75FFE0028D7DB08236A4629463046F8
:100B10000097FFF7BFFD0028E2DACDE784F85C30EC
:100B2000E4E77FB500F10805044628460E46FFF7C6
:100B300048FE002818DB284606F18041FFF741FEF9
:100B4000002811DB46F0010608236A463146284694
:100B5000FFF79CFE002807DB009939B9314628468B
:100B6000FFF72FFE002818DA04B070BD08232846CE
:100B70000DEB0302FFF78AFE0028F5DB019B0BB9A2
:100B8000029AA26503930823284600990DEB0302FD
:100B9000FFF780FD0028E1DAE6E70199C1B10823FB
:100BA00028460DEB0302FFF771FE0028DCDB009BFB
:100BB00028460293082301990DEB0302FFF76AFD13
:100BC0000028D1DB039B0BB9009BA3650020CBE77A
:100BD000009B6365FAE72DE9F04F9BB00446884619
:100BE000CDE90223002900F0A2804A21404605F009
:100BF0007CF8029B009093B3039BB3FA83F56D09D5
:100C00004FF0000940460099EFF77CFFCB464FF0CC
:100C1000FF3620F0404020F01F0040F000430193D9
:100C200004F1080A019B504603EB4B073946492360
:100C300007AAFFF72BFE831C13D1B6F1FF3F08BFB5
:100C40005E4694F85C300BF1010B5B45EADA4B45EC
:100C50001CD3002D5FD000201BB0BDE8F08F012514
:100C6000CEE70028F8DB002200F168036B4403F8AC
:100C70004C2C009B984206D11A46404607A905F025
:100C800002F8002840D009F10109DAE7B9F10F0FA5
:100C900050D884F85C90002DDDD1019B43EA4907D0
:100CA0000125DDE90223504607F18041FFF7F2FC00
:100CB0000028D1DB002DCED000230693636D002BDE
:100CC0002FDA636D47F00105059329460823504646
:100CD00005AAFFF7DFFC0028BEDBA36D5046059395
:100CE000616D082305AA0695FFF7D4FC0028B3DB45
:100CF000636D4246C4E9155339465046009BFFF7E1
:100D0000C9FC00EAE070A7E7002DCAD039462046AA
:100D1000FFF707FFA0E7019F760006F01E063743A6
:100D2000BEE72046FFF7A3FE0028CADA94E76FF07B
:100D3000150091E76FF01B008EE72DE9F0410D469D
:100D400007464A2194B0284604F0CFFF01462846C2
:100D5000EFF7D8FE002620F0404424F01F0407F1EE
:100D6000080866F344044923404601AA44F00041C0
:100D7000FFF78CFD031E09DC97F85C300136B342A7
:100D8000EFDA0024204614B0BDE8F0810022503391
:100D90006B44284601A903F84C2CECF7B4F9002861
:100DA000F0D0E9E710B5044671B1FFF7C6FF68B1AE
:100DB00020F0404121F0010104F1080041F04041E0
:100DC000BDE81040FFF76FBD6FF0150010BDF8B51E
:100DD000044616461D46C1B1BAB1FFF7AEFFB0B129
:100DE00020F0404020F0010040F0404708342B46FE
:100DF000324639462046FFF749FDA84207D1394619
:100E00002046BDE8F840FFF74EBD6FF01500F8BD75
:100E100004F02DBF04F004BF01460068F0F7C0BA2B
:100E200008B5F0F7EDFABDE80840F0F70DBB00217A
:100E30000120F0F7B5BAD0F8A83083F30B887047DB
:100E40006FF08500704761B662B680F31188BFF31A
:100E50006F8F704708B5FFF7A2FD72B6002383F3CA
:100E60001188BFF36F8FBFF34F8F30BFFFF799FD2E
:100E700062B6BFF36F8F08BD10B50446FFF78FFD54
:100E800072B6002383F31188BFF36F8FBFF34F8FC8
:100E900020BFFFF786FD84F31188BFF36F8F62B622
:100EA00010BD40E800F313F4803FD8B208BF6FF0E4
:100EB0001500704730B50C684B6885B00A894D89BC
:100EC0000094013B24F01F04234402F01F0242EA75
:100ED000451223F01F0369468DF808200393F0F7AD
:100EE00089FE05B030BD08B5F1F76EF8002008BDE9
:100EF0007047002303824369C3607047816A896831
:100F0000F1F7C6B8EFF31182402383F31288BFF3E1
:100F10006F8F00230B60436833B9C0E9001182F37F
:100F20001188BFF36F8F704719604160F7E7034680
:100F300010B5EFF31181402282F31288BFF36F8F57
:100F4000006828B15C680268A0421A6008BF5A6055
:100F500081F31188BFF36F8F10BD027A01320272E4
:100F60007047034618465B68002BFBD17047426808
:100F700010B52AB10B461C465B68002BFBD16260A2
:100F8000416010BD10B5044620B908460B7A013304
:100F90000B7210BD034618465B68002BFBD1FFF7B0
:100FA000E6FF2046F5E783680B440360704703685B
:100FB0000B6043684B6083688B607047838802686E
:100FC00019448180D018704730B484880568A3180C
:100FD0008380281930BC04F023BE10B583880268D2
:100FE0005C1C8480D154D01810BD034600689A88D8
:100FF000401A11441860998070470268531E0360BC
:1010000083880133838002F8011C7047034682887D
:10101000521A8280006808441860704703460068CE
:101020009A88521A01449A801960704710B5036873
:1010300001211C78FFF7EAFF204610BD10B50368B8
:1010400002211C88FFF7E2FF204610BD026880687D
:10105000101A70478388C2888168D21A03685B1AA5
:10106000D01A704710B50C46017822788AB08A42AF
:101070000FD06946F1F768F9204605A9F1F764F940
:1010800010220DF115010DF1010004F0FCFD0AB074
:1010900010BD012A06D0022A07D072B940886388A1
:1010A000C01AF4E740686368FAE71022611C013057
:1010B0000AB0BDE8104004F0E6BD6FF01500E6E7A9
:1010C000042A0AD0102A0DD0022A4FF0000315D1AD
:1010D00003700B88438001207047012303700B6865
:1010E0004360F8E7022300F8013B01F1100351F8D7
:1010F000042B994240F8042BF9D1ECE718467047CD
:10110000012310B50621044600F8013BF6F764FF01
:1011100018B9A37963F03F03A37110BD0B68036096
:101120008B8883808B798371037823F002030370AB
:1011300070470078C0F34000704738B50446807AA5
:10114000F0F77AFF6169054649B1637ADB0704D499
:10115000836A20461B689B68984700236361214689
:101160002846BDE8384003F096BA2DE9F04101F178
:101170000C080C46054600F10C01404617461E4679
:10118000FFF715FF4046FFF761FF012310FA87F0D4
:1011900068826B72394640462F82FFF737FFE3685B
:1011A000284673600023628AE36072816382346040
:1011B000BDE8F08138B50C46D1E900320546DA6069
:1011C0000B684A895A820868F0F7E2FF204610222D
:1011D000002104F04CFD2846BDE83840FFF7ADBFC4
:1011E000438A23B9C068B0FA80F0400970470020F4
:1011F000704770470F2807D80D280BD8052808BF5F
:10120000032018BF02207047132803D01A2808BFF4
:101210000120F6E70120704738B5C3681D78B3F8A0
:10122000010065B90F21F2F747FE044638B129469F
:10123000F2F7AEFD2046BDE83840F2F767BD38BD95
:10124000034610B5D3E8EF0F40EA0102C3E8E42FEC
:10125000002CF7D110BD01210C30FFF7DFBE70B5B7
:10126000C56801212888F2F727FE044690B16E88F0
:10127000EA88A9882B89A0F8AA60A0F8AC10A0F889
:10128000AE20A0F8B030F3F71FF82046BDE870405C
:10129000F2F73CBD70BD38B5C5680121B5F8010055
:1012A000F2F70AFE044698B12B783BB9D5F8033023
:1012B000C0F89930D5F80730C0F89D30201D4FF4A4
:1012C0008031FFF7BDFF2046BDE83840F2F71EBD74
:1012D00038BD30B40446084602EBC3039A4201D13C
:1012E00030BC7047114611F8085BA54206D1018A4F
:1012F00053789942F4D330BC536818470A46EDE757
:10130000D0E8EF3F0B40C0E8E23F002AF8D1704739
:1013100010B5F2F779FA04466FF480711030FFF7D8
:10132000EFFF2046BDE8104000F085BAC368DB78C7
:10133000012B01D1FFF7ECBF704701232DE9F047E6
:10134000D0F80C8098F8002003EB8203028A9342C5
:101350003DD9BDE8F08708EB86030F21B3F8010003
:10136000B3F80370F2F7A8FD044628B100F1CC09E8
:1013700047B92046F2F7CAFC013698F800309E4281
:10138000E9DBE6E76569002DF3D0A2692B68954299
:101390002046636108BFA361F2F75AFCF9F77CF9B4
:1013A000C5F800A0236A7BB9C4E90755D9E8EF3F27
:1013B000013BC9E8E23F002AF8D100212046013F65
:1013C000F2F752FCBFB2D3E71D602562EEE70026BC
:1013D000B246D2E7C368DB78012B01D1FFF798BF93
:1013E000704710B5F2F710FA6FF480711030FFF704
:1013F00087FF0020F1F782F8044648B13C23002122
:101400004372F2F7C5FC2046BDE81040F2F77EBCFF
:1014100010BD38B5C5680121B5F80100F2F74CFDE3
:10142000044688B1E878F1F7CBFA84F8A800287967
:10143000F1F7C6FA84F8A9002046F2F76BFF2046C0
:10144000BDE83840F2F762BC38BD10B50388428869
:10145000934219D8052B17D9B2F5486F14D8838851
:10146000B3F5FA7F10D240F67644C088A0F10A01A5
:1014700089B2A14208D801339BB25343B3EB800F2A
:1014800034BF0120002010BD0020FCE740F24130B5
:1014900070470020704770B506460D464FF0FF308C
:1014A0004FF0FF31F1F764FA044668B103210C30C4
:1014B000FFF784FD068085702146BDE8704000225C
:1014C00040F20640F1F7E6BA6FF0680070BDC06800
:1014D00003781BB13C2B03D1FFF783BFF1F764BB4B
:1014E000704738B54FF0FF3105464FF0FF30F1F748
:1014F0003FFA044668B102210C30FFF75FFD2B88EC
:10150000214603800022BDE8384042F21600F1F780
:10151000C1BA6FF0680038BDF8B507460E464FF007
:10152000FF304FF0FF311546F1F722FA044678B14B
:1015300006210C30FFF742FD3B8846800380858002
:101540002146BDE8F840002242F22200F1F7A2BA9B
:101550006FF06800F8BD2DE9F047814688464FF0EE
:10156000FF304FF0FF3117461E469DF820A0F1F7DF
:10157000FFF90546A0B107210C30FFF71FFDB9F8B0
:10158000003080F802800380C7700671A0F805A0C3
:101590002946BDE8F047002242F23200F1F77ABA5C
:1015A0006FF06800BDE8F08770B506460D464FF055
:1015B000FF304FF0FF31F1F7DBF9044660B1032152
:1015C0000C30FFF7FBFC068085702146BDE87040BB
:1015D00042F22100F1F71ABA70BD73B5C368D97829
:1015E0009A781E8842EA0122ADF8002059791A79CA
:1015F000B4B242EA0122ADF80220D9799A792046A4
:1016000042EA0122ADF804201A7A5B7A012142EA0B
:101610000323ADF80630F2F74FFC054628B9022146
:101620002046FFF7C1FF02B070BD6946F2F798FE91
:1016300038B91E212046FFF7B7FF2846F2F766FBB0
:10164000F1E74FF0FF304FF0FF31F1F791F9044629
:101650000028F2D00E210C30FFF7B0FC00230680EA
:10166000C0F80A30BDF8003021464380BDF8023092
:101670008380BDF80430C380BDF80630038142F298
:101680002000F1F7C3F9D8E7072208B504F0FBFA08
:10169000B0FA80F0400908BD00280CBF08460020C1
:1016A000704718B111B10846F1F73CBE6FF0150054
:1016B000704713B5044680B106216846F6F78CFCE6
:1016C00048B99DF80530694603F03F0320468DF880
:1016D0000530FFF7E6FF02B010BD6FF01500FAE726
:1016E000003818BF01207047034610F4004F0CBFAC
:1016F00007200620DA0348BF00F005009B0348BF1F
:1017000000F0FB007047D0E8AF0F70472DE9F74FAE
:101710008A4601904FF0FF314FF0FF30F1F728F982
:101720000446002849D020210C30FFF747FC4FF039
:10173000000980464D462022002104F098FADAF88C
:10174000007008F1010BDAF80420914509D300225A
:101750002146019888F8005003B0BDE8F04FF1F73A
:1017600099B97A78A81C81181F2997F800C008D960
:10177000BCF1090FC0F11F0217D1002A15DD4FF08F
:10178000080CD6B2711C0BF80510691CC9B20BF815
:1017900001C0023679685BFA80F02E4404F040FA0A
:1017A000F5B209F101090837CDE72046F0F7F0FC62
:1017B0006FF0150003B0BDE8F08F6FF06800F9E737
:1017C000012303FA01F13AB1D0E8EF3F0B43C0E83F
:1017D000E23F002AF8D17047C943D0E8EF3F0B4001
:1017E000C0E8E23F002AF8D1704770B506460D46C2
:1017F0004FF0FF304FF0FF3186B0F1F7B9F80446F3
:10180000B0B10C3095B10121FFF7E7FB204606F19E
:10181000100203A908230095F1F798F80022214649
:1018200042F20A00F1F736F906B070BD2946EBE73F
:101830006FF06800F8E7183003F017B8F2F70AB94C
:10184000D0F8C000003818BF0120704708468969E9
:1018500018301160426800211A6010F80D2C04F055
:1018600006BA2438F2F7C4B9002203680BB9184647
:1018700070478B4210D10B6842B9426803609142B5
:1018800000D14360002301200B6070471360436860
:10189000994208BF4260F5E71A461B68E6E710B5B3
:1018A0000446006918B1F0F773FC0023236110BDF2
:1018B00070B516460D4601210446F2F7D5F9012E02
:1018C00017D0022E17D1236913B12046FFF7E7FF87
:1018D000256121690A8A012A37D9CB681B8804331C
:1018E0009BB29A4231D328D92046BDE87040FFF719
:1018F000D6BF206918B92046FFF7D1FF01E02E8A34
:1019000026B92846BDE87040F0F742BC0C30FFF71E
:10191000A1FB864207D900222046216900F019FA6E
:1019200000232361EDE720692A8AE9680C30FFF77C
:101930004BFB2846F0F72CFCCBE700232361204625
:10194000BDE87040012200F004BA70BD10B500F18E
:10195000D402D2E8AF3F5BB1591CD2E8EF4F9C42B2
:1019600004D1C2E8EC1FBCF1000FF6D1F1D110BDDB
:101970001846FCE710B5837A0446023B062B16D8BE
:10198000DFE803F009041515150B09004172002169
:101990002046F2F7FDF9002010BD0088FFF77BFD1F
:1019A0000028F9D1A37A072BF5D10821F0E76FF0D1
:1019B0007F00F1E738B5037A04468B42154615D10E
:1019C00000F170010722284604F05DF980B1E37848
:1019D000072243B904F17E01284604F054F9B0FA15
:1019E00080F0400938BD04F17701F5E70020F9E700
:1019F0000120F7E708B5F2F719FD10B1F2F786F903
:101A0000012008BD8378012B0CBF70300020704787
:101A100082780B46012A0BD109885A88B0F8AA307F
:101A20008B4203D1B0F8AC30934204D0FFF774BDC1
:101A30006FF0150070476FF07700704713B584782A
:101A40000B46012C17D10A8802F00301032910D09C
:101A5000D10701D402F002049A78DB78B2FA82F15D
:101A600049090BB941F002010094FFF774FD02B07F
:101A700010BD0024F0E76FF01500F8E7F8B5074651
:101A80000D464FF0FF304FF0FF31F0F771FF064683
:101A9000D0B10E210C30FFF791FA04460E2200213E
:101AA00004F0E5F83B88314623802B8800226380D0
:101AB0006B8842F21300A380AB88E380EB8823811C
:101AC000BDE8F840F0F7E6BF6FF06800F8BD70B40D
:101AD00084780A46012C20D1051DD5E8AF6FC6F3E6
:101AE000C024360502D570BCF2F7DCBC0988A0F82A
:101AF0008C105188A0F88E109188A0F89410D2888C
:101B0000A0F89620D5E8EF3F43F40053C5E8E23F44
:101B1000002AF7D1204670BC70476FF01500FAE735
:101B2000704710B50446F9F7ADFA234653F84C2B2D
:101B3000D2F8C01061B9E164D2F8C41061B9C2E949
:101B40003033F9F7B3FA2068BDE81040F2F7F6B881
:101B50008B42F6D00968EDE70B60C2F8C430F0E7BD
:101B600003682BB141681A688B42026008BF42606B
:101B7000704770472DE9F843446B002C55D054F85A
:101B8000085905B1083D002701E02C461D46D4E95F
:101B900000682EB3F9F776FA0022D6F8C03004F1C7
:101BA0004C0163B1994232D1E36C42BBD6F8C420F8
:101BB000C6F8C030914201D1C6F8C430E764F9F7E5
:101BC00075FA04F13009002200234846F8F732FD87
:101BD0000646F8B9D8F804300BB12046984727607C
:101BE000E3680BB120469847D8F820300BB1204667
:101BF0009847D5B1AB68002BC7D0083BC5E7136049
:101C0000D6F8C430994208BFC6F8C420D6E71A46B1
:101C10001B68C6E7B36923B16FF06D02F1692068F4
:101C200098473046F0F7B4FACDE7BDE8F883F8B549
:101C30000E4600210746154600234FF2244208466F
:101C4000F2F700FD044630B104210C30FFF7B6F97D
:101C50000770467045802046F8BD70B5054600689F
:101C6000B8B1807A072814D1002A14BF02200120BD
:101C70000E7A864210DCC87A07280DD98A61CB61BA
:101C800005F1300002F0FCFC2846FFF74AFF002077
:101C900070BD6FF07F00FBE76FF01500F8E7406B59
:101CA00028B1838B08388B4201D08068F8E77047F1
:101CB00010B54AB989B2FFF7F2FF28B143689B69B2
:101CC00013B1BDE81040184710BD38B50D460521C9
:101CD000FFF7E5FF002329461A46FFF7BEFF04463B
:101CE00010B12846F0F754FA204638BD38B50B8AB3
:101CF0000546032B0C4621D9042104F10C00FFF703
:101D00008DF9238A42889A4218D14178B1B103787B
:101D1000012B13D0132B11D0022201202D68FFF7C5
:101D200086FF044650B102210C30FFF747F900232B
:101D30002146037043702846FFF7C7FF002038BDD7
:101D4000406B28B1838908388B4201D08068F8E75E
:101D5000704738B50B8A0546032B0C4604D820463D
:101D6000BDE83840F0F714BA042104F10C00FFF785
:101D700055F941882846FFF7E3FF0028EFD0436874
:101D800021465B699847EAE770470346006828B137
:101D90005968026888421A6008BF5A607047034653
:101DA000002003B970471A8A5B681044F9E710B540
:101DB000D4680231237813B92170012010BD8B4201
:101DC000FBD0038A023B038200201061F6E773B563
:101DD0001446014605464FF49572206800F018FF3E
:101DE000207530B92946206801F036F820B908235B
:101DF0002375002002B070BD237AB3B1A3F118029D
:101E0000534253419B000193638A29460093AE6875
:101E1000238AE2682068B047002808DB238A8342CF
:101E20000CD1002301202375E4E70223EBE710F136
:101E3000FF0F03D34042C0B22075DAE70E20FBE764
:101E40001FB5CDE9012300231A460093F3F7E6FD01
:101E500005B05DF804FB2DE9F04F42F601030025C3
:101E600091B0166880460F4600680BA9D6F804901A
:101E700014468DF82C50ADF82E30FFF7F3F80028FB
:101E800000F089804FF42053D8F800000BA98DF89A
:101E90002C50ADF82E30FFF7E5F838B1A3681BB130
:101EA0005A88BA4200D25F8001200EE0616808467D
:101EB000FFF775FF728B738D9A4294BFC0EB0200DF
:101EC000C0EB0300032803D8002011B0BDE8F08F59
:101ED0000846FFF746F805466068FFF760FF728D19
:101EE000738B05F10C0B9A4294BFC0EB020AC0EB56
:101EF000030A5846FFF7AEF8824544D26068FFF700
:101F00004EFF728D738B9A4294BFC0EB0200C0EB00
:101F1000030070B96368987AF0F78EF80022002306
:101F2000FEF7ECFF05460028CED001466068FFF7BB
:101F300029F800230093D8F804601023414648464E
:101F400002AAB047061E26DB227CE068B2421ED001
:101F500001460BA8FFF7B4F8E8B1F2B202A906A84F
:101F6000FFF7AEF8B8B106A90BA8FFF77BF890B958
:101F700000230421637405F10C00FFF71FF8A06033
:101F80000780A3688FE75846FFF764F8C1E702A906
:101F900003F079FEEBE70023A36085E7F8B59368CB
:101FA00005460F461446166863B9506801210C3087
:101FB000FFF704F8A0602B681B78002B14BF0223E6
:101FC00001230370A3681B78012B03D0022B1FD0C1
:101FD00000201CE02B681B78002BF9D160680421DD
:101FE0000C30FEF7EBFFE06007802A68E368528858
:101FF0005A806168728D738B088A9A4294BFC0EBD5
:102000000200C0EB0300042894BF00200120F8BDAB
:102010002B681B78022BDBD1606812210C30FEF795
:10202000CDFFE06007802B68E268591C0232113353
:1020300051F8040B994242F8040BF9D16168728D92
:10204000738B088A9A4294BFC0EB0200C0EB030076
:102050001228D9E770B40568AA6A52B3136803B1AD
:10206000B03BA2F1B0040022114600E0B03B844234
:1020700007D0668D648BB14238BF3146A24238BF6B
:1020800022461C462BB1D3F8B030002BEED184424F
:10209000EFD1438D408B8B4201D890420BD98242C5
:1020A00038BF02469942286838BF194670BCF4F719
:1020B0000DB81146EDE770BC7047D0680431037865
:1020C00013B90170012070478B42FBD0002091684A
:1020D0000B8A043B0B82106170472DE9F04F0446D8
:1020E00085B0104690469946FFF759FE638B628D86
:1020F0008B46934228BF1346834240F29380636825
:1021000040460393FEF72DFF4FF0000A0646404677
:10211000FFF745FE628B638D06F10C079A4294BF70
:10212000C0EB0205C0EB03053846FEF793FF85427E
:1021300017D24046FFF733FE628B638D9A4294BFFD
:10214000C0EB0205C0EB03058DBB98F80A00EFF762
:1021500073FF00220023FEF7D1FE064630B9574632
:1021600036E03846FEF776FF0546EDE70146404685
:10217000FEF708FF4046FFF712FE628D638B06F103
:102180000C079A4294BFC0EB0205C0EB030538462A
:10219000FEF760FF85421FD24046FFF700FE628DCA
:1021A000638B9A4294BFC0EB0205C0EB0305F16854
:1021B000328ACDF80090DBF804700A44039859463F
:1021C000ABB2B847071E0CDABAF1000F18BF57467A
:1021D000384605B0BDE8F08F3846FEF73BFF0546B0
:1021E000E5E70E9BB3B9394606F10C00FEF7E6FEB3
:1021F0004046FFF7D4FD638D628BB944934228BFFC
:1022000013468342BA441FFA89F9A8D9AF423FF472
:102210007EAFA4E7394630460F9A0E9B98470028B8
:10222000E1D19CE70027D3E70022036803B9704798
:102230008B420FD10B683AB942680360914200D1DA
:10224000436000230B60704713604368994208BFE6
:102250004260F6E71A461B68E8E7D0E8EF3F43F034
:102260000802C0E8E12F0029F7D1C3F3C00070478E
:1022700000232DE9F34117681446D7F8048001467E
:10228000137306469522404600F0C2FC05462073B3
:1022900030B93146404600F0DDFD28B908232373EC
:1022A000002002B0BDE8F081CDE900553146384646
:1022B000A388A268FFF711FF002807DA10F1FF0FCB
:1022C00032BF0E204042C0B22073E9E70120E8E7A8
:1022D00000232DE9F34117681446D7F8048001461E
:1022E000137306469522404600F092FC0546207383
:1022F00030B93146404600F0ADFD28B908232373BC
:10230000002002B0BDE8F081A068798B7A8D038A45
:10231000914294BFC3EB0103C3EB0203012BEFDD3A
:1023200002210C30FEF74AFECDE900558046A38815
:1023300031463846A268FFF7D0FE031E06DA13F1D5
:10234000FF0F2ABF5B420E23DBB2D8E70120A8F8BB
:102350000030D6E708B5837A072B01D0002008BDEE
:102360000421FFF7EDFC0028F8D000F15403D3E876
:10237000AF3FDB07F2D550F8040CF0E72DE9F04150
:1023800004468868FFF70BFD638B628D0D46934210
:1023900028BF134683421DD30027E165D1F808808A
:1023A0008F60F8F76FFE41462046F2F797FC06462D
:1023B00038B1C5F80880E765F8F778FE3046BDE823
:1023C000F081618D638B2846994228BF194600F041
:1023D00040FDF1E76FF07906F0E738B50546D1E842
:1023E000AF3FDB0716D550F8040C98B1AB6D8BB935
:1023F0000430FFF7CAFC044660B10146281FFFF70E
:10240000BDFF38B155F8043C5A6822609A685C6098
:1024100002B99C6038BD2DE9F041846A074634B3A7
:1024200054F8B06906B1B03E002307F104081D4618
:1024300001E034461646E26D92B905B983B94046CB
:10244000FFF7A3FC054650B101462046FFF796FF73
:1024500068B17B682B60BB687D6003B9BD602346B3
:102460002EB1D6F8B020002AE3D0B03AE1E7BDE8BB
:10247000F08170B504460E46002200230846F8F7A6
:10248000D9F8054658B101462046F2F727FC044624
:1024900018B12946304602F0FEF8204670BD6FF0B4
:1024A0000104FAE7F8B5054650F8044C071F00F19F
:1024B0005403D3E8EF1F21F00401C3E8E21F002A10
:1024C000F7D1FCB1AB6D83B9636873B1201DFFF721
:1024D0005CFC064601463846FFF750FF90B1636842
:1024E0003360A368666003B9A660384605F15C01F5
:1024F000FFF7BFFF30B1384604F10C01BDE8F840EA
:10250000FFF7B7BFF8BD38B504460D46F2F7E6FB56
:1025100030B1294604F16000BDE8384002F0B0B89F
:1025200038BD2DE9F04188461746012104220546B1
:102530001E46F2F7BFF9044670B104210C30FEF7D5
:102540003DFD80F80080A0F80170C6702146284645
:10255000BDE8F041FFF7D7BFBDE8F08107B5CA6815
:102560000C211388528800920D22F2F7F9FD03B076
:102570005DF804FB07B50022CB680A211B88009296
:102580000B22F2F7EDFD03B05DF804FBF8B5CB6864
:1025900005461F88BBB2162B19D90321F2F7DAF9C9
:1025A0000646B0B102210C30FEF708FD00246FF0A2
:1025B0002B033146037044702846FFF7A4FFD42351
:1025C00028466B836F85FFF745FD2046F8BD042044
:1025D000FCE70E20FAE737B50C46054601F10C0082
:1025E000FEF72CFD228A03460192E2681221009236
:1025F00028461322F2F71CFF03B030BD37B50C4656
:10260000054601F10C00FEF719FD228A03460192EE
:10261000E2682846009200221146F2F709FF03B053
:1026200030BD70B50E461546FFF794FE78B1836A4B
:102630006BB1184650F8B03903B1B03B691C428DFC
:10264000448BA24228BF2246914202D93BB90020C6
:1026500070BD2A463146BDE87040F2F72BB9D3F879
:10266000B04004B1B03C18462346E8E7F3F76AB936
:102670000A8A0023C968F2F779BF30B505460446D7
:1026800055F8043B89B01868FFF7BCF96946F2F7C2
:10269000CBF92846F2F7A4FF13216068FFF76AF927
:1026A00009B030BD10B5044654F8803D88B01868B4
:1026B000FFF7A8F96946F2F7B7F92046FFF7DDFF03
:1026C00008B010BD70B50E46FFF744FE044628B9A9
:1026D0003046EFF75DFD6FF07F0070BD00F10C0537
:1026E0002846314601F0CCFFA06A38B150F8B04915
:1026F00004B1B03C2946FFF7BCFE20B90020ECE74E
:102700001C466FF00100002CF8D0D4F8B03023B98B
:102710000230F5D020461C46ECE7B03BF8E738B570
:1027200005460C46F8F7AEFC2846FFF713FE20B925
:10273000F8F7BCFC6FF07F0038BD0023236083688E
:102740003BB9C0E90144FFF766FEF8F7AFFC002093
:10275000F2E71C608460F6E70120704708B5FFF7D8
:10276000F9FD78B1836A6BB1B03B03F15802D2E84E
:10277000EF0F20F00800C2E8E10F0029F7D1D3F8ED
:10278000B030F0E708BD08B50421FFF7D9FA20B151
:102790005430D0E8AF0FC0F3C00008BD1060002077
:1027A000704710B5029CA36833B1B1F5807F28BF94
:1027B0000E21CAB221469847A37DE268013BDBB2F5
:1027C000A37522B11BB92046BDE81040104710BDCB
:1027D0001060918000207047072208B503F053FA7B
:1027E000B0FA80F0400908BD034610B5D3E8EF0FFA
:1027F00040EA0102C3E8E42F002CF7D110BD0B68BA
:1028000003608B8883808B798371704770B50D4628
:10281000064611F8010BF1F709FE044610B12C89A8
:10282000F1F774FA6B89A34207D0EB686C8123B18E
:1028300021463046BDE87040184770BD38B5BDF838
:1028400010401546A2420CD84CB16BB1A21A8A4274
:10285000A8BF0A4694B22246591903F0E1F920466E
:1028600038BD6FF00600FBE76FF00D00F8E730B5FC
:1028700085B0C96814461D46F2F74EFF00B10089C5
:102880000223ADF80E00009329462046BDF8202013
:102890000DF10E03FFF7D2FF05B030BD1FB50C469A
:1028A0001946E36810461C78BDF818203CB1102486
:1028B0000133069404B0BDE81040FFF7BFBF5B884A
:1028C000ADF80E30022300930DF10E03FFF7B6FFB3
:1028D00004B010BD30B51D46002385B014468DF8F8
:1028E0000C30F2F7EFFE10B1037A8DF80C300123B3
:1028F000294600932046BDF8202003ABFFF79EFF3A
:1029000005B030BD2DE9F04114461D46BDF81870E4
:10291000F0F770F80646EAF708FC80B206903346F6
:102920003A4629462046BDE8F041FFF787BF30B55B
:1029300085B014461D46FEF7A9FD0223ADF80E0032
:10294000009329462046BDF820200DF10E03FFF725
:1029500075FF05B030BD1FB5194610464FF0C8735E
:102960004FF00612CDE902230823BDF8182000938A
:102970006B44FFF763FF05B05DF804FB70B500F131
:10298000700605463146007AFEF783FD044631465F
:10299000287A3CB1F2F7AEFE18B100230360436021
:1029A000836070BDF2F7A6FE0028FAD00460446090
:1029B0008460F6E7022A10B508D1002300F1700107
:1029C0001A46007AF2F724FF022010BDFFF7D6FF67
:1029D000FAE7F0B5076806463D78144689B035BB7E
:1029E0007B88B3F5245F04D01BD8A3F52053032BB9
:1029F0001DD8ADF80A10022220460DF10A0102F09E
:102A00001DFB48B97B88022220460DF10A01ADF872
:102A10000A3002F013FB70B16FF01502C4F86021A8
:102A200006E003F55643FF339BB2042B12D9012570
:102A3000284609B0F0BD009003AA132331467768F9
:102A4000B847021EEADB03A9204602F0F7FA002885
:102A5000EDD0E1E7ADF80A10022220460DF10A019F
:102A600002F0ECFA0028D7D17B880222ADF80A30B8
:102A70000DF10A01E8E701210C30FFF7B5BE2DE9A1
:102A8000F0411F46BDF818300646012B90462CD861
:102A90003B44012B3D462BDCF2F714FE044618B9EB
:102AA000F2F710FE044630B397B10023217A98F86C
:102AB000002021FA03F0C70703D522FA03F0C0076C
:102AC0001CD50133032BF4D102F00702114321720C
:102AD000601C06F17001FFF792FE337A20462370E6
:102AE000FFF7C9FF2846BDE8F0816FF00605F9E75A
:102AF0006FF00C05F6E76FF01005F3E76FF01205C5
:102B0000F0E738B504461546FFF726FE40B12046EB
:102B1000F2F7D8FD20B1037ADB0701D5FFF7ABFF51
:102B200035B9207A04F17001F2F7E4FD00B1856057
:102B300038BD38B5BDF81010BDF818401046A14298
:102B40001A46059D0CD84CB16DB1631A9A42A8BFC4
:102B50001A4694B22246294403F062F8204638BD52
:102B60006FF00600FBE76FF00D00F8E713B50446C1
:102B700010B9002002B010BD00238DF8043042F6D9
:102B80000303006801A9ADF80630FEF76BFA0028D0
:102B9000EFD1E36898880028ECD12046F2F70EFFC9
:102BA000013080B2E6E770B5CC681E46A37988B0E4
:102BB00008468DF80C301546FFF7D8FFADF80D002C
:102BC000246823786BB96388ADF80F300523009330
:102BD00031462846BDF8302003ABFFF72FFE08B082
:102BE00070BD631C0DF10F02113453F8041BA34296
:102BF00042F8041BF9D11323E9E71FB5CDE90123FE
:102C000000231A460093F2F709FF05B05DF804FBB4
:102C10004B8A12F0010FC3F30E0304D013F0950F8B
:102C200010D0486870B112F0020F04D013F4957FF1
:102C30000AD0896841B1134013F4DE7F14BF052028
:102C40000020704702207047032070472DE9F041B3
:102C5000837A0546072B0C46174686B040F08480E1
:102C600000238DF8143042F60303206805A9ADF85F
:102C70001630FEF7F7F990B96668002E74D001237C
:102C80002146009004AAB04701286DD19DF810306C
:102C900013F0300F68D02046F2F7AEFF0446002351
:102CA00020688DF8143042F6021305A9ADF81630ED
:102CB000FEF7D8F918B12046F2F79EFF0446002629
:102CC00042F60218206802A98DF80860ADF80A8063
:102CD000FEF7C8F9F0B9002320688DF8143042F6E9
:102CE000021305A9ADF81630FEF7BCF900283BD158
:102CF0006668002E38D0009002232146284605AA97
:102D0000B047022830D1BDF814301F4214BF012053
:102D100000202AE042F60303206803A98DF80C6026
:102D2000ADF80E30FEF79EF90028D4D04FF42053B2
:102D3000206804A98DF81060ADF81230FEF792F902
:102D40000028C8D042F60103206805A98DF8146058
:102D5000ADF81630FEF786F90028BCD02046F2F711
:102D60004BFF04460028ADD1002006B0BDE8F0813D
:102D7000F8B50F46516806464B8A144603F0940393
:102D800013BB0122FFF762FF08B3A2891B21304663
:102D90000232FFF746FC0546E0B1A1890C30023152
:102DA000FEF70CF920F8027BA289A16802F038FF37
:102DB000D4E9041228460123F2F772FC2946304672
:102DC000BDE8F840FFF77EBC4FF0FF30F8BD6FF074
:102DD0001500FBE76FF00B00F8E72DE9F041054621
:102DE0008846F2F76FFC0446E0B1037ADA0719D59A
:102DF00000F10C06D6E8AF7F17F0010712D1B8F149
:102E0000000F10D0D6E8EF3F23F00202C6E8E12F12
:102E10000029F7D19B07284608D5FFF79FFC2046DD
:102E2000FFF729FE01273846BDE8F081FFF794FC43
:102E30000028F8D02846FFF7A6FC0028F3D0D6E8F3
:102E4000EF3F23F00203C6E8E23F002AF7D128460D
:102E5000E3E7704701207047012070470021F8B573
:102E60004FF0FF324FF0FF3305460846F1F7EAFB1B
:102E700000F10C07044601213846FEF79FF80526AD
:102E8000012106703846FEF799F8002306701A46AD
:102E900021462846FEF7E1FE10B12046EFF778F90B
:102EA0000020F8BD6FF085007047002070470020BB
:102EB0007047F7F7F1BB2DE9F04106691D4696F81A
:102EC000A03017469A07069C20D5631C06F16C08B3
:102ED00018D047F6122C40F2E730002124EAE474BF
:102EE0004FF47A720023C4FB0C01E6F7F3FC0246B0
:102EF0000B4639464046F7F771FA08B9736B2B60F9
:102F0000BDE8F0814FF0FF321346F2E76FF00400A6
:102F1000F6E790F8A030024613F0010002D0D06925
:102F2000FCF71BBE704738B591F88130A1F1200540
:102F30000C4628461BB9BDE83840FFF7EABFF5F755
:102F4000D7FF28B12846FFF7E4FF002384F881303B
:102F500038BD0C220369C9B201FB0233186C00F0C2
:102F60000700704770B5C9B20369EFF311854024BB
:102F700084F31288BFF36F8F0C2606FB0134246C98
:102F800014F0C00408D0A24206D085F31188BFF324
:102F90006F8F4FF0FF3070BD012206FB01331A64C2
:102FA00085F31188BFF36F8F436803EBC1035B6840
:102FB00098470020EFE78022FFF7D4BFF8B5069FBF
:102FC0000469C9B2EFF31186402585F31288BFF377
:102FD0006F8F0C2505FB0144256C05F0070CBCF137
:102FE000010F0CD1276486F31188BFF36F8FC4E9FA
:102FF0000E23436853F8313098470020F8BD05F0A0
:10300000C005AF4286F31188BFF36F8F0CBF6FF01E
:1030100077004FF0FF30F1E713B580240094FFF7FD
:10302000CDFF02B010BD10B41C240069CBB203FB6D
:103030000400002110BC10471046F7F72DBB00F02C
:10304000F4BCF5F771B840F272607047084608B5F5
:103050001146F9F795FA002818BF6FF0040008BD73
:1030600008B5F9F7E7FA002818BF6FF0040008BDAB
:103070002DE9F0470024836886B0884691465B6955
:1030800002AA01A99847A2462546029BAB4202D854
:1030900006B0BDE8F0870026019F07EBC5077B68F7
:1030A00004933A680AEB0603B24202D89A46013505
:1030B000EBE749460394059303A8C0470028E7D0EF
:1030C000049B01361C44ECE770B5037B04460BB14E
:1030D00000F0C1FC0026A06800B970BDB0F5007F0B
:1030E00028BF4FF4007005460246D4E90010F3F7FC
:1030F00093FE63682B44636023680BB12B44236009
:10310000A3685B1BA360002BE5D0237B0136002B5B
:10311000E1D0304600F0A0FC0028DCD00120DCE744
:1031200008460021F3F79CBE084611461A4609B12D
:10313000F3F796BE6FF015007047436800205B6898
:10314000DB680B607047436802EA01005B6821EAB4
:1031500002015860002099607047436800205B6856
:1031600059607047436800205B6899607047436806
:103170005A68136821EA03000B40506000209360F6
:10318000704710B503695868F8B1884219D19C6836
:103190000868A142586000D19860002008602AB1F8
:1031A0005A680A609A68596002B99960002010E074
:1031B000814206D10868206098688142EDD19C6008
:1031C000EBE7044600680028F2D1002AE8D16FF04E
:1031D000150010BD00207047F5F7B0BA02780B69F2
:1031E000012A07D0022A08D052B95A6603F14800D2
:1031F000F7F752BA6FF00D02F7E76FF00A02F4E743
:103200006FF00402F1E738B504460569012205F1C3
:103210002C00114601F04DFA012205F14800002171
:1032200001F047FA2046BDE83840F4F745B8006998
:103230002C30F7F76BBA00692C30F7F72DBA2DE96F
:10324000F04F87B004934368D0F810B0D3F82080D3
:103250009B8A174603934FF0FF324FF0FF3305462A
:103260000C46FFF7E4FF0BF148030293002600230E
:1032700000220BF14800F7F749FA3346BE4201D36A
:1032800000234FE0207A010777D40136BE4221683F
:103290000BD2820709D4227D80EA020C0CF0010CCB
:1032A00002F004025CEA020C08D023B901F060428B
:1032B000B2F1005F1AD04FF0000901E04FF00109B0
:1032C0006268DDF80CE003EB020CF44558D8C00747
:1032D00005D408EB0300059302F0A2FC059B62688D
:1032E0001A4493B2B9F1000F30D123BB4FF000095B
:1032F000D4F800A0A388049ACBF868A0217A2846C5
:103300000092524600F094F8031E0BDB43F609527C
:1033100000230298F7F7FAF980B1284600F045F843
:103320006FF0730328460293FFF785FF029B184650
:1033300007B0BDE8F08F9946C246DCE7DBF86430A1
:10334000002B20DB237ADB0702D400230C3495E723
:10335000C245FAD1A24609E0A9EB02011FFA81F9A0
:10336000DAF80C0018FA81F102F05AFCDAF80420BD
:10337000AAF10C0A9145EFD2E7E76FF08503D1E798
:103380006FF01B03CEE76FF00403CBE713B501AA80
:10339000044600F098F8002805DB019B22681979A3
:1033A0001868F3F7B5FF02B010BD73B544680DF1AE
:1033B0000701A36A1B68D3F80056D3F80466FDF72B
:1033C0007BFA9DF8073013B9A06AF6F775FB314612
:1033D0002846F6F7A7FD9DF80710054629B9E069CC
:1033E000FFF7D4FFA06A00F0B8FF284602B070BD16
:1033F000CA07436819D4C1F3420102290BD003293B
:103400000ED0012911D14FF0CC729B6A1B680020AD
:10341000C3F8242570479B6A4FF0C8621B68F6E723
:103420009B6A4FF07F621B68F1E76FF015007047F1
:10343000F0B50C461D46164687B04768122200219B
:103440000DF1060002F013FC04F001038DF80430C6
:10345000BDF8303002958DF80530BB8C0496AB4238
:103460000AD384F00202C2F34002B86A520101A9F1
:10347000F6F73AFB07B0F0BD6FF01B00FAE710B5A6
:1034800044680021E069FFF781FFA06ABDE81040B1
:1034900000F063BF10B54468A06AF6F70DFBE06961
:1034A0000121BDE81040FFF771BF08B529B101291E
:1034B00006D1FFF7E4FF002008BDFFF7EBFFFAE7B6
:1034C0006FF08500F8E730B543681360057A44680B
:1034D00004EBC504A34202D36FF0010030BD5C7958
:1034E0008C4201D00833F0E70020F7E748B11F30E5
:1034F0002CBF01210021400940EAC160490901F0C7
:10350000B1BA704710B50469204601F01CF80023D9
:10351000A36110BD2DE9F041D0F808800646D8F827
:103520000040F4B1476897F8264014F001041FD119
:1035300005694FF0FF334FF0FF322846F6F7B2FF30
:10354000AB690133012BAB6108D13046D8F80030AC
:103550009847041E08DAAB69013BAB612846F7F7D0
:1035600019F82046BDE8F081F869FFF7BFFFF5E7DD
:103570000024F6E7F8B5876806467C689CB1436886
:1035800093F82630DB071DD405694FF0FF334FF069
:10359000FF322846F6F786FFAB69002B05DC0024D6
:1035A0002846F6F7F7FF2046F8BD013BAB61002B3C
:1035B000F5D17B6830469847041EBEBFAB69013326
:1035C000AB61EDE70024EEE7F0B4D0E901631B69DD
:1035D0003BB177688F4208DB3568954205DCF0BC6B
:1035E00018476FF05700F0BC70476FF01500FAE70E
:1035F000F0B4D0E901631B6A3BB137698F4208DB45
:10360000F568954205DCF0BC18476FF05700F0BC38
:1036100070476FF01500FAE770B4D0E90162956A5F
:1036200003460C46A5B196F8242012B92B4670BC6F
:103630001847306A024410F8011BA14202D121460A
:103640001846F3E79042F6D16FF0850070BC7047E2
:103650006FF05700FAE72DE9F3410E46D0E9014734
:1036600094F825108046FF2905690FD194F826109B
:10367000C1F38101022914D0D8F8083000391B6B3E
:1036800018BF01214BB96FF0570003E0FFF7C4FFEB
:103690000028EBDA02B0BDE8F081404698470028E8
:1036A000F8DBA268B2F1004F05D011464046FFF7A3
:1036B0008BFF0028EEDB6269B2F1004F05D01146A6
:1036C0004046FFF795FF0028E4DB2368B3F1004F85
:1036D00014D0D8F808305B69002BD4D0404601A93B
:1036E00098470028D6DB2268019B9A421CDD1146D0
:1036F0004046FFF769FF002805DACBE76FF000438B
:1037000062689A42E5D19EB994F826309B0716D09C
:1037100040463B6898470028BCDBA069FFF7E6FEFF
:10372000AB690133AB610AE062689342EBDDDEE72F
:10373000AB690133AB6194F82630DA0601D400207E
:10374000A8E74046FFF716FFA4E7012303FA01F1BB
:1037500003691B68194218BF82F0010212B1836825
:10376000DB68184783681B69FBE708B54368986AFC
:1037700038B1012293F82C10FFF7E7FF00EAE07060
:1037800008BD6FF08500FBE743681868B0F10040A2
:1037900018BF012070470346084631B95B681B68B3
:1037A000B3F1004F01D0136070476FF01500704700
:1037B00043681B68B3F1004F1ABF00200B606FF025
:1037C00001007047F8B54568064695F8264004F0B4
:1037D000030714F0030418BF0124FFF793FEA86A3F
:1037E00028B921463046BDE8F840FFF734BF00F065
:1037F000E4FD20B3002F0CBF4FF4B0124FF4D012F1
:10380000EB8DA86A95F82C1013430127D0F810C04F
:10381000DA07DCF8005048BF83F4402323F4801219
:103820008F40DB07D0F808E04CBF3D43BD43CCF8E8
:103830000050DEF8003098470028D2DAF8BD6FF06B
:103840001200FBE74368986A20B1002293F82C101D
:10385000FFF77BBF6FF0850070470020704708B509
:103860000220F3F737FA002008BD08B5F5F79CF8F9
:1038700008BDF5F799B810B54FF0FF304FF0FF31A4
:10388000F3F7ECFE044628B9DCF77AFF044618B1DA
:10389000F3F7ECFE204610BDF3F7E8FE2046EEF706
:1038A000C5FDF7E738B50B8A0D463BB101F10C00B9
:1038B000FDF7BCFB012818D0022803D06FF01504D7
:1038C000204638BD4FF0FF304FF0FF31F3F7C6FE12
:1038D00004460028F4D1E868E6F798F90446F3F7BF
:1038E000C5FEACB1F3F7A6FFEAE74FF0FF304FF0AB
:1038F000FF31F3F7B3FE04460028E1D1E868F4F79E
:1039000031F80446F3F7B2FE002CD9D1F3F792FF59
:103910002846EEF73DFC0024D2E7F3F7B5BF10B51B
:1039200031220021044602F0A2F9202323708023D3
:10393000A3706FF03F0363710423A3722823A37362
:103940000223E3730423A3756FF008036376032354
:10395000A3766FF00F03E3760E232377302384F8EA
:1039600020306FF03F0384F82130012384F82230A7
:10397000782384F82330802384F82630402384F889
:103980002D3010BD08B5F4F73DFB002008BD08B58B
:10399000F8F750FE48B1002383F31188BFF36F8F0F
:1039A0000423184602DF6FF0040008BD08B54FF08D
:1039B000FF314FF0FF30F3F751FEE9F7E5FABDE8CC
:1039C0000840F3F753BE684620F007018D4601B565
:1039D000FCF7E3FFE4F7F8FFFCF7E0FFBDE8014088
:1039E00085467047684620F007018D4601B5FCF713
:1039F000D4FFE4F7A5FCFCF7D1FFBDE80140854604
:103A00007047684620F007018D4601B5FCF7C5FFF9
:103A1000E4F788FCFCF7C2FFBDE80140854670472B
:103A200008B5E8F7A8FE002008BD7047012802D1BC
:103A30000020E3F7D5BC70477047E3F717BB08B524
:103A4000E5F7F6F930B1EFF305800338032894BFAA
:103A50000020012008BD7047012070470346002068
:103A6000184700F08EBC024610B5116891B1B1FA4A
:103A700081F3C3F11F000123834021EA0303D2E84D
:103A8000EF4F8C4204D1C2E8EC3FBCF1000FF6D1FD
:103A9000EBD110BD6FF00B00FBE710B50368CB4016
:103AA000DB0710D401238B40026843EA0201D0E80F
:103AB000EF4F944204D1C0E8EC1FBCF1000FF6D1E7
:103AC000F2D1002010BD6FF01500FBE72DE9F041A9
:103AD00016461F464FF0010800F160404C1E04449A
:103AE000C50BE40BA54201D9BDE8F08105F0070143
:103AF000C5F3C700324608FA01F1B8470135F1E7CE
:103B0000F7B51646DDE90847019001A81D46F4F710
:103B1000C5FC019BB6F1000C18BF4FF0010C00EB87
:103B200083000B1E18BF0123002D43EA4C0314BF72
:103B30004FF00C0C4FF0000C002C43EA0C0314BFA8
:103B40004FF4706C4FF0000C002F43EA0C0314BFCD
:103B50004FF4403C4FF0000CD0F8802043EA0C03B7
:103B600022EA030301B109780EB1367876001943D1
:103B70000DB12D78AD0031430CB1247824022943D6
:103B80000FB13F783F040C433C43C0F8804003B082
:103B9000F0BD1FB50DF10F03019300238DF80F1039
:103BA0001A4619460093FFF7ABFF05B05DF804FB1A
:103BB00010B504460846F4F781FC04EB4004A08AE3
:103BC000C0F3401010BD10B504460846F4F776FC6B
:103BD00004EB4004A08AC0F3400010BD10B50446B9
:103BE0000846F4F76BFC04EB4004A08A400B10BDC0
:103BF00070B5044608461646F4F760FC083034F801
:103C000010300D46DA0509D5C3F3432304EBC30294
:103C10003146284654F8333052689847A3682BB190
:103C200031462846E268BDE87040184770BD10B5BF
:103C300004460846F4F742FC00B204EB4000838AD5
:103C4000DA051DD5C3F3432123F4F853838204F12D
:103C5000120204F1580032F8023F13F4807F03D0BF
:103C6000C3F3432399420BD08242F4D1002204EBE8
:103C7000C1035A6004F16000BDE81040FFF70DBFBA
:103C800010BDF0B504460020012705468446954244
:103C90000AD1D4F8443133B10023C4F84431D4F804
:103CA000443140F40030F0BDEBB29B0003F5807668
:103CB0009B0807FA03F3194208D054F806E0BEF156
:103CC000000F03D044F806C0A65918430135DEE7BB
:103CD00038B504460D46FFF76BFFB0B12046FFF73D
:103CE00072FF90B92046FFF779FF012322688340D5
:103CF000C2F81833236800B203EB8003D3F8102511
:103D000022F00302C3F8102538BD2846BDE838402C
:103D10000021FFF73EBF2DE9F0431746044685B06A
:103D20000846F4F7CBFBD7F800800E460546B8F1FD
:103D3000000F1FD02046FFF746FF18B12046FFF7BF
:103D400037FF30BB00230DF10F02CDE900338DF8B2
:103D50000E308DF80F30304643460DF10E01FFF75F
:103D6000CFFE2AB204EB4202938A23F0020343F00F
:103D7000010393827B68002B34D03146204693F8B0
:103D80000080D3F80490FFF71EFF28B1B9F1000FAF
:103D90001FD06FF0150028E028B204EB4000838AA2
:103DA00023F4604323F020038382B9F1000F10D085
:103DB000B8F1030FEDD87B6821685B6893F800C009
:103DC00001EB8C01B8F1000F12D1C1F81085C1F8D8
:103DD00010852AB204EB4202938A23F01C0343EAC3
:103DE00088039382BB6853BB002005B0BDE8F08315
:103DF000D1F8102522F00302C1F81025226802EB49
:103E00008C03D3F8102522F4473222F47C72C3F8D5
:103E1000102541F6F072D3F8101502EA061242EAB4
:103E200008420A43C3F8102504EB4C03A3F864606E
:103E3000838A43EA4C3343F020038382C9E7314647
:103E4000D3E900782046FFF7F2FE002FCCD063685C
:103E50009F4206D004F16000FFF705FE002804DA57
:103E6000C3E7A3689845F5D1002004EBC003C3E97C
:103E700001782DB204EB4505AB8AC0B243EA40237A
:103E800043F48073AB82AFE7C0E90312704770B5AB
:103E900004461546FFF78CFE48B10846F4F70EFBC2
:103EA00004EB40040020A38A5B0B2B7070BD6FF005
:103EB0001500FBE790F87400003818BF0120704728
:103EC000F4F732BB2DE9F34104461746FFF770FEC5
:103ED0000D46266800B32046FFF775FE8046D8B928
:103EE0002046FFF77BFE05B2AD0005F5807246F86F
:103EF00002802168B2582944D1F8102542F001020D
:103F0000C1F810252FB10122216802FA00F3C1F88F
:103F1000143302B0BDE8F081D6F8143328469B0371
:103F20005CBF4FF40033C6F81433F4F7C7FA04EB60
:103F30004004A38AC3F38203042B11D0052B11D0B4
:103F400001A80195F4F7AAFA019BC168D94001F0D4
:103F500001010231284602B0BDE8F041FFF719BE69
:103F60000321F7E70221F5E7FFF7B2BE38B5057D7B
:103F70000446BDB9C0E90255C5824260457569B1C4
:103F80000A7E42760A7B502A0FD84A7B502A0CD8E8
:103F90000B69043B7A2B08D8F4F70EFF01230020AD
:103FA000237538BD6FF07700FBE76FF01500F8E779
:103FB00038B504460068C0F30830EDF729FD00224B
:103FC0002368C3F80025637E4BB92368D3F8400506
:103FD000D3F84455F4F76EFF2846F4F76BFF00233F
:103FE000237538BD70B5037D04460E461546002B7B
:103FF00037D0437D032B37D0002938D0130436D473
:104000000068C0F30830EDF703FD627DA37D022A4E
:1040100016BFDB43002303F0010304EB83018A682E
:10402000E2B9226804EB43038E601D826D00C2F882
:104030006065C2F86455237D022B07D002232375E7
:1040400001232268C2F80035226813600025206829
:10405000C0F30830EDF7CEFC284670BD6FF00F05B9
:10406000F5E76FF07605F7E76FF00F05F4E76FF00F
:104070001505F1E7427D012AD3B20BD0437D13B180
:10408000437D022B0CD100230268C2F80035437532
:104090000020704703224275026803755360F7E7FA
:1040A0006FF00F0070471FB503680446D3F8002176
:1040B000002A43D00022C3F80021D3F80011D3F81E
:1040C000041119B1C3F80421D3F80431A37DDA43F4
:1040D00002F0010204EB8201896811B9617D0229B5
:1040E00052D1607D002102280CBF012304EB830321
:1040F000E17516BF9868637599604FF001038DF8FC
:104100000C100EBF02910290A2758DF80430636806
:1041100001A89847637D022B01D101236375237E9B
:1041200053B101238DF80430002301A802938DF8C8
:104130000C3023766368984704B010BDD3F804119F
:104140000029ECD0C3F80421D3F804310368C3F884
:104150000025837D427500EB830399688DF80C2060
:104160008DF80420D9B9A37DDB4303F0010304EBF0
:1041700083039A682AB1029200229A60636801A8B8
:1041800098470023A375CAE7E37D002BC2D18DF8C1
:104190000430029301238DF80C30E375B7E79A6081
:1041A0004368029101A89847DDE708B5F4F76EFF70
:1041B000BDE80840FFF741BCC9B2F4F79FBF10B596
:1041C0000124A1F580739B0804FA03F318400CD076
:1041D00001F1502101F55021086830B1002008603C
:1041E0002046096811681943116010BD08B50246E0
:1041F000F4F7C0FF20B9BDE808401046F5F762B8F3
:104200006FF00F0008BD91F820200346032A29D83B
:10421000DFE802F0212519028A68500504D5D3F899
:1042200044270869904207D18A6852051AD4D3F806
:1042300044278969914215D000200622C3F8000561
:10424000C3F800257047D3F8442708699042F3D19A
:10425000D3F80C27EDE7D3F844270969EAE7D3F848
:104260000C27FAE70120704730B50124A2F58075CC
:10427000AD08AC400C4207D0815829B100218150D3
:1042800082581A6822431A6030BD002313B50C46C9
:1042900001934FF4947201ABFFF7E6FF21464FF410
:1042A0008272FFF7E1FF21464FF48A72FFF7DCFFCD
:1042B00021464FF4B672FFF7D7FF21464FF4A8729C
:1042C000FFF7D2FF21464FF49C72FFF7CDFF4FF46A
:1042D0009A722146FFF7C8FF019802B010BD10B4D2
:1042E000CC7B8A6803682CB9D1E90041C3F8004649
:1042F000C3F80416C3F8242543682BB1006810BC2A
:10430000C0F30830EDF776BB10BC704738B50D46EA
:1043100090F826100446D1B9C160C0E9012380F8A5
:10432000291080F828106DB1AB7B80F82B3028461F
:10433000F5F78EFB70B16B7B2946204684F82A3056
:10434000FFF7CDFF0123002084F8263038BD6FF041
:104350007700FBE76FF01500F8E706220368C3F863
:104360000025022380F82630704707B5019001A888
:10437000F5F7C8FD0123019A9340436003B05DF84F
:1043800004FB08B1EDF776BF704710B543690446EA
:104390003BB90020E2684042537843F00103537078
:1043A00010BD98470028F4D00028B8BF4042FF282D
:1043B000A8BFFF20E3681870ECE740B1C3685878E5
:1043C00010F001001EBF1878B0FA80F04009704765
:1043D000EFF31183402383F31288BFF36F8FFEE75F
:1043E00008B5FFF7F5FF10B400F10C04C0E9034471
:1043F00010BCFBF778BA38B50446EFF311854023BB
:1044000083F31288BFF36F8FFBF71DFA04F10C00E2
:1044100000F015FB30B1294604F11400BDE8384026
:10442000F6F70ABE85F31188BFF36F8F38BD416977
:10443000826842EA010313F003030FD1C3600369EA
:10444000013B03FB0122002B01DA00207047C16809
:10445000013B11604169C260521AF4E76FF0150028
:1044600070472DE9F04105460F46EFF311884023D0
:1044700083F31288BFF36F8FC668FEB90468A04249
:104480001CD0DCB1D4E9003213605A60637BC4E90C
:10449000006623F002036373A66004F1180000F0C5
:1044A0006BFB2046C4F8C060276100F063FA414608
:1044B00005F10800BDE8F041F6F7BEBD3E60AB690E
:1044C000EF60013BAB6188F31188BFF36F8FBDE8EC
:1044D000F081402408B5EFF3118384F31288BFF311
:1044E0006F8FFCF7B7FCF6E7D0E9003213605A6033
:1044F0000023427BC0E9003322F002024273836052
:104500007047C0E9022303FB02120023036280F814
:104510002C3000F12403C0E90521C0E90000C0E906
:1045200009330161C161704713B501240094F5F7A7
:10453000E5FE02B010BD90F90E308B4201D0F6F7C7
:1045400009BD0020704703460020C3E90033C3E9DA
:1045500002007047D0E9003213605A600023427BAA
:10456000C0E9003322F002024273836070472DE9F4
:10457000F843914604460D469DF8202000F10807B7
:10458000EFF31186402181F31288BFF36F8F02B1E0
:104590004568D4F80880474518D0B8F1000F15D009
:1045A0004046FFF7D7FF08F1180000F0E5FA0023B6
:1045B0004046C8F8C030C8F8109000F0DBF9384623
:1045C0003146F6F739FD0020BDE8F883A3B1082095
:1045D000F7F7E8F9002838D00122C0F8049002600B
:1045E000016801F003015DB922680A430260626854
:1045F00020606AB960600BE04846C9F80030EFE718
:104600002A68032A16D80160616869B9C4E9000004
:10461000042104F1100000F08EFB0028CFD186F3B6
:104620001188BFF36F8FCFE70A6802F003020243DD
:104630000A60DFE722F003020A4302602A6802F000
:10464000030240EA02032B60E2E76FF00B00E6E7AB
:1046500010B5044630B10268930703D0446809B12D
:1046600000F088FB204610BD0023C0E9003300F1B4
:104670000803C0E9023300F11003C0E904337047B6
:10468000012307B5009300230A461946FFF76FFF81
:1046900003B05DF804FB002307B50A4600931946F2
:1046A000FFF765FF03B05DF804FB00210068FFF72A
:1046B000CFBF5AB18A4209D300F11003C0E90212F8
:1046C000C0E90000C0E90433002070476FF0150016
:1046D0007047012302688B4022EA0303036022FA39
:1046E00001F000F001007047704710B50321044647
:1046F0000C30FFF7EEFF30B104F1100000F03CFA8F
:10470000B0FA80F0400910BD20B10022D43011462B
:1047100000F0D6B9704770B5C3680446C3F34006CD
:104720009B0716D4856802210C30FFF7D2FF80B1B9
:10473000D5F8CC206AB194421DD122689EB9D5F833
:10474000D030C5F8CC209C4201D1C5F8D020002340
:104750002360E36813F01F001EBF43F00203E36011
:1047600040F0020070BD3260D5F8D020944208BFFE
:10477000C5F8D060EBE716461268DBE773B5044670
:10478000EFF31185402383F31288BFF36F8F00236B
:10479000A0F11006032104380193FFF79AFF28B116
:1047A000A369304601A90193F6F7F0F885F3118863
:1047B000BFF36F8F02B070BD38B504460D461022AE
:1047C000002101F054FA656038BD13B50190084628
:1047D000EFF31184402383F31288BFF36F8F01A995
:1047E000F6F7D4F884F31188BFF36F8F02B010BDD1
:1047F00010B5FFF7EAFF041E08DDEFF31180402338
:1048000083F31288BFF36F8FF6F728FC204610BDA4
:1048100070B50D46EFF31186402383F31288BFF382
:104820006F8FF6F70FF9044686F31188BFF36F8F89
:1048300038B14FF0FF324FF0FF3305F11000F5F7BC
:1048400065FF204670BD08B5E822002101F00FFA8F
:1048500008BD38B530220D460021044601F007FAA4
:104860004FF480736560E36038BD38B50446EFF3FC
:104870001185402383F31288BFF36F8FFFF735FF55
:104880002046FFF748FF85F31188BFF36F8F38BDCF
:10489000F8B504460D46EFF31186402383F31288E2
:1048A000BFF36F8FC36803F01F03002B14BF0127F2
:1048B000002705D186F31188BFF36F8F3846F8BD06
:1048C000FFF713FF2046FFF726FF29462046F6F79D
:1048D0003FF886F31188BFF36F8F0028EED04FF0BA
:1048E000FF324FF0FF3305F10800F5F70FFFE5E762
:1048F000EFF30580003818BF0120704770477047FC
:10490000D0E9003213605A600023C0E900337047D9
:1049100008B5FFF7F5FF437B23F002034373002341
:10492000836008BD38B504460D46F6F781FA637B0F
:1049300043F002036373E5B1A5602B689D4209D182
:104940006B68C4E900531C606C6012E06A689A42AC
:10495000F6D01B68002BF3D094F90E2093F90E10BB
:104960008A42F3D09142F1DD5A68C4E90032146002
:104970005C6038BD10B5EFF31184402383F31288D7
:10498000BFF36F8FF6F712FA84F31188BFF36F8FBE
:1049900010BD08B5EFF31181402282F31288BFF3F6
:1049A0006F8F83680BB1FFF7B3FF81F31188BFF3FB
:1049B0006F8F08BD38B5EFF31184402383F312885D
:1049C000BFF36F8F002390F87050427B80F87030F7
:1049D0002DB121B184F31188BFF36F8F38BD12F070
:1049E000280FF7D183680BB1FFF792FF437B23F0C9
:1049F00004034373F6F7DAF9ECE701211838FFF7FF
:104A0000D9BF08B50346EFF31181402282F3128823
:104A1000BFF36F8F0068834207D008B1FFF778FFBC
:104A200081F31188BFF36F8F08BD0020F8E710B540
:104A3000FFF7AFFFBDE81040183000F09DB838B563
:104A4000054604680020AC4200D138BD002CFCD0E3
:104A50002046FFF7ECFF2046FFF78CFF2C68012073
:104A6000A542F1E770B505460E46F6F79FFBB6F195
:104A7000FF3F08BFB5F1FF3F0446284612D04FF470
:104A80007A7547F61120002147F612220023C4FB55
:104A90000501E4F71FFFB0F1004F71F1000128BFDD
:104AA0006FF0004070BD08B5C3171F3043F100031D
:104AB000400940EAC360C117F6F778FB400108BD22
:104AC00038B5EFF31185402383F31288BFF36F8F5E
:104AD0000468A04213D0A4B1C4F8C01022612046DB
:104AE000FFF716FF04F1180000F046F82046F6F72D
:104AF0005DF9012085F31188BFF36F8F38BD002069
:104B0000F8E72046F6E72DE9F04105460E46174640
:104B1000EFF31188402383F31288BFF36F8F04688B
:104B2000A0420FD1002088F31188BFF36F8FBDE83A
:104B3000F08139462046B0470028F4D16B68A34283
:104B4000F0D02468002CF4D1ECE708B50246F6F763
:104B5000EBFC70B1D0E904319B1A61EBE272B3F166
:104B6000004F72F1000104DA002AACBF18460020A1
:104B700008BD6FF00040FBE7024638B5EFF3118542
:104B8000402383F31288BFF36F8F0368CBB1F6F72E
:104B9000CBFC04461046F6F7D9FC00224FF0004348
:104BA0008442C0E9042306D1F6F7C6FCFFF7CDFF27
:104BB0000021F2F703FD002085F31188BFF36F8F0A
:104BC00038BD6FF01500F7E708B5F6F7C9FD08BD69
:104BD000F6F7C6BDB3F1FF3F08BFB2F1FF3F70B5B6
:104BE00006461D46144614D01A4316D0002B08DB87
:104BF000F6F7B6FD041941EB0501C6E90041304660
:104C000070BD6FF001031C1B4FF0FF3363EB050118
:104C1000F3E74FF0FF342146EFE70024FBE7B3F161
:104C2000FF3F08BFB2F1FF3FF8B5074616461C46E6
:104C300010D054EA020311D0F6F792FDB0420A46B2
:104C4000A14103460AD2F31A64EB0204C7E9003417
:104C50003846F8BD4FF0FF331C46F7E70023FBE76B
:104C60000023C0E9081200F11802C0E90622C0E9D9
:104C7000003303634363704710B50446FFF77CFFBE
:104C8000A8B9636A0BB12046984704F11800FFF7F2
:104C9000B8FE60B1FFF76EFEEFF31180402383F39F
:104CA0001288BFF36F8FBDE81040F6F7D7B910BD7B
:104CB0002DE9F041846805460E46D4B16378012B96
:104CC00022D114F8533C9A0711D5A4F16007384655
:104CD000FFF7ADFE082E0CBF6FF003030023236621
:104CE00014F8533CDB0602D13846FFF743FE00239D
:104CF00023700020EB68A860C3F38632164366F386
:104D00009433EB60BDE8F081022BF0D12378002BC7
:104D1000EDD054F8048CB8F1000FE8D004F1140081
:104D2000FFF72AFF0023A4F1140739464046E36247
:104D3000FFF74BFDDBE738B5EFF31185402383F335
:104D40001288BFF36F8F0468A04211D0D4E90032FB
:104D500013605A6000232046C4E90033FFF7A8FF20
:104D600085F31188BFF36F8F201E18BF012038BD57
:104D70000024F5E720B1011F50F8040CFFF73BBBFE
:104D80007047704700207047704710B5044608B15F
:104D9000F6F7C8FF2046BDE81040F6F7B3BF03465C
:104DA000C068E0B15888D0B11B8803F44F42B2F517
:104DB000824F09D1DBB2272B2AD008D8172B0FD06E
:104DC000222B34D0122B16D06FF085007047302B79
:104DD0002FD0413B012BF7D8FF2839D10020704755
:104DE000C028FBD0E128F9D0B0F5807F0CBF0020AF
:104DF0006FF08600704720F02003C02BEED020F02B
:104E00008003B3F5807FE9D040F209239842EDE7B3
:104E1000E928E3D0EF28E1D040F21B139842DDD01F
:104E200040F299139842D9D040F23B23EEE7E928AB
:104E3000F1E720F02003C02BD0D020F04003B3F5E1
:104E4000807FCBD0B0F5C07FC8D0B0F5007FCDE774
:104E5000B0F5E07FCAE73AB1002918BF002321214D
:104E6000D21A184400F003BF704741F2062398425B
:104E70001AD8B0F5905F09D241F2010398420CD0E4
:104E8000B0F5885F09D06FF0850070476923A0F501
:104E9000905080B2C340DB07F5D511F0070F0CBF6F
:104EA00000206FF086007047B0F5105FEBD121F065
:104EB0004003802B06D0B1F5807F0CBF00206FF03F
:104EC000860070470020704770B5446A05460E465C
:104ED0003CB90120F6F710FF686228B12046AE62A7
:104EE00070BD6FF08A00FBE76FF08C00F8E7F8B553
:104EF0001E460F4615460388C2B103F4E043B3F5DE
:104F0000805F02D0B3F5005F10D1089BE900196003
:104F10000088FFF7AAFF044630B92A4639463046D2
:104F200000F07EFE079B1D602046F8BD6FF08504F3
:104F3000FAE710B50446406A10B1A16AFFF725FFF1
:104F40000020C4E9090010BD38B50546FFF7F1FFA0
:104F50002B7F0446012B0ED0023B012B0ED82B6A6F
:104F6000012B18BF6FF096042C220021284600F078
:104F70007EFE204638BD2B6A002BF2E76FF09604C8
:104F8000F2E710B50368044653B100F0F6F80023C9
:104F90002360A38823F4FF7323F00103A38010BDD3
:104FA0001846FCE72DE9FF41984600230C460168AE
:104FB000054617460393A9BB4FF4AA72083000F0C8
:104FC00056FEB8F1000F20463B4614BF4FF48062F6
:104FD0004FF4006203A9F7F737F8044620BB039E9D
:104FE000384631882A1DF7F7DBF80446E0B96B79BB
:104FF000314668F300036B7100972846D6E9092310
:10500000B8F1000F0BD0F7F7ABFD044660B9039879
:10501000F7F70AFD0446204604B0BDE8F081F7F733
:10502000C3FDF2E76FF088042846FFF7AAFF039854
:10503000F7F7FAFCEFE70123FFF7B4BF38B50468D0
:10504000054664B112B90024204638BD00F080F84E
:1050500004460028F7D02846FFF793FFF4E76FF0E7
:105060008804F1E72DE9F0411746026805460E462F
:10507000984682B14279D2070DD502795AB1BA4227
:1050800016D800F06EF8044638B9A6B92846BDE82F
:10509000F041FFF776BF6FF088040023C8F8007076
:1050A0002B7146B92846FFF76CFF2046BDE8F0811A
:1050B0006FF08904F1E721463A463046D8F80030CF
:1050C000FFF7C9FE2846FFF75CFF002C08BF044627
:1050D000EBE7037F022B06D1036A5A1C03D001338E
:1050E0000362002070476FF09600704703466FF030
:1050F00040420846591E914207D338B103F140435C
:1051000093428CBF00200120704701207047034666
:1051100068B1017F8A1E012A0BD80329026A03D1D4
:10512000012A01D1FFF710BF1AB1013A1A6200201B
:1051300070476FF09600704700207047C0B2FF289C
:105140000CBF6FF0860000207047F7F7B3BD7047C3
:105150000368052B02D10830F8F754B86FF08600C9
:10516000704710B40468052C03D110BC0830F8F760
:1051700061B86FF0860010BC70470368052B02D140
:10518000083000F0D1B8002070470020F7F738BF92
:105190000020F7F76FBF002000F0C0B8E8F77CB937
:1051A0000A2840DCC31C22DA10F1400F47D010F16E
:1051B0003F0F2BDA10F1410F44D010F1550F44D0BE
:1051C00010F1490F08BF6FF0840018BF6FF0860020
:1051D000704709282AD8DFE800F005292908162990
:1051E0003829292F6FF09800704700207047C31CA2
:1051F0000D2B1BD8DFE803F0072F1A1C1A1A1A1AF6
:105200001A1A1D1A1A1D6FF08500704710F1210F30
:105210001ED00BDB10F1200F1DD010F1100F08BFB6
:105220006FF09400D1E764380928D2D96FF0860076
:1052300070476FF0940070476FF08C0070476FF00C
:10524000840070476FF0890070476FF093007047DB
:105250006FF0880070476FF09200704710B501380A
:105260000A44914200D110BD10F8013F11F8014BE2
:1052700063400370F5E70144814200D1704711F8A3
:10528000013D1A440A70120AF6E710B58B4294BF2A
:10529000C4184418A04200D110BD00F8012BF9E752
:1052A00000231A4682B001908B4201D102B07047B0
:1052B0000198C2540133F7E707B501A9F7F700FEDB
:1052C000003818BF012003B05DF804FBF7B50646AF
:1052D0000D46202D2F46A8BF202700216846F8F74D
:1052E0005BFC044670B93A4631466846F8F7A6FCBE
:1052F00010F1520F044608D0431CF4D0684600F069
:10530000C3FB34B1204603B0F0BD684600F0BCFBDF
:10531000E3E7EC1B3E44F5D02546DAE70020704772
:10532000F7F72ABFF7F728BF08B54FF4AA71FFF7C0
:10533000B7FF002008BD2DE9F041044680680F4604
:105340009042154609D3201A1C3000F069FCA3686E
:105350005B1BA3600020BDE8F081237F43B904F10B
:10536000200000F0D2FA18B1BDE8F041FFF718BFF5
:10537000A26832F0100309D0A01A39461C3000F0A0
:105380004FFCA3681F44ED1A0023A360A3686E1EA0
:1053900026F00F068BBB102204F10C0104F1200053
:1053A00000F023FA0028DFD110222077A26046B156
:1053B0003246394604F1200000F017FA0028D3D114
:1053C000207704F12008404600F0F4FA0028CBD101
:1053D000404600F04CFB0028C6D1102104F10C001F
:1053E000FFF75EFFAA1BB5D0B91904F10C0000F05D
:1053F00017FCA3685B1B3344ABE7002ED8D1237F97
:10540000002BDED02A46EFE738B543680446102B60
:1054100021D8037F00F120053BB9284600F075FA3A
:1054200018B1BDE83840FFF7BBBEA2680C34102AA3
:1054300007D021462846C2F1100200F0D6F9002814
:10544000EFD12146284600F001FA0028E9D128468C
:1054500000F00DFBE5E76FF0860038BDF7F7F0BF11
:10546000CA0448BF41F480618B0448BF41F4006125
:1054700081607047C0F30253013B10B5052B21D862
:10548000DFE803F0030B0B0B1B13012300F03000CC
:105490002028136013D0002010BD0B8844F2121195
:1054A0008B420CBF04230223F0E70B8844F2121155
:1054B0008B4214BF03230623E8E70323E6E7023306
:1054C0001360E8E76FF09800E6E713B50C46F7F7CE
:1054D000F7FCC31C0FD0013009D004224FF0FF337A
:1054E00021460DEB0200019300F0CDFB30B96FF0C7
:1054F0008B0002B010BD6FF08400FAE70020F8E7DF
:1055000030B589B0054618220C4601A8002100F0EC
:10551000AEFB012344EA052401A9BA2007940593B0
:10552000F7F788FC002818BF6FF0920009B030BD73
:10553000F7B5BA2001A9F7F7C3FC044610B1002063
:1055400003B0F0BD019D2F0AEDB2AC4205D1BA20E7
:10555000F7F79CFC0028F2D008E0E6193046F7F790
:1055600095FC30B13046FFF7A7FE10B96FF09200FE
:10557000E6E70134E9E738B503780446033303F07E
:105580000303012B0FD86FF0210038BD6078284449
:10559000F7F76EFC48B901352378C3F382039D42C7
:1055A000F4D30020F1E70025F6E70220EDE708B587
:1055B000F820FFF781FE18B9F920FFF77DFE10B142
:1055C0006FF0920008BDF820F7F752FC0028F7D1E1
:1055D000F920F7F74DFC0028F4D0F1E74368A3F178
:1055E0001001914241D8012243F80C2C53F8042CAD
:1055F00042F0200243F8042C53F8082C42F00052E9
:1056000043F8082C836800F11402A3F110019142C1
:105610002FD8012243F80C2C53F8042C42F020021E
:1056200043F8042C53F8082C42F0005243F8082C9D
:10563000C36803F15402BFF35F8F4FF0A3431A60B6
:10564000BFF35F8FC2680432BFF35F8F1A61BFF38D
:105650005F8FBFF35F8F03225A63BFF35F8FBFF388
:105660005F8F9A63BFF35F8F7047103242F80C2C44
:10567000B7E7103242F80C2CC9E738B5BFF35F8F9B
:105680004FF0A344E569BFF35F8FBFF35F8F102333
:105690006363BFF35F8F012000F04FFABFF35F8FAA
:1056A00000236363BFF35F8FBFF35F8FE36BBFF3D1
:1056B0005F8F5B06F8D425B1BFF35F8FE561BFF361
:1056C0005F8F38BD08B5F8F7ADFB30B9BFF35F8F1A
:1056D0004FF0A343986ABFF35F8FBFF35F8F4FF024
:1056E000A342D36BBFF35F8F10F0240F03F02303AB
:1056F00004D0FFF7C2FF6FF01F0008BD4FF0FF306E
:10570000002BFAD1BFF35F8F1063BFF35F8F184692
:10571000F3E710B59EB0024646F611031AA901A898
:10572000F8F7FAF90023039A10211360039A01A8ED
:105730009360039B1AAA10330393FFF74FFFFFF701
:10574000C1FF431C0446FAD001A87421FFF7A8FD4D
:1057500020461EB010BD38B502690546146914B163
:105760005069A047044605F11400F8F7FBFA2046FB
:1057700038BD08B5826803465AB902681169426AA1
:10578000114206D0FFF7E7FF002808BF6FF0530073
:1057900008BD03F11400702103F17802FFF71EFF2A
:1057A0000020F5E773B5064601A8F8F785FB044627
:1057B00078B906F11400F8F7ABFA0198FFF7A9FFE2
:1057C000044648B93269D3681BB150699847054609
:1057D00018B9204602B070BD05463046FFF7BBFF42
:1057E000002814BF04462C46F3E710B5047D034699
:1057F0004CB3B2F1807F06D3FFF7ADFF002808BF9E
:105800006FF03F0010BD4468062C06D9FFF7A3FFD8
:10581000002808BF6FF04400F4E70AB90020F1E760
:105820008069016099698A60186899698069C068AF
:10583000C860996910319961596801315960996856
:1058400011449960EAE76FF02000DBE710B4037DB4
:10585000002B56D08368C3B9836900F124021A6013
:10586000036882691B68013343F000539360046846
:1058700082692368A4690133E4681B0203F4F853C6
:105880002343D360836910338361036882681C6893
:10589000131923EA040384699B1A54F8042C42EA7E
:1058A000032244F8042C826952F8084C234443F044
:1058B000005342F8083C03681A68C368134423EA9B
:1058C0000203C2691160C269C1689160C26902F1D4
:1058D0001001C161C1688B420AD000211161C16809
:1058E000C2695B1A43F080439360C3691033C3619C
:1058F0000368DA68436A23EA0203436210BCFFF7D5
:1059000038BF6FF0200010BC704738B5037D0446E7
:10591000002B49D103685B69002B48D0FFF742FF99
:10592000054600283ED1214651F8783B626A9B69C2
:1059300004F114001B68F8F7EFF801236360236992
:105940009A689AB9A2691B6813602369A2695B68A7
:1059500043F0005393602268A36992699268DA6009
:10596000A3691033A361636801336360236AA2698A
:10597000C43313602368A2695B6943F000539360EA
:105980002268A36992695268DA60A36922681033B9
:10599000A3616368013363601269636A13436362DE
:1059A0000023A360284638BD6FF02005FAE76FF0AA
:1059B0004705F7E738B5027D0346002A40D0026864
:1059C000816894688C4206D9FFF7C5FE002808BF9D
:1059D0006FF0530038BD5468B1FBF4F504FB1514A7
:1059E00034B1FFF7B8FE002808BF6FF04500F1E7BB
:1059F000416AD06801435962D3E90701C431526951
:105A000001601868D96940690F328860D96922F04D
:105A10000F0201F11000D8611868406990420AD065
:105A20000C611868D9694069121A42F080428A6094
:105A3000DA691032DA611846BDE83840FFF799BEDE
:105A40006FF02000C6E738B5037D054663B1FFF768
:105A500039FE431C044605D02846FFF77CFE00288B
:105A600018BF0446204638BD6FF02004FAE710B591
:105A7000037D04462BB12046FFF7E5FF431CFAD017
:105A800010BD6FF02000FBE710B5037804461BB192
:105A9000F7F7DAF800232370002010BD0222036814
:105AA0009A607047C0F30B03482B4B6028BF482314
:105AB00010F4003F8B6008BF0023CB6010F48033EC
:105AC00008BFC1E9013300F47003B3F5700F14BFD0
:105AD00000238B6800284FF0010C4FF008028B6008
:105AE000B8BF0023C1E905C2B8BFC1E9053370479B
:105AF000F4F750BD4FF0FF324FF0FF33F4F7D2BC54
:105B0000FEF721BD4FF0FF324FF0FF33F4F7CABC70
:105B1000F4F740BD00F074B807B54FF0FF334FF015
:105B2000FF32CDE90023002200F077F803B05DF8E2
:105B300004FB00F06EB800F068B8FEF7B4BF2DE9C2
:105B4000F3470446DDE90A9815460E4659B302F0BC
:105B5000010AF5F78BFB0746EFF31181402383F32E
:105B60001288BFF36F8FA80744BF0023A360A36808
:105B700003EA0600BAF1000F0CD086420CD16A0786
:105B800044BF8343A36081F31188BFF36F8F02B0DA
:105B9000BDE8F0870028F2D159EA080305D181F366
:105BA0001188BFF36F8F0020F1E7C7E91A6522461D
:105BB000CDE9009804F10C00F5F7AAF90028F2D11C
:105BC000B86EE4E710B54B68D0E91A4212F0010F45
:105BD00003EA040301D09C4210D17BB183665207D3
:105BE00044BF8A681A430B6848BF8A604366012332
:105BF000086080F870301830FEF7BEFF002010BD3E
:105C00000023C0E90000836070474FF0FF32F8F7CF
:105C100079B90A460021F8F775B95200FFF78FBF2E
:105C20000A44431E914200D1704710B511F8014B50
:105C3000914203F8014FF9D110BD884210B501EB34
:105C4000020402D98442234607D8431EA14208D049
:105C500011F8012B03F8012FF8E7024401468A42AC
:105C600000D110BD13F8014D02F8014DF7E70244D1
:105C70000346934200D1704703F8011BF9E70A225B
:105C80000021F8F769BB0139024410B5904201D1F7
:105C9000002005E0037811F8014FA34201D0181B42
:105CA00010BD0130F2E710B56AB10139841810F85F
:105CB000012B11F8013F9A4203D1A04201D0002AE2
:105CC000F5D1D01A10BD1046FCE710B501390446D5
:105CD00032B111F8013F013A00F8013B002BF7D136
:105CE0000021FFF7C4FF204610BD0246014410B555
:105CF0008A42134603D01C780132002CF8D1181ABE
:105D000010BDF0B5C3F13707044603F01F0310467A
:105D1000FFB2082BE6B232D0102B3DD06508A408A4
:105D200045EAC17544EA81748A082D1942EB510293
:105D3000290941EA02716D1842EB1212290A41EA5F
:105D400002616D1842EB1222290C41EA02416D18E2
:105D500042EB1242AD1842F10002EC0844EA4274F0
:105D6000D10804EB8402A6EB4205EDB2092D0CD953
:105D70000134A5F10A0541F10001EDB212E0E40899
:105D800006F0070544EA4174C908303554EA0102B7
:105D900000F8015BBDD1F0BD240906F00F0544EA0F
:105DA00001740909092D84BFED19EDB2EDE72DE964
:105DB000F843B0FA80F6002980460F46A1EB0606AC
:105DC00006F1070625DB0846F8F7FCFD06443846D1
:105DD000F41BF8F7FDFD3946221A40463D3200F02B
:105DE0009EF8B74213DC1F2C68DC4FF0FF33A34052
:105DF00038EA03030CBF01240024B0FA80F33546CF
:105E0000F31A9E33FE2B27DD4FF0FF4044E00124C0
:105E1000F3E74C422046F8F7DBFD351A2046A5EBA8
:105E20000709F8F7D5FD21462E4609EB000240464A
:105E30003C3200F061F8AF4230DCB9F11F0F3DDCBD
:105E40004FF0FF3303FA09F338EA030327D0B0FA1F
:105E500080F30024EB1A9E33002B23EAE372D4BFB5
:105E6000012313465B1BA3F19705963B20FA05F12E
:105E700020FA03F3C90723D544B14FF0FF31A940FD
:105E800020EA010003F00101084319D0581CC0F3B7
:105E90001600C0B140EAC250BDE8F88300230521D6
:105EA000B8FBF1F202EB8205A84502D1013390461E
:105EB000F6E79C428CBF002401249EE700249CE767
:105EC000C3F31600E6E70132E4E710B5A3FB004395
:105ED0000299A2FB0020001943F100033F29DBBF18
:105EE000A1F12002C1F1400140398B40D6BFD04022
:105EF00023FA01F0184310BD30B587B004460846B8
:105F0000154602A9F8F7DEFD049B204600955A1CB1
:105F1000059B43F10003FFF7D8FF07B030BD30B554
:105F200087B015460446084602A9F8F759FD2046F1
:105F30000095DDE90423FFF7C8FF07B030BDF0B5D9
:105F40000F460446A0FB0201059EA7FB0252491919
:105F5000A3FB0445A7FB037342F10002611845F15E
:105F60000004D21943F10003121943F10003C6E9FA
:105F70000023F0BDF0B5059CC4F14007C4F1200634
:105F8000A4F12005E04002FA06F6BB4022FA05F52E
:105F9000BA403343C4F120062B4301FA06F6A4F1BC
:105FA0002005304321FA05F5E14028431943104309
:105FB000F0BD20F000420346B2F1FF4F70B5044639
:105FC00010D3002807DAF9F7D5F820B12046BDE84C
:105FD0007040F9F7F1B821462046E3F717F9044677
:105FE000204670BD002AFBD00028F0DB10F0FF42F5
:105FF0004FEAE0512BD0C3F31603CA07A1F17F008B
:106000004FF0000443F400034FF019054FEA60001D
:10601000264658BF5B004FF080715B0072189A42B1
:10602000DDBF561864189A1A1A46013D4FEA51010D
:106030004FEA4203F2D112B1013424F0010464109A
:1060400004F17C5404EBC054CAE75B00013218022F
:10605000FBD5013A891ACEE710B14FF000407047E6
:1060600000207047D1E9043293421EBF5A1C0A61D6
:106070001870704701480068704700008859012077
:106080008670FE7F01000000CD21010000000000AD
:10609000D5740100000000000000000088610200CB
:1060A00000000000A861020059A2010000000000E9
:1060B0007DA2010000000000000000000862020054
:1060C00000000000E861020000000000C86102005A
:1060D0005980010000000000213A02000000000089
:1060E00000000000286202005F380200000000008B
:1060F000D91F0100000000000000000048620200FB
:10610000D9D3000000000000D9A701000000000062
:10611000417201000000000000000000A8620200BF
:1061200000000000886202000000000068620200B7
:1061300000000000C862020000000000E8620200E7
:106140000000000048630200000000002863020015
:1061500000000000086302000123010000000000AD
:1061600085390200000000008F39020000000000A5
:106170000000000068630200C92401000000000064
:1061800035130100000000009D9B0200000000008C
:10619000846C0200C0080020000000005B38020090
:1061A0000000000000000000089B0200EC770200E5
:1061B000686C0200A8080020585D01200D6B0100EA
:1061C0000000000000000000369B0200187802006A
:1061D0002C6C0200AE080020C85D0120116F010088
:1061E0000000000054070020429B02002C780200AF
:1061F0002C6C0200B0080020D45D0120116F01005A
:1062000000000000640700204D9B0200407802005F
:106210002C6C0200B2080020E05D0120116F01002B
:106220000000000074070020159B02000000000021
:106230000C6C0200AA08002000000000613002007F
:106240000000000000000000D49B020000000000DD
:1062500078790200C2080020385F01207D770100B4
:106260000000000000000000769B0200B8780200E9
:106270008C6C0200B8080020C45E0120C537020003
:1062800000000000000000007F9B0200E878020090
:106290008C6C0200BA080020E05E0120C5370200C5
:1062A0000000000000000000889B02001879020036
:1062B0008C6C0200BC080020FC5E0120C537020087
:1062C0000000000000000000919B020048790200DD
:1062D0008C6C0200BE080020185F0120C537020048
:1062E0000000000000000000F49A0200000000001E
:1062F000006C0200A40800200000000015630100EB
:1063000000000000A00600201D9B0200000000000D
:10631000146C0200AC08002000000000F16D0100C8
:106320000000000000000000589B020094070020BD
:10633000506C0200B4080020EC5D0120073202001E
:106340000000000084070020639B0200D4070020A7
:10635000506C0200B6080020585E0120073202008F
:1063600000000000C4070020FE9A02008C770200A3
:10637000D4770200A6080020B0060020596801006A
:106380000000000000000000000000002F0E0200CE
:10639000000000002F0E0200000000002F0E02007F
:1063A000000000002F0E0200000000002F0E02006F
:1063B000000000002F0E0200000000002F0E02005F
:1063C000000000002F0E0200000000002F0E02004F
:1063D000000000002F0E0200000000002F0E02003F
:1063E000000000002F0E0200000000002F0E02002F
:1063F000000000002F0E0200000000002F0E02001F
:10640000000000002F0E0200000000002F0E02000E
:10641000000000002F0E0200000000002F0E0200FE
:10642000000000002F0E0200000000002F0E0200EE
:10643000000000002F0E0200000000002F0E0200DE
:10644000000000002F0E0200000000002F0E0200CE
:10645000000000002F0E0200000000002F0E0200BE
:10646000000000002F0E020000000000C1800100AB
:10647000000000002F0E0200000000002F0E02009E
:10648000000000002F0E0200000000002F0E02008E
:10649000000000002F0E0200000000002F0E02007E
:1064A000000000002F0E0200000000002F0E02006E
:1064B000000000002F0E0200000000002F0E02005E
:1064C000000000002F0E0200000000002F0E02004E
:1064D000000000002F0E0200000000002F0E02003E
:1064E000000000002F0E0200000000002F0E02002E
:1064F000000000002F0E0200000000002F0E02001E
:10650000000000002F0E0200000000002F0E02000D
:10651000000000002F0E0200000000002F0E0200FD
:10652000000000002F0E0200000000002F0E0200ED
:10653000000000002F0E0200000000002F0E0200DD
:10654000000000002F0E0200000000002F0E0200CD
:10655000000000002F0E0200000000002F0E0200BD
:10656000000000002F0E0200000000002F0E0200AD
:10657000000000002F0E0200000000002F0E02009D
:10658000000000002F0E0200000000002F0E02008D
:10659000000000002F0E0200000000002F0E02007D
:1065A000000000002F0E0200000000002F0E02006D
:1065B000000000002F0E0200000000002F0E02005D
:1065C000000000002F0E02000000000095DD010019
:1065D000000000002F0E0200000000002F0E02003D
:1065E000000000002F0E0200000000002F0E02002D
:1065F000000000002F0E0200000000002F0E02001D
:10660000000000002F0E0200000000002F0E02000C
:10661000000000002F0E0200000000002F0E0200FC
:10662000000000002F0E0200000000002F0E0200EC
:10663000000000002F0E0200000000002F0E0200DC
:10664000000000002F0E0200000000002F0E0200CC
:10665000000000002F0E0200000000002F0E0200BC
:10666000000000002F0E0200000000002F0E0200AC
:10667000000000002F0E0200000000002F0E02009C
:10668000000000002F0E0200000000002F0E02008C
:10669000000000002F0E0200000000002F0E02007C
:1066A000000000002F0E0200000000002F0E02006C
:1066B000000000002F0E0200000000002F0E02005C
:1066C000000000002F0E0200000000002F0E02004C
:1066D000000000002F0E0200000000002F0E02003C
:1066E000000000002F0E0200000000002F0E02002C
:1066F000000000002F0E0200000000002F0E02001C
:10670000000000002F0E0200000000002F0E02000B
:10671000000000002F0E0200000000002F0E0200FB
:10672000000000002F0E0200000000002F0E0200EB
:10673000000000002F0E0200000000002F0E0200DB
:10674000000000002F0E0200000000002F0E0200CB
:10675000000000002F0E0200000000002F0E0200BB
:10676000000000002F0E0200000000002F0E0200AB
:10677000000000002F0E0200000000002F0E02009B
:10678000000000002F0E0200000000002F0E02008B
:10679000000000002F0E0200000000002F0E02007B
:1067A000000000002F0E0200000000002F0E02006B
:1067B000000000002F0E0200000000002F0E02005B
:1067C000000000002F0E0200000000002F0E02004B
:1067D000000000002F0E0200000000002F0E02003B
:1067E000000000002F0E0200000000002F0E02002B
:1067F000000000002F0E0200000000002F0E02001B
:10680000000000002F0E0200000000002F0E02000A
:10681000000000002F0E0200000000002F0E0200FA
:10682000000000002F0E0200000000002F0E0200EA
:10683000000000002F0E0200000000002F0E0200DA
:10684000000000002F0E0200000000002F0E0200CA
:10685000000000002F0E0200000000002F0E0200BA
:10686000000000002F0E0200000000002F0E0200AA
:10687000000000002F0E0200000000002F0E02009A
:10688000000000002F0E0200000000002F0E02008A
:10689000000000002F0E0200000000002F0E02007A
:1068A000000000002F0E0200000000002F0E02006A
:1068B000000000002F0E0200000000002F0E02005A
:1068C000000000002F0E0200000000002F0E02004A
:1068D000000000002F0E0200000000002F0E02003A
:1068E000000000002F0E0200000000002F0E02002A
:1068F000000000002F0E0200000000002F0E02001A
:10690000000000002F0E0200000000002F0E020009
:10691000000000002F0E0200000000002F0E0200F9
:10692000000000002F0E0200000000002F0E0200E9
:10693000000000002F0E0200000000002F0E0200D9
:10694000000000002F0E0200000000002F0E0200C9
:10695000000000002F0E0200000000002F0E0200B9
:10696000000000002F0E0200000000002F0E0200A9
:10697000000000002F0E0200000000002F0E020099
:10698000000000002F0E0200000000002F0E020089
:10699000000000002F0E0200000000002F0E020079
:1069A000000000002F0E0200000000002F0E020069
:1069B000000000002F0E0200000000002F0E020059
:1069C000000000002F0E0200585E0120A59D01006E
:1069D000000000002F0E0200000000002F0E020039
:1069E000000000002F0E0200000000002F0E020029
:1069F000000000002F0E0200000000002F0E020019
:106A0000000000002F0E0200B0060020A740020088
:106A1000000000002F0E0200000000002F0E0200F8
:106A2000000000002F0E0200000000002F0E0200E8
:106A3000A19801005D3A0200000000002F0E020044
:106A4000000000002F0E0200000000002F0E0200C8
:106A5000000000002F0E0200000000002F0E0200B8
:106A600058050020D9310200000000002F0E02005E
:106A7000000000002F0E0200000000002F0E020098
:106A8000000000002F0E0200000000002F0E020088
:106A9000000000002F0E0200000000002F0E020078
:106AA000000000002F0E0200098D01005D3A020077
:106AB000000000002F0E0200000000002F0E020058
:106AC000000000002F0E0200000000002F0E020048
:106AD000000000002F0E0200000000002F0E020038
:106AE000000000002F0E0200000000002F0E020028
:106AF000000000002F0E0200000000002F0E020018
:106B0000000000002F0E0200000000002F0E020007
:106B1000000000002F0E0200000000002F0E0200F7
:106B2000000000002F0E0200000000002F0E0200E7
:106B3000000000002F0E0200000000002F0E0200D7
:106B4000000000002F0E0200000000002F0E0200C7
:106B5000000000002F0E0200000000002F0E0200B7
:106B6000000000002F0E0200000000002F0E0200A7
:106B7000000000002F0E0200000000002F0E020097
:106B8000000000002F0E0200000000002F0E020087
:106B9000000000002F0E0200000000002F0E020077
:106BA000000000002F0E0200EC5D0120A59D0100F9
:106BB000AB4102005D3A0200000000002F0E02000F
:106BC000000000002F0E0200000000002F0E020047
:106BD000000000002F0E0200000000002F0E020037
:106BE000000000002F0E0200000000002F0E020027
:106BF000E0040020D9310200000000002F0E020046
:106C0000D961010029650100840300004D300200B4
:106C100000000000E56E0100293102002131020070
:106C2000D96D0100C96D0100E16D0100696F0100BE
:106C30003B310200473102005B3102006531020046
:106C40006F3102003D71010083310200000000003D
:106C5000F1330200000000003F320200000000009B
:106C600000000000AB330200656B0100B72F02008B
:106C70001930020000000000532F02000000000045
:106C80000000000000000000000000006B37020060
:106C900045380200893702009737020000000000E3
:106CA000B1370200000000000000000000000000FA
:106CB00000000000000000000000000000000000D4
:106CC00000000000000000000000000005000000BF
:106CD0002946010006000000556101000400000083
:106CE000194C010001DF00005DDA00000000000027
:106CF0000000000009D90000F9D80000DDD800002C
:106D0000000000003876020008000000D87602007B
:106D100007000000BC730200040000003073020092
:106D20000600000032940200000000000000000095
:0C6D300021D50000000000000000000061
:106D40000600060000009001FB00904200000202D5
:106D500000000000030000003000000060000000A0
:106D60000000000000A0105000820D5000040550EB
:106D70000500000004000000010000000102020301
:106D800003010001000001010000010001000001F9
:106D900000010000000001000B0002000A000500D5
:106DA00009000A000800140007001E000600320057
:106DB00005004B0004006400030096000200FA0086
:106DC0000100F4010000F401FA00960064004B0099
:106DD00032001E0014000A000500020001000C0829
:106DE00002170D0101020909010106020918180321
:106DF000010109090303850302012302022409108A
:106E0000040405050B0B040B2B1B1B159A9A1C0283
:106E10001D16130501490D150508061B1B0F010161
:106E20000000FEFEFEFEFEFEFEFEFEFEFEFEFEFE7E
:106E3000FEFEFEFEFEFEFE16FEFEFEFEFEFEFEFE5A
:106E4000FEFEFE1F1FFEFE26FEFEFEFEFEFEFEFEF8
:106E5000FEFEFEFEFEFEFEFEFEFE3E3EFEFEFEFED2
:106E60003B3BA201B003BE05EE024806A209C405E1
:106E7000F40B2412201200200200000B010000007D
:106E800007000000000000000000000000000000FB
:106E90000406080A0C0E10121416181C1E202224B8
:106EA00026282A2C2E30323436383A3C3E40424492
:106EB00046484A4C4E021A500000000028000000CC
:106EC0001800000000000000F02300002413000060
:106ED0000000000040060000400600000000980886
:106EE0006B03000000000000F023000024130000EA
:106EF0000000000048A3000014A0000000004006AD
:106F00000C0300009C0000200200000B8A120020ED
:106F10000200000CEE1200200200000BEE12002016
:106F20000100000CEC1200200100000C0000000029
:106F30000000010101010101010101010101020241
:106F400002020202030304040505060607070808F7
:106F5000090A0B0C0D0E0F10111213141516171829
:106F6000191A1B0010010000D200000030010000BF
:106F7000D800000001000000E40000000200000052
:106F8000EA00000002000000EC0000000300000026
:106F9000EE00000004000000F0000000050000000A
:106FA000F200000006000000F400000007000000EE
:106FB000F600000008000000F700000009000000D3
:106FC000F80000000A000000F90000000B000000BB
:106FD000FA0000000D000000FB0000000F000000A0
:106FE000FC00000011000000FD0000001300000084
:106FF000FE00000015000000FF0000001800000067
:10700000000000001B000000010000001F00000045
:107010000200000023000000030000002800000020
:10702000040000002D0000000500000033000000F7
:107030000600000039000000070000003F000000CB
:107040000800000000100200FA0000000600060020
:10705000000090010000000000000000000000009F
:107060000338FDD870470000000000000000000059
:107070000338FDD870470000000000000000000049
:107080000338FDD870470000010000000000000038
:1070900005000000000000001900000000000000D2
:1070A0007D000000000000007102000000000000F0
:1070B000350C000000000000093D00000000000049
:1070C0002D31010000000000E1F505000000000086
:1070D00065CD1D0000000000F902950000000000D1
:1070E000DD0EE90200000000514A8D0E0000000094
:1070F0009573C24800000000E941CC6B010000001C
:107100008D49FD1A07000000C16FF28623000000C0
:10711000C52EBCA2B1000000D9E9AC2D7803000057
:107120003D9160E45811000031D6E275BC56000074
:10713000F52E6E4DAEB10100C9EA268367780800CE
:10714000ED95C28F055A2A00A1EDCCCE1BC2D3000B
:1071500025A4000A8BCA22040000000000000000E1
:10716000000000000000001000000000000000000F
:10717000B9340332B7F4AD1410DB1AB30892540ECD
:107180000D307D951447BA1A66088F4D26ADC66D31
:10719000F598BF85E2B74511CA96853D92BD1DEBB6
:1071A000FCA11860DCEF52163C92AE220BB8C1B4C1
:1071B000839D2D5B0562DA1C304C7E8F4E8BB25B5B
:1071C00016F4529F8B56A512FBD4827643ED8AF0BB
:1071D0008FE7F9311565191850F19BD94A13EEB4B0
:1071E000284CF0A686C1251F035FC270CB9E4916AE
:1071F000E642889C44EB2014B0650836AD6EA58548
:1072000085F0CA14E2FD031A0B899979D5B13D09BD
:10721000D8DA973A35EBCF10AC363F5E73BB38CF38
:107220003E6752FA44AFBA150100000000000000AA
:107230000000000000000020345065C05FC9A65265
:10724000BB13CBAEC440C21806C8DF7100D5A87C02
:10725000F56F0FDA58FC27136E4756357D242065ED
:1072600002C7E768E48CA41DE9E60268D7CD39615E
:107270007977FCC2405BEF16798CDE43FFA751F9AA
:1072800091F3B278F5BDBE11E857E9D6E8BEE87BC8
:10729000B054AC8F848D751BEA23A499E9F9D38B84
:1072A000B7A3714061DA3E15CEE33ECB73F94808CF
:1072B0008C97B427D51B7010A2BFEFB9EB853215A0
:1072C0004DB44DB49BBB6F1996B6076CF8E7EEADA5
:1072D00036D9B4F59135AE13222218AF4E6A684DF7
:1072E00091DAAA3D4F40741E9FBD9EE006A1C09852
:1072F00057C2A7FDA40E90170E7D497173E3208F2E
:10730000B220D87605143B12853D7434811343B006
:10731000AD297A5F27F4351C090E0000CD7D0200EF
:10732000010100006C080020071000005C0800202C
:107330004C7B02009D280200000000009008002005
:1073400000000100487B0200A72B020000000000A3
:1073500060040020000001007F0800200000000001
:10736000000000000000000000000000447B02005C
:107370006F2802004157010048040020000003006C
:10738000407B0200A72B0200000000004004002008
:10739000000001006E0800200000000025E300004E
:1073A0000000000000000200E86202000701020481
:1073B00000000707000000000C080000647B0200CA
:1073C0009D28020000000000607B02000000010018
:1073D0005C7B0200A72B020000000000800400205C
:1073E00000000100547B0200C1D800000000000032
:1073F0006D08002000000100507B02006F28020091
:10740000415701006804002000000300C861020029
:10741000000011000862020000000100C8610200C3
:107420000200000002000000000000000000000058
:107430000050150008630200010000000050150014
:10744000000001000863020060000020000000004E
:1074500006000100020000005C7402000000000051
:107460000099020002000000E04F1600000000201A
:107470000899020021000000E0EF0220D004002063
:107480006D20010000000000F10E02008074020077
:107490009C740200DE00000000000000A8340220FE
:1074A00080740200B07402002E0000000000000092
:1074B0006040022080740200C474020002010000D7
:1074C00000000000344102200E030000C931010019
:1074D0000F040000C53201001A010000F311020080
:1074E000050400007D240100130100003B1302008D
:1074F0003E0100006925010001120000D5130200C1
:107500000A1E00002D130200FF01000029250100C2
:107510003E01000049250100050400001912020087
:10752000100100005712020001120000112D01008D
:107530000A1E0000CF140200030900007928010090
:10754000040B000097120200060A0000DB1502007F
:10755000070A00005F1202000C050000131402006D
:1075600080740200707502004700000000000000F7
:107570005042022080740200847502000000000066
:107580000000000070430220807402009875020021
:10759000DD0000000000000098430220211B0200D3
:1075A000731B02000000000000000000000000004B
:1075B000ED1C0200000000000000000000000000C0
:1075C00000000000020201008D25020004040100F9
:1075D000C55301000606010005530100080401001F
:1075E000F15101000A020100752502000C0401009E
:1075F0005D2502000E040100C550010020040100B9
:107600002950010010040100394F0100120201004D
:10761000D72502001E00040071260200520200005D
:10762000FD2502008074020034760200DF000000B5
:1076300000000000B8490220947B02009D2802004F
:1076400000000000907B0200000001008C7B020023
:10765000A72B0200000000006806002000000100C7
:10766000847B020000000000000000000000000019
:1076700000000000807B02006F28020041570100DB
:1076800070060020000003007C7B0200A72B020094
:10769000000000006006002000000100747B020072
:1076A000D52802007F2A020000000000000003002D
:1076B000707B0200A72B020000000000580600208B
:1076C00000000100687B0200815B010000000000F7
:1076D0000000000000000100C07B02009D280200A5
:1076E00000000000BC7B020000000100B87B02002B
:1076F000A72B0200000000009806002000000100F7
:10770000B07B02000529020000000000000000001C
:1077100000000100AC7B0200A72B0200000000006B
:107720009006002000000100A47B02002F29020027
:10773000000000000000000000000100A07B02002B
:10774000A72B0200000000008806002000000100B6
:10775000987B020057290200000000000000000092
:107760000000010000000000000000000000000018
:1077700000000000000000005D2E0200000000007C
:107780000000000000000000000000005D69010032
:107790000101000000000000000000002828070090
:1077A000040000000300000001010000B87702009F
:1077B000000000000000000000000D50C47702002F
:1077C00001000000CC770200020000002C00001431
:1077D0002D0000150D670100C1680100B72E0200E1
:1077E000C96A0100996A0100000000002D6C0100C7
:1077F000AD6B0100433002003F300200100000007A
:1078000001FF0000650100000010000000A0105002
:1078100000820D50000405507F00000000A01050B1
:10782000E00400200000000000000000FFFF000056
:1078300000820D50580500200000000001000000EB
:10784000FF070000000405500000000000000000D9
:1078500002000000004010506078020002000000AA
:107860007878020002000000707802000201000037
:107870000480000C0380000B0400000C0300000BCC
:1078800000800C508C78020002000000A4780200F6
:10789000020000009C780200020100002A80000C17
:1078A0002B80000B2A00000C2B00000B00A01050B6
:1078B00000820D500004055000000080FFFFFF7F94
:1078C0000000008000000080FFFFFF7F00000080BC
:1078D00000000000000000009D9B020000FF0A0065
:1078E000E86102000F00000000000080FFFFFF7F42
:1078F0000000008000000080FFFFFF7F000000808C
:1079000000000000000000009D9B020000FF0A0034
:10791000086202000300000000000080FFFFFF7FFC
:107920000000008000000080FFFFFF7F000000805B
:1079300000000000000000009D9B020000FF0A0004
:10794000086202000500010000000080FFFFFF7FC9
:107950000000008000000080FFFFFF7F000000802B
:1079600088130000000000009D9B020000FF0B0038
:10797000C861020001000000BD76010077380200F6
:10798000A538020000A0105000820D5000040550E0
:1079900008000000020000000400000001000000D8
:1079A00000A0105000820D5000040550003000006F
:1079B000FFFFFFFF00100000002000002400000077
:1079C0002500000026000000270000002B0000001A
:1079D0002C0000002D0000002E00000000A0105020
:1079E00000820D500004055000A0105000820D5080
:1079F000000405508860020098600200E860020000
:107A0000F060020080610200886102002B9C02008D
:107A1000000100000000000000010100000202005F
:107A200000140000002800000040000001000000D9
:107A3000020000000F000000100000001000000015
:107A4000200000001000000010000000507A02002A
:107A500011000000112800001108000001000000C2
:107A60000000000000000000000000000000000016
:107A700000000040955969595555545515555556AE
:107A80000405154110545540455155444045504456
:107A900050555545004000404004449665555655A4
:107AA0004540455451411540559155555555405106
:107AB00005010000544554544555050400100410B8
:107AC00014044000000001405555154154040000C5
:107AD0004400010000000040410000445044455073
:107AE00054005555545565510040004001000001B7
:107AF0000005010011545151545555050000000076
:107B00000000000000000000D1F71737D1F717B7C9
:107B10008071313F807131BF0000003F000000BF25
:107B20006937AC3168212233B40F14336821A23392
:107B30003863ED3EDA0F493F5E987B3FDA0FC93F6D
:107B4000000003280000022900000328000000288C
:107B5000000002290000192A0000192A0000032849
:107B600000000F180000002800002A2B00002A2B1C
:107B7000000003280000292B0000292B0000032807
:107B8000000002290000052A0000052A0000032841
:107B900000000118000000280000042A0000042A48
:107BA000000003280000012A0000012A0000032829
:107BB0000000002A0000002A00000328000000182E
:107BC000000000282320424C452064617461206C31
:107BD000656E67746820757064617465643A2074BA
:107BE000783D25752F25752075732072783D257594
:107BF0002F25752075730A002320424C45205048DC
:107C00005920757064617465643A2074783D2575F7
:107C10002072783D25750A002320424C4520636F71
:107C20006E6E20706172616D733A20696E74657258
:107C300076616C3D257520756E697473206C617476
:107C4000656E63793D25752074696D656F75743D4A
:107C500025750A00656E61626C6564006469736114
:107C6000626C6564002320424C45206C6976652077
:107C70006E6F74696669636174696F6E73202573D2
:107C80000A002320424C4520636F6E6E20706172A3
:107C9000616D2075706461746520726571756573BE
:107CA00074206661696C65643A2025640A002320AB
:107CB000424C4520636F6E6E20706172616D20755D
:107CC0007064617465207265717565737465643A7A
:107CD00020696E74657276616C2025752D2575207E
:107CE000756E6974730A002320424C4520646174E8
:107CF00061206C656E6774682075706461746520BE
:107D000072657175657374206661696C65643A208B
:107D100025640A002320424C452064617461206C74
:107D2000656E677468207570646174652072657132
:107D30007565737465643A207478202575206279BE
:107D40007465732025752075730A002320424C4505
:107D50002050485920757064617465207265717592
:107D6000657374206661696C65643A2025640A0055
:107D70002320424C45205048592075706461746539
:107D8000207265717565737465643A20324D0A001E
:107D90002320424C4520646973636F6E6E65637483
:107DA00065643A20726561736F6E2025750A002341
:107DB00020424C45206164766572746973696E6710
:107DC000206661696C65643A2025640A004F70651D
:107DD0006E466C6F61742D34363346002320424C5E
:107DE00045206164766572746973696E673A20250F
:107DF000730A006F70656E666C6F61742F74256412
:107E0000002320747261636520736176652066616A
:107E1000696C656420666F7220736C6F74202564D2
:107E20003A2025640A006F70656E666C6F61742F6E
:107E3000666F6C6C6F776D73002320666F6C6C6F70
:107E4000772D7468726F7567682073617665206638
:107E500061696C65643A2025640A006F70656E661E
:107E60006C6F61742F73747265616D7261746500FB
:107E7000232073747265616D72617465207361761D
:107E800065206661696C65643A2025640A006F703C
:107E9000656E666C6F61742F6175746F736C656568
:107EA000700023206175746F20736C65657020739A
:107EB000617665206661696C65643A2025640A0014
:107EC0006F70656E666C6F61742F6275666E767327
:107ED000002320627566666572206E76732073617A
:107EE0007665206661696C65643A2025640A006FD6
:107EF00070656E666C6F61742F6275667261746511
:107F00000023206275666665722072617465207355
:107F1000617665206661696C65643A2025640A00B3
:107F20006F70656E666C6F61742F63616E745F6FE6
:107F3000666673657400232063616E745F6F6666A6
:107F40007365742073617665206661696C65643A57
:107F50002025640A006F70656E666C6F61742F7007
:107F6000697463685F6F6666736574002320706967
:107F70007463685F6F6666736574207361766520ED
:107F80006661696C65643A2025640A006F70656EED
:107F9000666C6F61742F736C65657073656E7300CA
:107FA0002320736C6565702073656E7369746976E0
:107FB0006974792073617665206661696C65643ADD
:107FC0002025640A006F70656E666C6F61742F7394
:107FD0006C65657074696D65002320736C656570F0
:107FE0002074696D656F75742073617665206661B4
:107FF000696C65643A2025640A006F70656E666C72
:108000006F61742F77616B6573656E7300232077E2
:10801000616B652073656E73697469766974792024
:1080200073617665206661696C65643A2025640A2F
:10803000006F70656E666C6F61742F73686F747318
:1080400000232073686F7420636F756E74207361F2
:108050007665206661696C65643A2025640A0023B0
:108060002074726163652066726F7A656E3A207360
:10807000686F743D257520736C6F743D25642063B3
:108080006F756E743D257520666F6C6C6F775F6DD4
:10809000733D25750A002320424C45206C697665A6
:1080A000206E6F74696669636174696F6E732073A3
:1080B00074616C653B20646973636F6E6E65637495
:1080C000696E672069646C652063656E7472616CAB
:1080D0000A002320424C45207374616C652064695A
:1080E00073636F6E6E656374206661696C65643A74
:1080F0002025640A002320424C4520636F6E6E6584
:108100006374696F6E206661696C65643A202575D9
:108110000A002320424C4520636F6E6E65637465D0
:10812000640A002D00257320257325642E25302A2E
:10813000640A00232050444D206D6963726F70689B
:108140006F6E652073616D706C696E67207374610A
:10815000727465640A0023204661696C656420744A
:108160006F2073746172742050444D3A2025640A64
:10817000002320424C452074726163653A20666991
:108180006E69736865642075706C6F616420666FDA
:10819000722073686F743D25640A00232074726135
:1081A0006365206368756E6B2075706C6F61642009
:1081B0006E6F74696679206661696C65643A202522
:1081C000642C207265747279696E67206368756EBD
:1081D0006B2025642E2E2E0A006F70656E666C6F04
:1081E00061742F73686F746C6F6700232073686FFE
:1081F00074206C6F672073617665206661696C65B9
:10820000643A2025640A004F4E004F4646007A65C6
:10821000726F002320424C4520636F6E74726F6C46
:108220003A207A65726F2063616C69627261746969
:108230006F6E207265717565737465640A0073688A
:108240006F7474726967676572002320424C452021
:10825000636F6E74726F6C3A2073686F74207472FF
:1082600069676765722073696D756C617465640A0E
:10827000007468726573683A002320424C4520639D
:108280006F6E74726F6C3A20696E76616C696420EF
:108290007468726573686F6C6420636F6D6D616E76
:1082A0006420272573270A002320424C4520636F52
:1082B0006E74726F6C3A2073686F742074687265A4
:1082C00073686F6C642073657420746F2025642E4E
:1082D0002530316420670A0073746172740073740E
:1082E0006F700073686F7464756D70002320424C6A
:1082F0004520636F6E74726F6C3A2073746F726591
:10830000642073686F742075706C6F61642072658F
:10831000717565737465642C2070656E64696E6731
:108320003D25750A0073686F747265736574002368
:1083300020424C4520636F6E74726F6C3A207368F4
:108340006F7420636F756E7420726573657420742A
:108350006F20300A0073686F747365743A002320CD
:10836000424C4520636F6E74726F6C3A2073686F75
:108370007420636F756E742073657420746F20258C
:10838000640A0073686F7461636B3A002320424C87
:108390004520636F6E74726F6C3A2073746F7265F0
:1083A000642073686F742061636B65643A2069644C
:1083B0003D256C752070656E64696E673D25750A94
:1083C000002320424C4520636F6E74726F6C3A201C
:1083D00073746F7265642073686F742061636B20BF
:1083E00069676E6F7265643A2069643D256C750A31
:1083F0000077616B6573656E733A002320424C45CC
:1084000020636F6E74726F6C3A20696E76616C696E
:10841000642077616B652073656E73697469766932
:10842000747920636F6D6D616E6420272573270A50
:10843000002320424C4520636F6E74726F6C3A20AB
:1084400077616B652073656E736974697669747999
:108450002073657420746F2025642E2530316420CC
:10846000670A00736C65657074696D653A00232056
:10847000424C4520636F6E74726F6C3A20696E7661
:10848000616C696420736C6565702074696D656FDB
:10849000757420636F6D6D616E6420272573270AE4
:1084A000002320424C4520636F6E74726F6C3A203B
:1084B000736C6565702074696D656F757420736584
:1084C0007420746F20257520730A00736C656570C5
:1084D00073656E733A002320424C4520636F6E74BF
:1084E000726F6C3A20696E76616C696420736C659A
:1084F00065702073656E7369746976697479206339
:108500006F6D6D616E6420272573270A002320425A
:108510004C4520636F6E74726F6C3A20736C6565A6
:10852000702073656E7369746976697479207365F8
:108530007420746F2025642E2530326420670A0071
:10854000627566726174653A002320424C4520636F
:108550006F6E74726F6C3A20627566666572207217
:108560006174652073657420746F20256420487AD7
:108570000A002320424C4520636F6E74726F6C3A80
:1085800020696E76616C696420627566666572202A
:108590007261746520636F6D6D616E642027257351
:1085A000270A006275666E76733A002320424C45B6
:1085B00020636F6E74726F6C3A20627566666572C6
:1085C000204E56532073657420746F2025730A0063
:1085D0002320424C4520636F6E74726F6C3A2069A1
:1085E0006E76616C696420627566666572204E56AF
:1085F0005320636F6D6D616E6420272573270A0019
:108600006175746F736C6565703A002320424C4548
:1086100020636F6E74726F6C3A206175746F207393
:108620006C6565702073657420746F2025730A0073
:108630002320424C4520636F6E74726F6C3A206940
:108640006E76616C6964206175746F20736C65650A
:108650007020636F6D6D616E6420272573270A009B
:1086600073747265616D726174653A002320424CC7
:108670004520636F6E74726F6C3A2073747265611B
:108680006D20726174652064697669646572207317
:10869000657420746F2025640A002320424C452015
:1086A000636F6E74726F6C3A20696E76616C696488
:1086B0002073747265616D207261746520646976DF
:1086C0006964657220636F6D6D616E642027257328
:1086D000270A00666F6C6C6F776D733A0023204237
:1086E0004C4520636F6E74726F6C3A20666F6C6CD1
:1086F0006F772D7468726F75676820747261636537
:108700002077696E646F772073657420746F2025FD
:1087100075206D730A0074726163657265713A0049
:108720002320424C4520636F6E74726F6C3A207444
:10873000726163652075706C6F616420737461721F
:1087400074656420666F722073686F743D256C7564
:1087500020736C6F743D2564206C656E3D25640A42
:10876000002320424C4520636F6E74726F6C3A2078
:108770007472616365206E6F7420666F756E64201D
:10878000666F722073686F743D256C7520736C6F13
:10879000743D2564202873746F7265642073686F5C
:1087A000745F69643D2575290A002320424C4520E9
:1087B000636F6E74726F6C3A20756E6B6E6F776E4E
:1087C00020636F6D6D616E6420272573270A002377
:1087D000204261747465727920534141444320649E
:1087E0006576696365206E6F742072656164790ACD
:1087F00000232042617474657279204144432063F0
:1088000068616E6E656C2073657475702066616951
:108810006C65643A2025640A002320426174746503
:108820007279204144432072656164206661696CFD
:1088300065643A2025640A0009636F6E7665727379
:10884000696F6E20726573756C74206973206F7523
:1088500074206F662072616E67650A002320426192
:108860007474657279206D6561737572656D656E7E
:10887000743A207261773D25642C2070696E5F6DBB
:10888000763D25642C20766261745F6D763D2564AB
:108890002C207063743D256425250A002320504454
:1088A0004D206D6963726F70686F6E652073616DC6
:1088B000706C696E672073746F707065640A002352
:1088C000204661696C656420746F2073746F70203A
:1088D00050444D3A2025640A002320444D4943204A
:1088E000646576696365206E6F7420726561647972
:1088F000210A0023204661696C656420746F20633F
:108900006F6E66696775726520444D49433A20254C
:10891000640A00232050444D20417564696F20692A
:108920006E697469616C697A65643A2025752048BE
:108930007A2C2025752073616D706C65732F626CC5
:108940006F636B2C207E257520626C6F636B732FB9
:10895000730A002320415544494F5F4552522C72FF
:108960006561645F6661696C3D256420746F746144
:108970006C3D257520626C6F636B733D25750A0035
:108980002320415544494F5F5245434F5645522C91
:1089900072657374617274696E672050444D206112
:1089A000667465722072656164206661696C7572B7
:1089B00065730A002320436F756C64206E6F74200A
:1089C000726573657420494D55204649464F3A20DB
:1089D00025640A002320436F756C64206E6F742039
:1089E00073657420494D55204649464F2077617480
:1089F00065726D61726B206C6F7720627974653A75
:108A00002025640A002320436F756C64206E6F7408
:108A10002073657420494D55204649464F207761A3
:108A20007465726D61726B20686967682062797421
:108A3000653A2025640A002320436F756C64206E1C
:108A40006F7420656E61626C6520616363656C2F75
:108A50006779726F204649464F2062617463686986
:108A60006E673A2025640A002320436F756C6420EA
:108A70006E6F7420636C65617220494D55204649C4
:108A8000464F206578747261206461746173657407
:108A900020636F6E6669673A2025640A00232043CD
:108AA0006F756C64206E6F742073746172742049EA
:108AB0004D55204649464F2073747265616D206D97
:108AC0006F64653A2025640A002320436F756C6447
:108AD000206E6F7420726F757465204649464F2072
:108AE00077617465726D61726B20746F20494E54AA
:108AF000313A2025640A0023204F50454E464C4F02
:108B000041545F50524F544F2C310A00232074615E
:108B1000726765743A205365656564205849414F12
:108B2000206E524635344C31352053656E73650ADC
:108B3000002320696D755F6F64725F687A3A202543
:108B4000640A002320626C655F6F75747075745FD2
:108B5000687A3A20256420617665726167656420D1
:108B600073616D706C65732F7320282564207261AA
:108B7000772073616D706C657320617665726167D3
:108B8000656420706572206672616D65290A002334
:108B90002075693A2075736572204C4544207374C2
:108BA000617475732C207573657220627574746FAF
:108BB0006E2063616C6962726174696F6E0A002372
:108BC00020626C653A2025732C20626174636820F2
:108BD0002564206176657261676564206672616DE7
:108BE000657320706572206E6F7469666963617465
:108BF000696F6E0A002320424C45206C697665201F
:108C00006672616D653A202564206279746573200F
:108C1000656163682C2062617463686564207061BB
:108C2000796C6F61642025642062797465732C20EF
:108C30006D616769635B325D3D274F46272C20706D
:108C4000726F746F2075382C2074797065207538B8
:108C50002C20736571207531362C2064745F757318
:108C6000207531362C20616363656C5F64656369D0
:108C70005F6720696E74385B335D2C207175617499
:108C80005F7131306B20696E7431365B345D2C203E
:108C90006D69632075380A002320666F726D6174F8
:108CA0003A204F4653484F542C70726F746F2C7398
:108CB000686F745F69642C757074696D655F757336
:108CC0002C61785F6D672C61795F6D672C617A5FCD
:108CD0006D672C73686F745F636F756E740A002321
:108CE0002073657474696E677320696E6974206699
:108CF00061696C65643A202564202873686F74206C
:108D0000636F756E742077696C6C206E6F74207061
:108D1000657273697374290A00232073686F745F26
:108D2000636F756E7420726573746F7265643A2038
:108D300025640A00232073746F7265645F73686F23
:108D4000747320726573746F7265643A2025752F91
:108D500025750A00232077616B655F73656E736903
:108D600074697669747920726573746F7265643A98
:108D70002025642E2530316420670A002320736C7F
:108D80006565705F74696D656F7574207265737465
:108D90006F7265643A20257520730A002320736C76
:108DA0006565705F73656E7369746976697479203F
:108DB000726573746F7265643A2025642E253032B3
:108DC0006420670A00232063616E745F6F666673B8
:108DD000657420726573746F7265643A0023207045
:108DE000697463685F6F6666736574207265737417
:108DF0006F7265643A0023206275666665725F7201
:108E000061746520726573746F7265643A202564BD
:108E100020487A0A0023206275666665725F6E7666
:108E20007320726573746F7265643A2025730A004B
:108E300023206175746F5F736C6565702072657354
:108E4000746F7265643A2025730A0023207374726C
:108E500065616D7261746520726573746F726564AB
:108E60003A20313131302F256420487A0A002320FE
:108E7000666F6C6C6F775F7468726F75676820726D
:108E80006573746F7265643A202575206D730A00EE
:108E9000232055736572204C4544206E6F742072F8
:108EA000656164790A00232055736572204C45443E
:108EB00020636F6E666967757265206661696C65AF
:108EC000643A2025640A0023205573657220627578
:108ED00074746F6E206E6F742072656164790A001D
:108EE00023205573657220627574746F6E20636FF2
:108EF0006E666967757265206661696C65643A20A3
:108F000025640A002320426C7565746F6F746820B5
:108F1000696E6974206661696C65643A2025640A2B
:108F2000002320494D552049324320627573202586
:108F300073206973206E6F742072656164790A0012
:108F40002320436F756C64206E6F742072656164BA
:108F500020494D552057484F5F414D5F493A2025E4
:108F6000640A002320556E6578706563746564201B
:108F7000494D552057484F5F414D5F493A20307861
:108F8000253032780A002320436F756C64206E6FA1
:108F90007420656E61626C6520494D5520424455D0
:108FA0002F6175746F2D696E6372656D656E743AAD
:108FB0002025640A002320436F756C64206E6F7453
:108FC000207365742072617720616363656C6572DC
:108FD0006F6D6574657220636F6E6669673A2025F0
:108FE000640A002320436F756C64206E6F742073D5
:108FF000657420726177206779726F73636F706533
:1090000020636F6E6669673A2025640A0023204357
:109010006F756C64206E6F7420656E61626C652084
:10902000616363656C65726F6D65746572206869F4
:10903000676820706572666F726D616E63653A2055
:1090400025640A002320436F756C64206E6F7420C2
:10905000656E61626C65206779726F73636F7065AE
:10906000206869676820706572666F726D616E63F3
:10907000653A2025640A002320494D552072656118
:1090800064793A20726177204649464F204932433D
:10909000206F6E202573403078253032782C206187
:1090A0006363656C2B6779726F204F44522025648F
:1090B00020487A2C20616363656C202B2F2D20259E
:1090C00064672C206779726F202B2F2D2025642058
:1090D0006470730A002320494D5520494E5420479F
:1090E00050494F206E6F7420617661696C61626CCB
:1090F000653B207573696E67204649464F20706F47
:109100006C6C696E670A002320436F756C64206E77
:109110006F7420636F6E66696775726520494D557F
:1091200020494E54204750494F3A2025640A0023D5
:1091300020436F756C64206E6F74206164642049F5
:109140004D5520494E542063616C6C6261636B3AEB
:109150002025640A002320436F756C64206E6F74B1
:1091600020656E61626C6520494D5520494E543A28
:109170002025640A002320494D5520494E543120B2
:1091800077617465726D61726B206F6E202573203C
:1091900070696E2025642C204654483D2564207358
:1091A000616D706C65730A0023204350555F4C4F0E
:1091B00041442C6572726F722C25640A002320438F
:1091C00050555F4C4F41442C6163746976655F7004
:1091D00065726D696C6C653D25642C61637469769C
:1091E000655F7063743D25642E253031642C69649D
:1091F0006C655F7063743D25642E253031642C6688
:1092000069666F5F6F76657272756E733D25752C3A
:109210006669666F5F726573796E63733D25752C41
:10922000617564696F5F626C6F636B733D25752C4C
:10923000617564696F5F6661696C757265733D2500
:10924000752C617564696F5F7065616B5F726177C2
:109250003D25750A002320494D55204649464F209B
:1092600072656164206661696C65643A2025640AF0
:10927000004F4653484F542C312C25752C256C6CCF
:10928000752C25642C25642C25642C25642C302C0D
:10929000300A00232073746F7265642073686F74E2
:1092A0002075706C6F61642072657472793A206900
:1092B000643D257520617474656D7074733D25750A
:1092C0002070656E64696E673D25750A0023207302
:1092D000746F7265642073686F742075706C6F6151
:1092E00064206E6F74696679206661696C65643AA2
:1092F0002025642070656E64696E673D25750A00DF
:10930000232073746F7265642073686F74207570A6
:109310006C6F61642073656E743A2069643D2575D5
:109320002070656E64696E673D25750A00232043D1
:10933000616C696272617465643A2063616E743D48
:10934000302070697463683D300A004F46524157BF
:109350002C312C25752C256C6C752C25752C2564D1
:109360002C25642C25642C25642C25642C25642C48
:1093700025642C25642C25642C25642C25642C253F
:10938000642C25642C25640A002320496E616374D3
:1093900069766974792074696D656F757420282504
:1093A0006C6C752073293A20656E746572696E67FE
:1093B000206465657020736C6565700A0023204623
:1093C00061696C656420746F20636F6E6669677590
:1093D000726520494D5520666F722077616B653A42
:1093E0002025642E20526573657474696E6720535E
:1093F0006F432E2E2E0A002320506F776572696E00
:109400006720646F776E2053797374656D204F46C3
:1094100046206E6F772E2057616B65207570206F28
:109420006E206D6F76656D656E742F73686F742E28
:109430000A006F70656E666C6F6174004661696CDE
:10944000656420746F207265626F6F743A20737068
:10945000696E6E696E6720656E646C6573736C7996
:109460002E2E2E0A002A2A2A20426F6F74696E67F8
:10947000206E524620436F6E6E6563742053444BDA
:109480002076332E332E302D6261313637643966C3
:1094900033646234202A2A2A0A002A2A2A20557391
:1094A000696E67205A6570687972204F5320763450
:1094B0002E332E39392D66643932303461303264BE
:1094C0003532202A2A2A0A0072302F61313A2020B0
:1094D000307825303878202072312F61323A2020C0
:1094E000307825303878202072322F61333A2020AE
:1094F0003078253038780A0072332F61343A2020D2
:10950000307825303878207231322F69703A202037
:10951000307825303878207231342F6C723A202020
:109520003078253038780A0020787073723A20201D
:109530003078253038780A004661756C74696E673A
:1095400020696E737472756374696F6E20616464F0
:109550007265737320287231352F7063293A203079
:1095600078253038780A00556E68616E646C6564E1
:10957000204952516E3A2025640A002A2A2A2A2AB2
:10958000205553414745204641554C54202A2A2A0C
:109590002A2A0A0020204469766973696F6E206266
:1095A00079207A65726F0A002020556E616C6967B8
:1095B0006E6564206D656D6F72792061636365739C
:1095C000730A002020537461636B206F76657266A6
:1095D0006C6F772028636F6E746578742061726594
:1095E00061206E6F742076616C6964290A00202006
:1095F0004E6F20636F70726F636573736F72206953
:109600006E737472756374696F6E730A00202049FB
:109610006C6C6567616C206C6F6164206F662045BF
:1096200058435F52455455524E20696E746F205016
:10963000430A002020496C6C6567616C2075736576
:10964000206F662074686520455053520A00202020
:10965000417474656D707420746F206578656375EE
:10966000746520756E646566696E656420696E73E5
:109670007472756374696F6E0A002A2A2A2A2A2076
:10968000425553204641554C54202A2A2A2A2A0A58
:10969000002020537461636B696E67206572726F7E
:1096A000720A002020556E737461636B696E6720C7
:1096B0006572726F720A002020507265636973656B
:1096C000206461746120627573206572726F720A22
:1096D0000020204246415220416464726573733A0F
:1096E00020307825780A002020496D707265636902
:1096F0007365206461746120627573206572726F96
:10970000720A002020496E737472756374696F6EFB
:1097100020627573206572726F720A002020466C99
:109720006F6174696E672D706F696E74206C617AF9
:1097300079207374617465207072657365727661E7
:1097400074696F6E206572726F720A002A2A2A2A63
:109750002A204D5055204641554C54202A2A2A2A69
:109760002A0A002020537461636B696E672065725A
:10977000726F722028636F6E7465787420617265F1
:1097800061206D69676874206265206E6F74207651
:10979000616C6964290A002020446174612041637E
:1097A000636573732056696F6C6174696F6E0A002C
:1097B00020204D4D46415220416464726573733AD6
:1097C00020307825780A002020496E737472756302
:1097D00074696F6E204163636573732056696F6CA3
:1097E0006174696F6E0A00526573657276656420F4
:1097F000457863657074696F6E20280053707572C8
:10980000696F757320696E74657272757074202843
:109810004952512000535053454C20696E207468C2
:1098200072656164206D6F646520646F6573206E7E
:109830006F7420696E646963617465205053500AC7
:10984000002A2A2A2A2A2048415244204641554CBF
:1098500054202A2A2A2A2A0A0020204275732066C8
:1098600061756C74206F6E20766563746F722074FE
:1098700061626C6520726561640A00202044656243
:109880007567206576656E740A0020204661756CE8
:109890007420657363616C6174696F6E20287365F1
:1098A000652062656C6F77290A00415243485F4525
:1098B0005843455054207769746820726561736F0E
:1098C0006E2025780A0A002A2A2A2A2A204465625C
:1098D0007567206D6F6E69746F722065786365704F
:1098E00074696F6E202A2A2A2A2A0A002A2A2A2A1A
:1098F0002A20257320256429202A2A2A2A2A0A00B8
:10990000464C4153485F30005352414D5F30006533
:109910007869740000FFFFFFFFFFFF0000000000F8
:109920000000FFFFFFFFFFFF0000000000004254A7
:10993000204C572057510002FB349B5F8000008071
:1099400000100000000000000104000200000002FE
:109950000000000000000005000000000000000002
:10996000000000000000000562745F74785F707290
:109970006F636573736F7200574553545F544F5054
:109980004449522F7A65706879722F7375627379C2
:10999000732F626C7565746F6F74682F686F737462
:1099A0002F6863695F636F72652E63006576745F0D
:1099B000666C6167732026202831554C203C3C2082
:1099C0002830292900415353455254494F4E2046CF
:1099D00041494C205B25735D20402025733A256466
:1099E0000A0062745F6863695F6576745F676574B7
:1099F0005F666C616773286864722D3E65767429B2
:109A00002026202831554C203C3C20283129290093
:109A1000657272203D3D20300009436F6E74726F95
:109A20006C6C657220756E726573706F6E7369769B
:109A3000652C20636F6D6D616E64206F70636F6461
:109A400065203078253034782074696D656F7574C1
:109A50002077697468206572722025640A00425478
:109A6000205258205751006275660001020470753B
:109A7000626C69630072616E646F6D007075626C18
:109A800069632D69640072616E646F6D2D69640095
:109A900030782530327800253032583A2530325827
:109AA0003A253032583A253032583A253032583A31
:109AB0002530325820282573290000070E091C1B69
:109AC0001215383F363124232A2D060105010401E1
:109AD000070203010502020103020504010101025C
:109AE0000103010401060108010C01100118012005
:109AF000014001806164634064353030300070643F
:109B00006D40643030303000636C6F636B403130D7
:109B100065303030007073612D726E670072726153
:109B20006D2D636F6E74726F6C6C65724035303082
:109B30003462303030006770696F403130613030EE
:109B400030006770696F4064383230300067706988
:109B50006F4035303430300069326340313034305A
:109B60003030006932634063383030300000010427
:109B700005020608090F766261742D707772007213
:109B80006673772D70777200726673772D63746CCD
:109B90000070646D2D696D752D7077720072656748
:109BA000756C61746F724031323030303000536FF9
:109BB000667444657669636520436F6E74726F6C7A
:109BC0006C6572204153534552543A2025732C2022
:109BD00025640A0062745F6863695F736463004DA3
:109BE00050534C204153534552543A2025732C2056
:109BF00025640A004D50534C20576F726B000007CC
:109C00001823232323232323232323232323000174
:109C100002200030013202400350046005640680D7
:109C20000769646C65006D61696E00737973776FA5
:109C3000726B7100141400001C2030401C200000C6
:109C40001C2030400040141400001C2030401C2018
:109C500000001C203040004001030227037D530414
:109C60008DFE99A9F29AADDE5B6AE2746CAC750068
:109C7000FFFFFFFF1F00647261676F6F6E2F6C69DB
:109C800062732F73636865642F7372632F736368E5
:109C900065645F68616C5F74696D65725F6772743B
:109CA000632E6300616E006E66696E6974790028C8
:109CB0006E756C6C29002A666C6F61742A00000056
:109CC000FFFFFFFFFF1F00001F000000000000005B
:109CD0001D40000000000000FFFFFFFF1FFF00000D
:109CE000BAABBABA101010100000000000500850B3
:109CF00000000000000000000C000000010000FF58
:109D00007F0000000000000001AA00000000000029
:109D100035AA000000000000DD2000000000000067
:109D200055AA00000000000013AA00000000000077
:109D3000746B0000FF000000EC91000001000000C7
:109D400000000000C5DE000000000000000100006F
:109D50000000000000000000000000000000000003
:109D600000000000000000000000000000000000F3
:109D700000000000C1D90000000000000001000048
:109D800000000000000000000000000000000000D3
:109D900000000000000000000000000000000000C3
:109DA00000000000000000000000000000000000B3
:109DB00000000000000000000000000000000000A3
:109DC0000000000000000000000000000000000093
:109DD0000000000000000000000000000000000083
:109DE0000000000000000000000000000000000073
:109DF0000000000000000000000000000000000063
:109E00000000000000000000000000000000000052
:109E10000000000000000000000000000000000042
:109E20000000000000000000000000000000000032
:109E30000000000000000000000000000000000022
:109E40000000000000000000000000000000000012
:109E50000000000000000000000000000000000002
:109E600000000000000000000131010000000000BF
:109E700000000000000000000000000000000000E2
:109E800000000000000000000000000000000000D2
:109E900000000000000000000000000000000000C2
:109EA00000000000000000000000000000000000B2
:109EB00000000000000000000000000000000000A2
:109EC0000000000000000000000000000000000092
:109ED0000000000000000000000000000000000082
:109EE0000000000000000000000000000000000072
:109EF0000000000000000000000000000000000062
:109F00000000000000000000000000000000000051
:109F10000000000000000000000000004862020095
:109F200000000000C4020020C40200200000000065
:109F300001000000D4020020D40200200000000034
:109F4000E0020020E002002000000000010000000C
:109F5000F0020020F00200200000000000000000DD
:109F600000000000000000000000000000000000F1
:109F700000000000000000000000000000000000E1
:109F800000000000000000000000000000000000D1
:109F900000000000000000000000000000000000C1
:109FA00000000000000000000000000000000000B1
:109FB00000000000000000000000000000000000A1
:109FC0000000000000000000000000000000000091
:109FD0000000000000000000000000000000000081
:109FE0000000000059D40000000000000001000043
:109FF0000000000000000000000000000000000061
:10A000000000000000000000000000000000000050
:10A0100000000000670000000000000000000000D9
:10A020000000000000000000000000000000000030
:10A030000000000000000000000000000000000020
:10A040000000000000000000000000000000000010
:10A050000000000000000000000000000000000000
:10A0600000000000000000000000000000000000F0
:10A0700000000000000000000000000000000000E0
:10A0800000000000000000000000000000000000D0
:10A0900000000000000000000000000000000000C0
:10A0A0006E08002000000C0000000000000000000E
:10A0B0000000000015D900000000000000000000B2
:10A0C0007F080020000010000000000000000000D9
:10A0D000000000008BF40100000000000000000000
:10A0E000587B020000001200DC05000001000000A7
:10A0F0000100000001000000340000009A99193EA0
:10A1000000000040A470EB42E093040097F90100C6
:10A1100011120100CF0D0200A50D02000000000089
:10A12000D70B0200000000005F0A02002874020042
:10A1300000000000E70E0200000000000000000028
:10A1400000C01050000000000000000000000000EF
:10A1500000000000000000000000000000000000FF
:10A1600000000000000000000000000000000000EF
:10A1700000000000000000000000000000000000DF
:10A1800000000000000000000000000000000000CF
:10A1900000000000000000000000000000000000BF
:10A1A00000000000000000000000000000000000AF
:10A1B000000000000001000000A00D5000000000A1
:10A1C000000000000000000000000000000000008F
:10A1D000000000000000000000000000000000007F
:10A1E000000000000000000000000000000000006F
:10A1F000000000000000000000000000000000005F
:10A20000000000000000000000000000000000004E
:10A21000000000000000000000000000000000003E
:10A22000000000000000000000000000000000002E
:10A2300000000000053201000000000000000000E6
:10A2400000000000A1260100000000000000000046
:10A2500000000000A93E0100000000000000000016
:10A26000000000009D3B0100000000000000000015
:10A270001006002010060020000000000000000072
:10A28000F1490100E155010000000000000000005C
:10A2900000000000AD4E0100A5240200DB230200F7
:10A2A000494901000000000000000000894D010044
:10A2B00000000000000000006C7B020000000200B3
:10A2C000787B020000000A00887B0200000020006A
:10A2D000000000000000000000000000000000007E
:10A2E000B5290200000000009C7B02000000020073
:10A2F000A87B020000000200B47B02000000020004
:10A300008000000000000000AF2E020000000000EE
:10A3100000000D50000000000000000000000000E0
:10A32000000000000000000000000000000000002D
:10A33000000000000000000000000000000000001D
:10A34000000000000000000000000000000000000D
:10A3500000000000000000000000000000000000FD
:10A3600000000000000000000000000000000000ED
:10A3700000000000000000000000000000000000DD
:10A3800000000000000000000000000000000000CD
:10A3900000000000000000000000000000000000BD
:10A3A00000000000000000000000000000000000AD
:10A3B000000000000000000000000000D531020095
:10A3C000000000000000000000000000D531020085
:10A3D000000000000000000000000000D531020075
:10A3E000000000008001000000000000AB3402000B
:10A3F00000000000000000000000000000000F0F3F
:10A4000000000101DD310200100000009572010022
:10A4100054780200DB940120FFFF000000000000E0
:10A42000000000008001000000000000AB340200CA
:10A43000000000000000000000000000006018069E
:10A4400000000101DD310200100000007572010002
:10A4500080780200EB940120FFFF00000000000064
:10A46000000000009174010000000000FF000000E7
:10A470000090D003FF0000000F00000071020000F8
:10A480002008002020080020894D0200854D020090
:10A490006F5C020067742000440900208C090020D2
:10A4A0005C0900207C0A00206C0A0020740900204E
:10A4B000F15A0200F55A0200015B0200010000009F
:10A4C00000002D9A4C4F5A0F103B3F8F0664020339
:10A4D00000000000002D9A4C4F5A0F103B3F8F0296
:10A4E0000200000000002D9A4C4F5A0F103B3F8F86
:10A4F000020100000000002D9A4C4F5A0F103B3F04
:10A500008F000000000000000000000000000000BC
:10A51000000000000000000000000000000000003B
:10A5200000000000C4080020C4080020E44F0220FE
:10A5300000000000010000003000000000000000EA
:10A5400000000000E4080020E4080020A82D0220FC
:10A5500000000000400000001C000000000000009F
:10A56000000000000409002004090020B0C30120FD
:10A570000000000001000000B80000000000000022
:10A5800000000000240900202409002014500220AB
:10A5900000000000060000001000000000000000A5
:10A5A00000000000440900204409002000000000D1
:10A5B000000000000E000000000000005C09002008
:10A5C0005C09002000000000000000000E000000F8
:10A5D0000000000074090020740900200000000041
:10A5E000000000000E000000000000008C090020A8
:10A5F0008C09002000000000000000000E00000098
:10A6000000000000A4090020A409002000000000B0
:10A61000000000000E00000000000000BC09002047
:10A62000BC09002000000000000000000E00000037
:10A6300000000000D4090020D40900200000000020
:10A64000000000000E00000000000000EC090020E7
:10A65000EC09002000000000000000000E000000D7
:10A6600000000000040A0020040A0020000000008E
:10A67000000000000E000000000000001C0A002086
:10A680001C0A002000000000000000000E00000076
:10A6900000000000340A0020340A002000000000FE
:10A6A00001000000440A0020440A002000000000CD
:10A6B000500A0020500A002000000000FFFFFFFFAA
:10A6C000600A0020600A0020000000006C0A0020E0
:10A6D0006C0A002000000000000000007C0A00203E
:10A6E0007C0A0020000000000000000000000000C4
:10A6F00000000000940A0020940A00209C0A002018
:10A700009C0A002000000000000000000000000083
:10A71000B00A0020B00A0020B80A0020B80A0020C1
:10A72000000000000600060010000000000000000D
:10A7300088750200C84802200000000000000000E8
:10A74000E00A0020E00A0020E80A0020E80A0020D1
:10A75000000000000600060010000000A1490100F2
:10A7600024760200F44E02200000000000000000E9
:10A77000100B0020100B0020180B0020180B0020DD
:10A7800000000000030003000000000000000000C3
:10A79000A0740200EC400220000000000000000055
:10A7A000400B0020400B0020480B0020480B0020ED
:10A7B000000000000100010010000000113B01003A
:10A7C00074750200704302200000000000000000C9
:10A7D000700B0020700B0020780B0020780B0020FD
:10A7E0000000000003000300000000000000000063
:10A7F00060750200284302200000000000000000F5
:10A80000A00B0020A00B0020A80B0020A80B00200C
:10A81000000000000C000C0004000000C123010037
:10A820008C740200103F02200000000000000000B5
:10A83000D00B0020D00B0020D80B0020D80B00201C
:10A840000000000001000100000000000000000006
:10A85000B47402003842022015E015E04F46504122
:10A8600044005AA5000000000000000000000000A5
:0CA87000000000000000000000000000DC
:00000001FF
